rainfall_mm,temperature_c,relative_humidity_pct,avg_cpr,avg_ie,avg_lsprate,avg_rorwe,avg_tprate
8.842750935101993,31.394643504415225,22.378963868430187,4.7283113e-05,-3.764435e-05,2.8730963e-05,0.0,7.600932e-05
8.846787876450854,30.95173909690356,21.902949909381867,4.7283113e-05,-3.764435e-05,2.8730963e-05,0.0,7.600932e-05
7.347709096517951,29.582232290903484,20.45951336135426,4.7283113e-05,-3.764435e-05,2.8730963e-05,0.0,7.600932e-05
4.392728955385031,20.007792773686038,10.705643388732504,3.245933e-05,-3.9319228e-05,2.868748e-05,2.6555455e-05,6.114751e-05
2.7915358809239192,22.805699687656652,13.29883854548259,3.245933e-05,-3.9319228e-05,2.868748e-05,2.6555455e-05,6.114751e-05
2.5047426059460918,30.8973161608761,21.289283538348823,3.245933e-05,-3.9319228e-05,2.868748e-05,2.6555455e-05,6.114751e-05
2.4499641383565343,31.57961824702117,22.032863147341224,3.245933e-05,-3.9319228e-05,2.868748e-05,2.6555455e-05,6.114751e-05
2.4647422203370226,31.512848494196582,22.003035128986234,7.2461858e-06,-1.3150638e-05,3.452118e-06,2.545734e-07,1.0696971e-05
2.5033185516523346,32.97463810588825,23.443195927968226,7.2461858e-06,-1.3150638e-05,3.452118e-06,2.545734e-07,1.0696971e-05
2.56604403655574,33.27261597192766,23.827030810164654,7.2461858e-06,-1.3150638e-05,3.452118e-06,2.545734e-07,1.0696971e-05
2.6302807234026147,33.19372806848417,23.950606948675432,7.2461858e-06,-1.3150638e-05,3.452118e-06,2.545734e-07,1.0696971e-05
7.454513168549725,31.364500443450428,22.19336598156789,4.835422e-05,-4.004822e-05,3.2189364e-05,6.764556e-06,8.0542064e-05
7.261193845679251,28.062732811475726,18.87504646589288,4.835422e-05,-4.004822e-05,3.2189364e-05,6.764556e-06,8.0542064e-05
5.362036015887093,27.753028959241124,18.506550726873098,4.835422e-05,-4.004822e-05,3.2189364e-05,6.764556e-06,8.0542064e-05
3.0030104500057844,19.6614298384298,10.145159063741179,4.585514e-05,-4.2599182e-05,3.530601e-05,4.6055444e-05,8.116007e-05
2.627602668414761,28.67942852735896,18.81888674661628,4.585514e-05,-4.2599182e-05,3.530601e-05,4.6055444e-05,8.116007e-05
2.370844098253191,25.512266224501598,15.613231789611692,4.585514e-05,-4.2599182e-05,3.530601e-05,4.6055444e-05,8.116007e-05
2.2490583426522193,31.1697886862299,21.42559827247137,4.585514e-05,-4.2599182e-05,3.530601e-05,4.6055444e-05,8.116007e-05
2.3106485944549418,31.69839856553426,22.02884741449119,1.5319472e-05,-4.324659e-05,3.9344145e-06,2.7195333e-06,1.9251349e-05
2.3696413835653414,33.12177264489261,23.412942582809546,1.5319472e-05,-4.324659e-05,3.9344145e-06,2.7195333e-06,1.9251349e-05
2.4393163151197315,33.84371225851232,24.177234797362434,1.5319472e-05,-4.324659e-05,3.9344145e-06,2.7195333e-06,1.9251349e-05
2.6161836270389083,33.494551343847604,24.05409786758185,1.5319472e-05,-4.324659e-05,3.9344145e-06,2.7195333e-06,1.9251349e-05
2.9648467203948634,33.32067982878957,24.283197470404506,1.9195108e-05,-3.7654958e-05,3.3407166e-06,1.2256086e-06,2.2536777e-05
7.219043303898508,31.683334747233257,22.418739058342652,4.7111855e-05,-3.899929e-05,3.057915e-05,6.6035473e-06,7.76903e-05
6.253917788146377,31.08814059306675,21.87442524968187,4.7111855e-05,-3.899929e-05,3.057915e-05,6.6035473e-06,7.76903e-05
5.443831026105734,31.099726217560637,21.865935294798135,4.7111855e-05,-3.899929e-05,3.057915e-05,6.6035473e-06,7.76903e-05
3.6134774225889794,30.48241969691127,20.970941271738713,4.7111855e-05,-3.899929e-05,3.057915e-05,6.6035473e-06,7.76903e-05
2.0473466239925964,29.675415493772416,19.891780357073998,1.2444231e-05,-2.1469285e-05,1.1160859e-05,7.3487004e-06,2.3601915e-05
2.0527347395210733,30.436243782053754,20.49070566459723,1.2444231e-05,-2.1469285e-05,1.1160859e-05,7.3487004e-06,2.3601915e-05
1.940471985501099,30.554602629853854,20.57343809046389,1.2444231e-05,-2.1469285e-05,1.1160859e-05,7.3487004e-06,2.3601915e-05
1.8757428758724406,30.55286623221378,20.530110669802955,1.2444231e-05,-2.1469285e-05,1.1160859e-05,7.3487004e-06,2.3601915e-05
2.0572567770793966,31.73845794933097,21.793510970578026,7.860196e-06,-1.8797062e-05,3.0760186e-06,4.0475933e-07,1.0937802e-05
2.286564608799599,33.51190799367601,23.72485867427602,7.860196e-06,-1.8797062e-05,3.0760186e-06,4.0475933e-07,1.0937802e-05
2.353611614545174,34.11007827864111,24.361402074576795,7.860196e-06,-1.8797062e-05,3.0760186e-06,4.0475933e-07,1.0937802e-05
2.5411703235260092,33.76490803223692,24.243816372961092,7.860196e-06,-1.8797062e-05,3.0760186e-06,4.0475933e-07,1.0937802e-05
2.8595241584082056,33.56008946130413,24.398995873982958,1.1168857e-05,-3.5038112e-05,3.51788e-06,5.28539e-07,1.4687498e-05
3.2620398719777888,33.26454016118459,24.44297343153511,1.1168857e-05,-3.5038112e-05,3.51788e-06,5.28539e-07,1.4687498e-05
3.672385377704084,33.29171518914125,24.518708595226162,1.1168857e-05,-3.5038112e-05,3.51788e-06,5.28539e-07,1.4687498e-05
6.9816685304438355,32.046479774804304,22.635006362549646,5.951965e-05,-3.5989106e-05,2.3574685e-05,3.9663082e-05,8.309192e-05
5.815524235530019,31.257936991478037,21.774640033933597,5.951965e-05,-3.5989106e-05,2.3574685e-05,3.9663082e-05,8.309192e-05
3.9886923996452395,29.432407357421045,19.90694597616936,5.951965e-05,-3.5989106e-05,2.3574685e-05,3.9663082e-05,8.309192e-05
2.420736127713724,30.555804958932633,20.86942312883199,5.951965e-05,-3.5989106e-05,2.3574685e-05,3.9663082e-05,8.309192e-05
2.003140400262214,29.748619133922027,19.872928315273978,9.105483e-06,-1.5268475e-05,5.8992096e-06,2.0542655e-06,1.5003613e-05
1.9804889523001579,30.04258088150233,20.03456484016504,9.105483e-06,-1.5268475e-05,5.8992096e-06,2.0542655e-06,1.5003613e-05
1.7312100412601705,31.313256082983074,21.19252612501446,9.105483e-06,-1.5268475e-05,5.8992096e-06,2.0542655e-06,1.5003613e-05
1.7899444722939883,32.116179770948214,21.990343577680946,9.105483e-06,-1.5268475e-05,5.8992096e-06,2.0542655e-06,1.5003613e-05
1.9601634982454788,33.18504299541125,23.09932711217368,5.511938e-06,-1.419503e-05,2.8986012e-06,3.605478e-08,8.410285e-06
2.172988855897891,33.81637141865576,23.795051093201714,5.511938e-06,-1.419503e-05,2.8986012e-06,3.605478e-08,8.410285e-06
2.2798881733698377,34.406934407897275,24.641370454633094,5.511938e-06,-1.419503e-05,2.8986012e-06,3.605478e-08,8.410285e-06
2.4982042185632207,34.19015771410943,24.62516677592257,5.511938e-06,-1.419503e-05,2.8986012e-06,3.605478e-08,8.410285e-06
2.8417525932209924,33.75234681679713,24.50313345929896,1.0024435e-05,-3.3554654e-05,3.3267518e-06,2.105523e-07,1.3350298e-05
3.24523965603671,33.47959780974049,24.513072533065976,1.0024435e-05,-3.3554654e-05,3.3267518e-06,2.105523e-07,1.3350298e-05
3.566035167547141,33.418483013920486,24.546524505456368,1.0024435e-05,-3.3554654e-05,3.3267518e-06,2.105523e-07,1.3350298e-05
7.085902518027224,32.37183164308024,22.66703466625535,5.2164156e-05,-3.606188e-05,2.693876e-05,3.8336893e-05,7.910152e-05
5.366334400185092,31.70533760074037,21.969265800331623,5.2164156e-05,-3.606188e-05,2.693876e-05,3.8336893e-05,7.910152e-05
3.0547264103651717,29.794227432229203,20.007257933906605,5.2164156e-05,-3.606188e-05,2.693876e-05,3.8336893e-05,7.910152e-05
3.312156711525855,26.582493348243553,16.71135001735241,5.2164156e-05,-3.606188e-05,2.693876e-05,3.8336893e-05,7.910152e-05
3.097147264103652,29.913502872787568,19.894080129564646,8.2110955e-06,-2.0737505e-05,4.428898e-06,1.0330837e-06,1.2638597e-05
1.8538661165310608,30.090601164539393,19.923826784405968,8.2110955e-06,-2.0737505e-05,4.428898e-06,1.0330837e-06,1.2638597e-05
1.8034257509736629,31.036726564608802,20.757690201673544,8.2110955e-06,-2.0737505e-05,4.428898e-06,1.0330837e-06,1.2638597e-05
1.8924432190645126,32.316944048124014,22.0483133459299,8.2110955e-06,-2.0737505e-05,4.428898e-06,1.0330837e-06,1.2638597e-05
2.023544904176146,33.227304592604014,22.958093934369337,5.444843e-06,-1.6968355e-05,2.8846364e-06,3.1674887e-08,8.32675e-06
2.0552732040257586,33.88601395904832,23.603976786334016,5.444843e-06,-1.6968355e-05,2.8846364e-06,3.1674887e-08,8.32675e-06
2.2177657810511704,34.25970693710716,24.24799560405661,5.444843e-06,-1.6968355e-05,2.8846364e-06,3.1674887e-08,8.32675e-06
2.4710288049974936,33.91960590753094,24.213026645586705,5.444843e-06,-1.6968355e-05,2.8846364e-06,3.1674887e-08,8.32675e-06
2.860335094281418,33.63686037095592,24.33425481047314,9.5442965e-06,-3.253538e-05,2.4034828e-06,2.816145e-07,1.1947716e-05
3.3328245864342727,33.49724019588941,24.510199359888944,9.5442965e-06,-3.253538e-05,2.4034828e-06,2.816145e-07,1.1947716e-05
3.5465110091389347,33.47002467898045,24.584232059538042,9.5442965e-06,-3.253538e-05,2.4034828e-06,2.816145e-07,1.1947716e-05
8.198379670689855,32.02631511973162,22.29613195542359,4.0754596e-05,-4.134666e-05,2.7999457e-05,0.0,6.8751644e-05
7.634965487988278,24.838159873520226,15.049441252458257,5.421103e-05,-3.562193e-05,3.181117e-05,4.6508507e-05,8.6024294e-05
5.615102764817028,33.579265029113486,23.670633941310303,5.421103e-05,-3.562193e-05,3.181117e-05,4.6508507e-05,8.6024294e-05
3.517323873057494,19.393823699533414,9.457571819689198,5.421103e-05,-3.562193e-05,3.181117e-05,4.6508507e-05,8.6024294e-05
3.988584814714842,25.062484093625883,15.080661319554235,5.421103e-05,-3.562193e-05,3.181117e-05,4.6508507e-05,8.6024294e-05
3.379137392511472,30.083642077661665,19.933681409786757,2.3371178e-05,-3.6755704e-05,7.0191927e-06,7.4944114e-06,3.0392148e-05
1.9740492808390853,29.74099062969961,19.380143060964794,2.3371178e-05,-3.6755704e-05,7.0191927e-06,7.4944114e-06,3.0392148e-05
1.949649095746732,30.25865229630201,19.863324721397447,2.3371178e-05,-3.6755704e-05,7.0191927e-06,7.4944114e-06,3.0392148e-05
2.095075772182162,31.465850846411907,21.08072301700536,2.3371178e-05,-3.6755704e-05,7.0191927e-06,7.4944114e-06,3.0392148e-05
2.2040515944935026,33.29039370685999,22.87965680792812,1.0716585e-05,-2.4438126e-05,3.1590462e-06,1.9388966e-07,1.3872331e-05
2.1620703350942816,29.544466895461383,19.10395557783519,1.0716585e-05,-2.4438126e-05,3.1590462e-06,1.9388966e-07,1.3872331e-05
2.365143253769329,33.414324605714725,23.036177457293793,1.0716585e-05,-2.4438126e-05,3.1590462e-06,1.9388966e-07,1.3872331e-05
2.6012000154243626,34.3012412755948,24.438562449388808,1.0716585e-05,-2.4438126e-05,3.1590462e-06,1.9388966e-07,1.3872331e-05
2.837196622064551,33.71852003239116,24.443748891373925,9.66795e-06,-3.2257438e-05,1.8972559e-06,2.456232e-07,1.1566221e-05
3.2906597771179578,33.122041028805,24.245592488335323,9.66795e-06,-3.2257438e-05,1.8972559e-06,2.456232e-07,1.1566221e-05
3.5869047159989202,33.367478887903445,24.54176146222959,9.66795e-06,-3.2257438e-05,1.8972559e-06,2.456232e-07,1.1566221e-05
7.24812362626769,29.050379824933483,19.261360814406356,4.548977e-05,-4.096031e-05,3.1093503e-05,0.0,7.658657e-05
6.0069621717502795,28.402514942351445,18.537074769598583,5.1343213e-05,-3.5516656e-05,3.0847084e-05,4.706285e-05,8.21922e-05
4.430150773146185,28.465215748274396,18.505683492075732,5.1343213e-05,-3.5516656e-05,3.0847084e-05,4.706285e-05,8.21922e-05
3.1107241738325686,27.053748505764855,17.068485713183975,5.1343213e-05,-3.5516656e-05,3.0847084e-05,4.706285e-05,8.21922e-05
2.6589731230478537,27.737129140477382,17.538614892222267,5.1343213e-05,-3.5516656e-05,3.0847084e-05,4.706285e-05,8.21922e-05
2.2268248949215286,25.653676396868857,15.292619056800216,2.3932185e-05,-3.785931e-05,7.0717515e-06,7.851563e-06,3.1002794e-05
2.1223714957775806,29.203695291713263,18.781443334747234,2.3932185e-05,-3.785931e-05,7.0717515e-06,7.851563e-06,3.1002794e-05
2.146818339567347,30.478792658003318,20.023966760498208,2.3932185e-05,-3.785931e-05,7.0717515e-06,7.851563e-06,3.1002794e-05
2.572186017815139,31.84680947055875,21.26979639841129,2.3932185e-05,-3.785931e-05,7.0717515e-06,7.851563e-06,3.1002794e-05
2.6632988855897892,33.0139883546061,22.41168009871592,1.2594353e-05,-2.9165643e-05,3.260482e-06,2.2359676e-07,1.5852296e-05
2.384856360621602,33.396725407781595,22.89427409092662,1.2594353e-05,-2.9165643e-05,3.260482e-06,2.2359676e-07,1.5852296e-05
2.449286623221378,34.2977160374812,23.86178575560097,1.2594353e-05,-2.9165643e-05,3.260482e-06,2.2359676e-07,1.5852296e-05
2.6253017390969036,34.2070871090888,24.14144680522886,1.2594353e-05,-2.9165643e-05,3.260482e-06,2.2359676e-07,1.5852296e-05
2.7621428295993518,33.739213357498166,24.25590560289978,1.11559075e-05,-3.0940628e-05,1.9482277e-06,1.2968295e-07,1.3102993e-05
3.1356395326418074,32.96877453437705,24.047670921220067,1.11559075e-05,-3.0940628e-05,1.9482277e-06,1.2968295e-07,1.3102993e-05
5.479890487024255,31.106967184668182,21.282505687733774,5.044616e-05,-4.0326257e-05,3.6846017e-05,0.0,8.729103e-05
3.523024331932287,27.937104075887866,17.931442563529092,3.8726324e-05,-3.705672e-05,3.258419e-05,4.438378e-05,7.131026e-05
2.475578220799753,28.22734778081981,18.1464975128215,3.8726324e-05,-3.705672e-05,3.258419e-05,4.438378e-05,7.131026e-05
2.141910692939498,28.448203447345083,18.219987274900706,3.8726324e-05,-3.705672e-05,3.258419e-05,4.438378e-05,7.131026e-05
2.2717626190568003,28.204738364246328,17.86557205105464,3.8726324e-05,-3.705672e-05,3.258419e-05,4.438378e-05,7.131026e-05
2.2589785215748273,24.931649635599427,14.466753557243667,9.968892e-06,-3.0803225e-05,3.846563e-06,1.0878324e-06,1.3815963e-05
2.1793795550071335,28.339017468090848,17.787524775382717,9.968892e-06,-3.0803225e-05,3.846563e-06,1.0878324e-06,1.3815963e-05
2.317483515212278,30.82992866232214,20.185566652527665,9.968892e-06,-3.0803225e-05,3.846563e-06,1.0878324e-06,1.3815963e-05
2.683316237997918,31.987291096286587,21.317893032044115,9.968892e-06,-3.0803225e-05,3.846563e-06,1.0878324e-06,1.3815963e-05
2.7721783056337483,32.34893533335904,21.67516831835885,1.0048937e-05,-2.7443595e-05,2.782883e-06,2.939607e-07,1.2830296e-05
2.4277276057532875,32.37304939652181,21.723815987352022,1.0048937e-05,-2.7443595e-05,2.782883e-06,2.939607e-07,1.2830296e-05
2.4245640689469017,31.402981143716502,21.01280029306289,1.0048937e-05,-2.7443595e-05,2.782883e-06,2.939607e-07,1.2830296e-05
2.576163189758223,33.81470211699379,23.696560367099835,1.0048937e-05,-2.7443595e-05,2.782883e-06,2.939607e-07,1.2830296e-05
2.7242239617475805,33.668484556356766,23.938290594994793,1.257785e-05,-3.21832e-05,2.2450447e-06,1.7119673e-07,1.4819022e-05
3.0047372074191188,33.55678170670574,24.137079782516484,1.257785e-05,-3.21832e-05,2.2450447e-06,1.7119673e-07,1.4819022e-05
3.30614930783172,33.666241854008405,24.325976554968573,1.257785e-05,-3.21832e-05,2.2450447e-06,1.7119673e-07,1.4819022e-05
10.580239077623107,30.553070219411563,20.876556125400068,4.6048746e-05,-3.9255912e-05,4.1083913e-05,0.0,8.713285e-05
8.032543091813519,27.30096787876451,17.571426367948174,4.6048746e-05,-3.9255912e-05,4.1083913e-05,0.0,8.713285e-05
4.581183434234373,26.817819766320905,16.926591215825397,4.6048746e-05,-3.9255912e-05,4.1083913e-05,0.0,8.713285e-05
2.876833378321058,27.07023367909613,16.94623915474492,2.3746452e-05,-3.3003475e-05,2.6910831e-05,3.0088635e-05,5.0655442e-05
2.2277700227509354,28.386448154860602,18.09094088612964,2.3746452e-05,-3.3003475e-05,2.6910831e-05,3.0088635e-05,5.0655442e-05
2.065520765048394,28.789810280337793,18.353268808082365,2.3746452e-05,-3.3003475e-05,2.6910831e-05,3.0088635e-05,5.0655442e-05
2.227640072494505,28.76474453399144,18.26329734315351,2.3746452e-05,-3.3003475e-05,2.6910831e-05,3.0088635e-05,5.0655442e-05
2.205415879381483,29.41261635753673,18.78765241198473,9.829371e-06,-3.1019685e-05,2.7908177e-06,1.6694379e-07,1.2625647e-05
2.1583765858172983,30.242919060656305,19.485894034627695,9.829371e-06,-3.1019685e-05,2.7908177e-06,1.6694379e-07,1.2625647e-05
2.3157760382524195,28.598346508309877,17.75867697528246,9.829371e-06,-3.1019685e-05,2.7908177e-06,1.6694379e-07,1.2625647e-05
2.396697643928585,31.262531909150503,20.458698183781284,9.829371e-06,-3.1019685e-05,2.7908177e-06,1.6694379e-07,1.2625647e-05
2.415926040180465,31.83270311957737,21.05424247098292,1.0162306e-05,-2.5733281e-05,3.0588799e-06,3.8352638e-07,1.3220805e-05
2.3793197856013575,32.29438167585702,21.521912620984846,1.0162306e-05,-2.5733281e-05,3.0588799e-06,3.8352638e-07,1.3220805e-05
2.464973200169668,33.36287934292215,22.83351675471407,1.0162306e-05,-2.5733281e-05,3.0588799e-06,3.8352638e-07,1.3220805e-05
2.6243365595958816,33.5107237882235,23.23406123472024,1.0162306e-05,-2.5733281e-05,3.0588799e-06,3.8352638e-07,1.3220805e-05
2.7699352176763194,33.60405429375699,23.606543014691706,9.419819e-06,-3.23192e-05,2.3057285e-06,1.8605029e-07,1.1723897e-05
2.9019168626846104,33.49974202753249,23.668047275671924,9.419819e-06,-3.23192e-05,2.3057285e-06,1.8605029e-07,1.1723897e-05
2.992901708248178,33.889840743454286,24.144423321636523,9.419819e-06,-3.23192e-05,2.3057285e-06,1.8605029e-07,1.1723897e-05
11.029666062545791,30.62707785447114,20.956439671461073,4.5316414e-05,-3.7667294e-05,4.4924574e-05,0.0,9.023813e-05
11.268818879420046,28.56095245440173,18.975526934793507,4.5316414e-05,-3.7667294e-05,4.4924574e-05,0.0,9.023813e-05
7.619500636254965,24.653921258628003,15.033869587012688,4.5316414e-05,-3.7667294e-05,4.4924574e-05,0.0,9.023813e-05
3.7597767323487448,25.7985296726179,15.898333011992442,4.5316414e-05,-3.7667294e-05,4.4924574e-05,0.0,9.023813e-05
2.315697374002237,26.78505996221031,16.52526549184437,1.3867633e-05,-3.275428e-05,1.8658411e-05,8.960247e-06,3.252522e-05
2.1174341572513784,27.66668530443836,17.173414953919714,1.3867633e-05,-3.275428e-05,1.8658411e-05,8.960247e-06,3.252522e-05
2.0955562410827904,27.860062468669263,17.319449735857788,1.3867633e-05,-3.275428e-05,1.8658411e-05,8.960247e-06,3.252522e-05
2.269878918752169,28.843408012956463,18.23304515482204,1.3867633e-05,-3.275428e-05,1.8658411e-05,8.960247e-06,3.252522e-05
2.257159989202946,30.32005784136043,19.55025912929472,1.0160275e-05,-2.2275284e-05,3.4232362e-06,7.125262e-08,1.3582623e-05
2.1869201403617016,29.849930975976555,18.893222534994024,1.0160275e-05,-2.2275284e-05,3.4232362e-06,7.125262e-08,1.3582623e-05
2.2753834882196426,30.663158138279414,19.69140785871284,1.0160275e-05,-2.2275284e-05,3.4232362e-06,7.125262e-08,1.3582623e-05
2.3314641576369874,27.200392164423707,16.299538040334706,1.0160275e-05,-2.2275284e-05,3.4232362e-06,7.125262e-08,1.3582623e-05
2.358144063548375,29.688003316237996,18.835238884818573,1.1495381e-05,-2.4659303e-05,4.3305727e-06,4.4281364e-07,1.5826652e-05
2.352452473682181,32.32962711602977,21.48825357652412,1.1495381e-05,-2.4659303e-05,4.3305727e-06,4.4281364e-07,1.5826652e-05
2.478759495623337,32.43013072147457,21.626420005398526,1.1495381e-05,-2.4659303e-05,4.3305727e-06,4.4281364e-07,1.5826652e-05
2.695338757567578,33.1713677553696,22.707738017198164,1.1495381e-05,-2.4659303e-05,4.3305727e-06,4.4281364e-07,1.5826652e-05
2.8505510353603514,33.28659931361586,23.129781359657578,9.867266e-06,-2.6198939e-05,2.0951127e-06,2.677131e-07,1.1961173e-05
2.9389337909227624,33.46023869201404,23.45306057918482,9.867266e-06,-2.6198939e-05,2.0951127e-06,2.677131e-07,1.1961173e-05
2.959597424131416,33.76150348976208,23.794597231326883,9.867266e-06,-2.6198939e-05,2.0951127e-06,2.677131e-07,1.1961173e-05
11.082770215555469,30.47980333937454,20.738192264682066,4.366843e-05,-3.441754e-05,4.0633862e-05,2.5658403e-05,8.430572e-05
10.721269810665946,29.590927389812208,19.967233254926157,4.366843e-05,-3.441754e-05,4.0633862e-05,2.5658403e-05,8.430572e-05
7.108046118844715,29.79029344850191,20.117865653800177,4.366843e-05,-3.441754e-05,4.0633862e-05,2.5658403e-05,8.430572e-05
3.3001206956387614,24.6163849149732,14.607198550109898,4.366843e-05,-3.441754e-05,4.0633862e-05,2.5658403e-05,8.430572e-05
2.245525777966298,27.143065206493656,16.790477769637143,9.73898e-06,-2.7496106e-05,1.33325875e-05,2.7910082e-06,2.3073027e-05
2.048053445417036,27.474035784521654,16.906850345120116,9.73898e-06,-2.7496106e-05,1.33325875e-05,2.7910082e-06,2.3073027e-05
2.026347510893456,27.180069409632516,16.570969806809856,9.73898e-06,-2.7496106e-05,1.33325875e-05,2.7910082e-06,2.3073027e-05
2.365718196891991,29.033649018624917,18.2865152508387,9.73898e-06,-2.7496106e-05,1.33325875e-05,2.7910082e-06,2.3073027e-05
2.3587274900705664,30.227190066710367,19.340226352523814,1.2152238e-05,-2.2760314e-05,3.4829045e-06,1.9138233e-07,1.563292e-05
2.3217583773570354,31.07310145374619,20.098354606100337,1.2152238e-05,-2.2760314e-05,3.4829045e-06,1.9138233e-07,1.563292e-05
2.21860293834111,28.866738518489957,17.883220606948676,1.2152238e-05,-2.2760314e-05,3.4829045e-06,1.9138233e-07,1.563292e-05
2.132668029152046,29.653080245247367,18.683770871090886,1.2152238e-05,-2.2760314e-05,3.4829045e-06,1.9138233e-07,1.563292e-05
2.2503917788146377,31.797980950911967,20.87116261134462,1.2143415e-05,-2.9937393e-05,3.0768438e-06,4.678552e-07,1.521791e-05
2.2837994061620326,30.70950989087263,19.84173871129449,1.2143415e-05,-2.9937393e-05,3.0768438e-06,4.678552e-07,1.521791e-05
2.386139667604982,32.40554043111094,21.567583773570355,1.2143415e-05,-2.9937393e-05,3.0768438e-06,4.678552e-07,1.521791e-05
2.6923888481857094,30.693520610804764,20.051423668684688,1.2143415e-05,-2.9937393e-05,3.0768438e-06,4.678552e-07,1.521791e-05
2.906399568117842,32.31663787452281,21.962532294759573,1.4337234e-05,-3.8585193e-05,2.2701815e-06,9.738599e-07,1.6607797e-05
3.018689314772683,33.57188100104114,23.507544055836195,1.4337234e-05,-3.8585193e-05,2.2701815e-06,9.738599e-07,1.6607797e-05
3.090293448501909,33.728847800100255,23.71159256545714,1.4337234e-05,-3.8585193e-05,2.2701815e-06,9.738599e-07,1.6607797e-05
3.325385030655921,33.96276751629198,24.016601241661206,1.4337234e-05,-3.8585193e-05,2.2701815e-06,9.738599e-07,1.6607797e-05
11.261825858944203,31.612691936914356,21.709144719083792,4.0330066e-05,-3.4268378e-05,3.5649926e-05,2.0033476e-05,7.5974785e-05
9.776727721436009,31.162531909150502,21.30432152084217,4.0330066e-05,-3.4268378e-05,3.5649926e-05,2.0033476e-05,7.5974785e-05
6.410221339605907,25.427380557590716,15.498670034319208,4.0330066e-05,-3.4268378e-05,3.5649926e-05,2.0033476e-05,7.5974785e-05
3.4275764469980334,26.42461535495315,16.269484826283115,4.0330066e-05,-3.4268378e-05,3.5649926e-05,2.0033476e-05,7.5974785e-05
2.277612694250569,26.803574596074498,16.3919473258011,1.2863622e-05,-3.338112e-05,1.1284257e-05,3.9572024e-06,2.4148323e-05
2.0298931862877416,27.61852273165465,17.039168626846102,1.2863622e-05,-3.338112e-05,1.1284257e-05,3.9572024e-06,2.4148323e-05
1.9676940577642386,27.917168858211543,17.14454787336598,1.2863622e-05,-3.338112e-05,1.1284257e-05,3.9572024e-06,2.4148323e-05
2.202485250453091,29.272215324104423,18.46040604635021,1.2863622e-05,-3.338112e-05,1.1284257e-05,3.9572024e-06,2.4148323e-05
2.338366174372421,29.126957544441446,18.254299541125206,1.5497462e-05,-3.248632e-05,3.6746676e-06,5.6840236e-07,1.9175557e-05
2.34611691666988,29.91078085836579,18.998265144796207,1.5497462e-05,-3.248632e-05,3.6746676e-06,5.6840236e-07,1.9175557e-05
2.200050129179038,29.611864805460225,18.667046620136507,1.5497462e-05,-3.248632e-05,3.6746676e-06,5.6840236e-07,1.9175557e-05
2.048850499363745,29.798835846219102,18.8616588902171,1.5497462e-05,-3.248632e-05,3.6746676e-06,5.6840236e-07,1.9175557e-05
2.115123587706783,30.489234180387925,19.559917094050054,1.1217734e-05,-2.5532116e-05,3.0778594e-06,1.5732707e-07,1.4294705e-05
2.1975683492075735,30.559754367022713,19.63224964331161,1.1217734e-05,-2.5532116e-05,3.0778594e-06,1.5732707e-07,1.4294705e-05
2.384164192341804,31.967753441560944,21.175351868275943,1.1217734e-05,-2.5532116e-05,3.0778594e-06,1.5732707e-07,1.4294705e-05
2.632630239463232,31.974968572860835,21.318734816642888,1.1217734e-05,-2.5532116e-05,3.0778594e-06,1.5732707e-07,1.4294705e-05
2.7622885898276324,33.28383835267805,22.83494774997108,1.08903205e-05,-3.033765e-05,1.7873776e-06,4.886121e-07,1.2675413e-05
2.895212663401843,33.67588825049165,23.39687348166429,1.08903205e-05,-3.033765e-05,1.7873776e-06,4.886121e-07,1.2675413e-05
3.109985346855358,33.866520649365675,23.658705124744532,1.08903205e-05,-3.033765e-05,1.7873776e-06,4.886121e-07,1.2675413e-05
3.3879979177110244,33.86112405043767,23.816621293332815,1.08903205e-05,-3.033765e-05,1.7873776e-06,4.886121e-07,1.2675413e-05
10.705399298191493,32.28680021594108,22.223952107353565,4.655104e-05,-3.4198514e-05,3.4824094e-05,4.7987643e-05,8.137716e-05
8.418986619365286,31.83176300466587,21.76747233254926,4.655104e-05,-3.4198514e-05,3.4824094e-05,4.7987643e-05,8.137716e-05
4.94225851232021,27.165382717001503,17.030008869008597,4.655104e-05,-3.4198514e-05,3.4824094e-05,4.7987643e-05,8.137716e-05
2.6900987159217986,27.062082674584506,16.751912235375777,4.655104e-05,-3.4198514e-05,3.4824094e-05,4.7987643e-05,8.137716e-05
2.099432769058728,26.89314425635291,16.347528245864343,1.1226684e-05,-3.6130943e-05,1.1323804e-05,2.4887954e-06,2.2546044e-05
1.953858018740601,27.978802298230054,17.234376662939113,1.1226684e-05,-3.6130943e-05,1.1323804e-05,2.4887954e-06,2.2546044e-05
1.9556476304322676,28.84322523425751,17.919659892800677,1.1226684e-05,-3.6130943e-05,1.1323804e-05,2.4887954e-06,2.2546044e-05
2.174806617051633,29.314107507808583,18.423424208537384,1.1226684e-05,-3.6130943e-05,1.1323804e-05,2.4887954e-06,2.2546044e-05
2.2851717888404735,29.32107353564956,18.45285235028728,1.276993e-05,-3.344234e-05,4.108975e-06,5.2184214e-07,1.6876049e-05
2.2368804226275403,29.103359040604637,18.25363899278911,1.276993e-05,-3.344234e-05,4.108975e-06,5.2184214e-07,1.6876049e-05
2.12633632823044,29.21292407357421,18.340303474337716,1.276993e-05,-3.344234e-05,4.108975e-06,5.2184214e-07,1.6876049e-05
2.0474603786681063,29.627445339914395,18.723478579416188,1.276993e-05,-3.344234e-05,4.108975e-06,5.2184214e-07,1.6876049e-05
2.037593413797093,30.31328153318166,19.37019396136197,1.1094652e-05,-2.757277e-05,3.173011e-06,2.0312552e-07,1.4265633e-05
2.152330621216211,30.699523387190066,19.723057494312265,1.1094652e-05,-2.757277e-05,3.173011e-06,2.0312552e-07,1.4265633e-05
2.4577572976516406,31.19195156750087,20.340857594570622,1.1094652e-05,-2.757277e-05,3.173011e-06,2.0312552e-07,1.4265633e-05
2.649151274437975,32.49302625997763,21.784569467473876,1.1094652e-05,-2.757277e-05,3.173011e-06,2.0312552e-07,1.4265633e-05
2.6293163151197314,32.81183665599815,22.296436200979446,8.836659e-06,-2.278836e-05,1.6798481e-06,8.620139e-08,1.05184745e-05
2.735616781706706,33.577892646435046,23.203054409439712,8.836659e-06,-2.278836e-05,1.6798481e-06,8.620139e-08,1.05184745e-05
3.0338063471252843,33.993069448193424,23.687572976516407,8.836659e-06,-2.278836e-05,1.6798481e-06,8.620139e-08,1.05184745e-05
3.344564454555971,34.204953148498056,23.982175220761192,8.836659e-06,-2.278836e-05,1.6798481e-06,8.620139e-08,1.05184745e-05
10.520480468900628,28.09848147148421,18.01178845486446,5.330331e-05,-3.9437295e-05,4.7211193e-05,6.6571185e-05,0.00010051095
7.381289476728493,29.103295415108164,18.89785601357344,5.330331e-05,-3.9437295e-05,4.7211193e-05,6.6571185e-05,0.00010051095
4.09127520919292,27.422105039910537,17.176138896386842,5.330331e-05,-3.9437295e-05,4.7211193e-05,6.6571185e-05,0.00010051095
1.9880542166351751,28.298009100374042,17.899076080669417,5.330331e-05,-3.9437295e-05,4.7211193e-05,6.6571185e-05,0.00010051095
1.727121813905063,28.934857517448812,18.234729880846796,1.0598772e-05,-3.5848585e-05,1.2179724e-05,2.5467814e-06,2.2774053e-05
1.741302201827787,29.226349824547874,18.2495685034512,1.0598772e-05,-3.5848585e-05,1.2179724e-05,2.5467814e-06,2.2774053e-05
1.8003505186441984,28.944157636987622,17.950062083060196,1.0598772e-05,-3.5848585e-05,1.2179724e-05,2.5467814e-06,2.2774053e-05
1.8990629699610535,29.195832337176572,18.236112674970116,1.0598772e-05,-3.5848585e-05,1.2179724e-05,2.5467814e-06,2.2774053e-05
1.9996240311572129,29.205329117340842,18.32242586665638,1.4338694e-05,-3.395802e-05,4.6459886e-06,9.4354976e-07,1.8982588e-05
2.037437242123935,29.31652103497474,18.484448000616975,1.4338694e-05,-3.395802e-05,4.6459886e-06,9.4354976e-07,1.8982588e-05
1.9756113831797324,28.99493849535341,18.170385223460453,1.4338694e-05,-3.395802e-05,4.6459886e-06,9.4354976e-07,1.8982588e-05
1.864261751436394,29.572629082636023,18.690819419272742,1.4338694e-05,-3.395802e-05,4.6459886e-06,9.4354976e-07,1.8982588e-05
1.9551293718428258,30.539370685998534,19.577074383989512,1.1488716e-05,-2.6227563e-05,3.2369956e-06,1.7763962e-07,1.4724315e-05
2.118424786950989,31.0733860332395,20.076369876219488,1.1488716e-05,-2.6227563e-05,3.2369956e-06,1.7763962e-07,1.4724315e-05
2.2617649327112175,31.92693672155169,20.943058265530404,1.1488716e-05,-2.6227563e-05,3.2369956e-06,1.7763962e-07,1.4724315e-05
2.4830802452473684,31.20986812169822,20.43943122662245,1.1488716e-05,-2.6227563e-05,3.2369956e-06,1.7763962e-07,1.4724315e-05
2.6309239193305825,32.94320903867659,22.42343809046389,7.774503e-06,-1.9803234e-05,1.3633531e-06,3.5483488e-08,9.140013e-06
2.718859368372344,32.72281186133498,22.38143793622026,7.774503e-06,-1.9803234e-05,1.3633531e-06,3.5483488e-08,9.140013e-06
3.02988624532449,30.612160567616552,20.310302703119575,7.774503e-06,-1.9803234e-05,1.3633531e-06,3.5483488e-08,9.140013e-06
3.3417452666486716,33.143395673466244,22.875447113716113,7.774503e-06,-1.9803234e-05,1.3633531e-06,3.5483488e-08,9.140013e-06
3.3839467088265915,34.4186067944318,24.15909728916824,8.873094e-06,-3.3522614e-05,1.3889977e-06,2.5419254e-07,1.0264948e-05
13.15978830062083,32.79329194462654,22.697710253345157,3.4589862e-05,-4.779604e-05,2.2494754e-05,0.0,5.708627e-05
9.929217984807003,29.840957081710563,19.684706744302627,5.749036e-05,-3.6160174e-05,5.3771262e-05,7.3326184e-05,0.00011125464
5.957822079975322,29.84823815216134,19.58874175760614,5.749036e-05,-3.6160174e-05,5.3771262e-05,7.3326184e-05,0.00011125464
3.3331338449080326,29.551663131916865,19.254741063509815,5.749036e-05,-3.6160174e-05,5.3771262e-05,7.3326184e-05,0.00011125464
1.9907534801218525,28.525683492075736,17.94068445609841,5.749036e-05,-3.6160174e-05,5.3771262e-05,7.3326184e-05,0.00011125464
1.6066251494235144,29.86059152431265,18.98896965256623,1.017443e-05,-3.508257e-05,1.1100556e-05,2.2922397e-06,2.1271559e-05
1.5671260556048279,29.8109489839201,18.791829329425827,1.017443e-05,-3.508257e-05,1.1100556e-05,2.2922397e-06,2.1271559e-05
1.6482917518220028,29.946244938880962,18.911255928739443,1.017443e-05,-3.508257e-05,1.1100556e-05,2.2922397e-06,2.1271559e-05
1.6869105001349631,30.167089037134154,19.12003277677091,1.017443e-05,-3.508257e-05,1.1100556e-05,2.2922397e-06,2.1271559e-05
1.717410249489068,28.237215131299887,17.27398989704238,1.3105087e-05,-2.903446e-05,4.1591857e-06,7.917452e-07,1.7266939e-05
1.8399625959202561,30.430216712297074,19.58338757567578,1.3105087e-05,-2.903446e-05,4.1591857e-06,7.917452e-07,1.7266939e-05
1.7961585624493888,30.19638375814599,19.356716538772993,1.3105087e-05,-2.903446e-05,4.1591857e-06,7.917452e-07,1.7266939e-05
1.6382647591871362,30.04264720626229,19.132967647399067,1.3105087e-05,-2.903446e-05,4.1591857e-06,7.917452e-07,1.7266939e-05
1.8370890371341535,31.248697026954073,20.263021247059733,8.278317e-06,-1.9659718e-05,2.6917305e-06,9.483423e-08,1.0970429e-05
1.9882431650792427,31.262447460764278,20.260468515019472,8.278317e-06,-1.9659718e-05,2.6917305e-06,9.483423e-08,1.0970429e-05
2.0317653183202866,32.6572617899973,21.67151814290672,8.278317e-06,-1.9659718e-05,2.6917305e-06,9.483423e-08,1.0970429e-05
2.3033987583387963,30.92657964755331,20.121708248178,8.278317e-06,-1.9659718e-05,2.6917305e-06,9.483423e-08,1.0970429e-05
2.6304766128099333,31.232081903366364,20.67437781976632,6.258297e-06,-1.8677514e-05,1.1039872e-06,2.792976e-08,7.3620304e-06
2.835742875872441,33.35216133883469,23.004318821578682,6.258297e-06,-1.8677514e-05,1.1039872e-06,2.792976e-08,7.3620304e-06
3.180515944935025,33.75189603979486,23.442152469826087,6.258297e-06,-1.8677514e-05,1.1039872e-06,2.792976e-08,7.3620304e-06
3.4064011105541203,34.22911464157637,23.938240080206686,6.258297e-06,-1.8677514e-05,1.1039872e-06,2.792976e-08,7.3620304e-06
10.280384452242318,27.883359040604635,17.758574017660894,3.4649533e-05,-4.788677e-05,2.425636e-05,0.0,5.890818e-05
7.088274399413875,29.939801796938266,19.628587899587398,4.1811738e-05,-3.3784163e-05,4.31577e-05,5.1609433e-05,8.4968546e-05
4.01812324065862,29.18367099834188,18.799392280106428,4.1811738e-05,-3.3784163e-05,4.31577e-05,5.1609433e-05,8.4968546e-05
2.569873905834265,30.612988855897893,20.058151775729765,4.1811738e-05,-3.3784163e-05,4.31577e-05,5.1609433e-05,8.4968546e-05
2.041931130220183,29.51593182431651,18.80254926155863,4.1811738e-05,-3.3784163e-05,4.31577e-05,5.1609433e-05,8.4968546e-05
1.7729418115914086,29.561406316276557,18.65610997570663,1.146707e-05,-3.3902703e-05,9.3729095e-06,1.768049e-06,2.083522e-05
1.6360486638645741,30.03085489530714,18.995307137623875,1.146707e-05,-3.3902703e-05,9.3729095e-06,1.768049e-06,2.083522e-05
1.5261566344040411,30.543033972159026,19.416313962904407,1.146707e-05,-3.3902703e-05,9.3729095e-06,1.768049e-06,2.083522e-05
1.5491319939844985,30.504340030077508,19.416526047892646,1.146707e-05,-3.3902703e-05,9.3729095e-06,1.768049e-06,2.083522e-05
1.6104072031774188,29.916857286083367,18.886871168009872,1.069532e-05,-2.3722894e-05,3.7560449e-06,3.732114e-07,1.445327e-05
1.685346084139899,30.8063039370686,19.830760806694173,1.069532e-05,-2.3722894e-05,3.7560449e-06,3.732114e-07,1.445327e-05
1.6927702155554698,30.739444337330813,19.795891335364207,1.069532e-05,-2.3722894e-05,3.7560449e-06,3.732114e-07,1.445327e-05
1.6267072841553234,30.195434774225888,19.224524351212743,1.069532e-05,-2.3722894e-05,3.7560449e-06,3.732114e-07,1.445327e-05
1.7599467859484055,31.449525700844486,20.451083561485365,6.2581703e-06,-1.5952653e-05,2.2915733e-06,3.370614e-08,8.549172e-06
1.8789962595920258,32.61214437203563,21.60308602938341,6.2581703e-06,-1.5952653e-05,2.2915733e-06,3.370614e-08,8.549172e-06
2.017480815948791,32.02746539158601,21.13257741102071,6.2581703e-06,-1.5952653e-05,2.2915733e-06,3.370614e-08,8.549172e-06
2.2821914163421124,32.80903713415339,22.039536112289362,6.2581703e-06,-1.5952653e-05,2.2915733e-06,3.370614e-08,8.549172e-06
2.5616345968457175,31.030792426637877,20.436274630779316,5.6079148e-06,-1.6944014e-05,1.1329961e-06,2.3803771e-08,6.7403394e-06
2.935226545328346,33.28578722091543,22.828540469671847,5.6079148e-06,-1.6944014e-05,1.1329961e-06,2.3803771e-08,6.7403394e-06
3.230542551960822,34.07835576292754,23.681768017583774,5.6079148e-06,-1.6944014e-05,1.1329961e-06,2.3803771e-08,6.7403394e-06
3.265627964369722,34.22506574634635,23.913415339528786,5.6079148e-06,-1.6944014e-05,1.1329961e-06,2.3803771e-08,6.7403394e-06
10.404904561755293,31.77000771218139,21.832778313345926,3.5034645e-05,-4.777514e-05,2.5859403e-05,0.0,6.0897666e-05
7.392619442409285,29.461854779624417,19.340608105502643,3.5034645e-05,-4.777514e-05,2.5859403e-05,0.0,6.0897666e-05
4.542357228242008,29.47796861142174,19.07406007789303,3.3751337e-05,-3.3996945e-05,3.5769262e-05,3.899896e-05,6.9522124e-05
2.7658543168935332,30.08151891412486,19.49506806000077,3.3751337e-05,-3.3996945e-05,3.5769262e-05,3.899896e-05,6.9522124e-05
2.3029992673427677,30.609110399876606,19.836797902286662,3.3751337e-05,-3.3996945e-05,3.5769262e-05,3.899896e-05,6.9522124e-05
2.1061392819959126,30.357044306482088,19.49917094050052,3.3751337e-05,-3.3996945e-05,3.5769262e-05,3.899896e-05,6.9522124e-05
1.8074218177611538,30.18501793082173,19.17471252843867,1.3181703e-05,-3.281949e-05,8.31215e-06,1.2029474e-06,2.1497028e-05
1.623388346893919,29.398306404966647,18.25472833841052,1.3181703e-05,-3.281949e-05,8.31215e-06,1.2029474e-06,2.1497028e-05
1.3168526587745344,30.495517294566767,19.264900705664598,1.3181703e-05,-3.281949e-05,8.31215e-06,1.2029474e-06,2.1497028e-05
1.3586630933559558,30.936766667952032,19.763141557089423,1.3181703e-05,-3.281949e-05,8.31215e-06,1.2029474e-06,2.1497028e-05
1.4978417460378668,30.09596421547835,18.965709713492462,9.355961e-06,-2.1688133e-05,3.586308e-06,1.10322546e-07,1.2943793e-05
1.5668892916361392,31.195656499440865,20.079403848378515,9.355961e-06,-2.1688133e-05,3.586308e-06,1.10322546e-07,1.2943793e-05
1.6812636409208344,31.798885204180003,20.719187907299577,9.355961e-06,-2.1688133e-05,3.586308e-06,1.10322546e-07,1.2943793e-05
1.7574009948713993,30.809047545598272,19.761091273666757,9.355961e-06,-2.1688133e-05,3.586308e-06,1.10322546e-07,1.2943793e-05
1.8204924227817838,31.872501060424938,20.85605290556434,6.2767053e-06,-1.4997051e-05,2.243585e-06,3.1865316e-08,8.521116e-06
1.8822511857478887,32.14315081170709,21.1488801912621,6.2767053e-06,-1.4997051e-05,2.243585e-06,3.1865316e-08,8.521116e-06
2.0480935487602667,32.246042494119465,21.374826283114178,6.2767053e-06,-1.4997051e-05,2.243585e-06,3.1865316e-08,8.521116e-06
2.2309786758184553,32.729074923842205,21.969506420391006,6.2767053e-06,-1.4997051e-05,2.243585e-06,3.1865316e-08,8.521116e-06
2.5064558670419927,33.52028650753866,22.91943238344966,5.9882673e-06,-1.4212817e-05,1.7405318e-06,1.1292509e-07,7.727275e-06
2.86279450892685,32.882730497821306,22.40360698723634,5.9882673e-06,-1.4212817e-05,1.7405318e-06,1.1292509e-07,7.727275e-06
3.0165472563914704,34.20331700921606,23.780620444992863,5.9882673e-06,-1.4212817e-05,1.7405318e-06,1.1292509e-07,7.727275e-06
3.0162642193344387,34.23373115335673,23.866938649597035,5.9882673e-06,-1.4212817e-05,1.7405318e-06,1.1292509e-07,7.727275e-06
9.930074808159489,28.661257471175723,18.88195079628273,4.025402e-05,-4.855753e-05,2.6890835e-05,0.0,6.714263e-05
6.216628234296071,28.94955346469749,18.88447692129719,4.025402e-05,-4.855753e-05,2.6890835e-05,0.0,6.714263e-05
3.670419157058574,29.802477152662632,19.307005745575136,2.325381e-05,-3.136632e-05,2.8043509e-05,2.3429418e-05,5.129389e-05
2.6087220915435934,30.106835691975473,19.348852041800026,2.325381e-05,-3.136632e-05,2.8043509e-05,2.3429418e-05,5.129389e-05
2.2412929472101184,30.792376508695483,19.976585046080285,2.325381e-05,-3.136632e-05,2.8043509e-05,2.3429418e-05,5.129389e-05
1.9341325723981029,30.78385339143177,19.840154629236878,2.325381e-05,-3.136632e-05,2.8043509e-05,2.3429418e-05,5.129389e-05
1.5946168973894266,29.997836733119964,18.87772529209887,1.27053745e-05,-3.2507487e-05,8.447736e-06,1.1410259e-06,2.115235e-05
1.4289453591948482,29.80422203370223,18.48994948521189,1.27053745e-05,-3.2507487e-05,8.447736e-06,1.1410259e-06,2.115235e-05
1.2571734855203793,30.729654494273706,19.406241468399337,1.27053745e-05,-3.2507487e-05,8.447736e-06,1.1410259e-06,2.115235e-05
1.3738680445764082,31.27550688312189,20.020743068676975,1.27053745e-05,-3.2507487e-05,8.447736e-06,1.1410259e-06,2.115235e-05
1.456899317471947,31.16751282150156,19.959351405545057,8.837039e-06,-2.0592917e-05,3.1580305e-06,7.763204e-08,1.1998878e-05
1.4941183048625304,31.49044653530251,20.284285659198705,8.837039e-06,-2.0592917e-05,3.1580305e-06,7.763204e-08,1.1998878e-05
1.5978679674545946,32.506065630663635,21.314560984074348,8.837039e-06,-2.0592917e-05,3.1580305e-06,7.763204e-08,1.1998878e-05
1.7119369143562257,32.22957583002352,21.12156634404041,8.837039e-06,-2.0592917e-05,3.1580305e-06,7.763204e-08,1.1998878e-05
1.846229128909112,31.612102340647052,20.581546677977865,5.768257e-06,-9.176171e-06,1.6667718e-06,2.2026423e-08,7.433632e-06
1.9257166544557127,33.01976554968573,22.041162996953688,5.768257e-06,-9.176171e-06,1.6667718e-06,2.2026423e-08,7.433632e-06
2.0867427601897197,31.802782555045695,20.855474877569122,5.768257e-06,-9.176171e-06,1.6667718e-06,2.2026423e-08,7.433632e-06
2.248678132109667,31.998744071260557,21.22586395712027,5.768257e-06,-9.176171e-06,1.6667718e-06,2.2026423e-08,7.433632e-06
2.44926117302279,31.452666101106697,20.881351559788683,7.0082747e-06,-1.1470228e-05,3.1451448e-06,3.6378512e-07,1.0152467e-05
2.7147190837928505,31.87990089846913,21.47047429915552,7.0082747e-06,-1.1470228e-05,3.1451448e-06,3.6378512e-07,1.0152467e-05
2.833815987352023,33.74009100374041,23.35941734469595,7.0082747e-06,-1.1470228e-05,3.1451448e-06,3.6378512e-07,1.0152467e-05
2.795862029074924,34.079297034666254,23.68441059653723,7.0082747e-06,-1.1470228e-05,3.1451448e-06,3.6378512e-07,1.0152467e-05
8.480397177341612,28.176210619673775,18.383571896811013,4.1697796e-05,-4.9176055e-05,2.8147293e-05,5.5765254e-06,6.984166e-05
5.003023560714148,28.969960282265838,18.847658967338912,4.1697796e-05,-4.9176055e-05,2.8147293e-05,5.5765254e-06,6.984166e-05
2.961580611575984,30.342100026992636,19.824715998920293,1.5387901e-05,-3.0394835e-05,2.078666e-05,1.1803688e-05,3.6170055e-05
2.371382794123318,30.221972390390622,19.413700304631163,1.5387901e-05,-3.0394835e-05,2.078666e-05,1.1803688e-05,3.6170055e-05
2.0515250838699726,30.69259360660163,19.821269425056876,1.5387901e-05,-3.0394835e-05,2.078666e-05,1.1803688e-05,3.6170055e-05
1.7036015887093665,31.126222959163997,20.01629661049628,1.5387901e-05,-3.0394835e-05,2.078666e-05,1.1803688e-05,3.6170055e-05
1.5023051710176223,30.80455712798365,19.52219450121467,1.1387788e-05,-3.0827316e-05,6.71698e-06,9.3478997e-07,1.8106228e-05
1.3773227162302857,30.197341225465625,18.842667257933908,1.1387788e-05,-3.0827316e-05,6.71698e-06,9.3478997e-07,1.8106228e-05
1.3517668607565652,30.762838853969843,19.396877723364053,1.1387788e-05,-3.0827316e-05,6.71698e-06,9.3478997e-07,1.8106228e-05
1.420766205221147,31.678257047005744,20.267231326880808,1.1387788e-05,-3.0827316e-05,6.71698e-06,9.3478997e-07,1.8106228e-05
1.4269340222882043,31.842424324220104,20.472416612038717,6.112364e-06,-1.7138002e-05,2.2723398e-06,4.1132918e-08,8.382229e-06
1.4668900628542783,31.91064859445494,20.647376315890952,6.112364e-06,-1.7138002e-05,2.2723398e-06,4.1132918e-08,8.382229e-06
1.5122696949832262,32.87468592141287,21.62780048586743,6.112364e-06,-1.7138002e-05,2.2723398e-06,4.1132918e-08,8.382229e-06
1.5912856206377972,32.98864072802993,21.755758300235218,6.112364e-06,-1.7138002e-05,2.2723398e-06,4.1132918e-08,8.382229e-06
1.789089191377781,33.2008591370069,22.054712914047737,5.104798e-06,-7.1928025e-06,1.3227279e-06,2.2407283e-08,6.4294304e-06
1.9297134924613428,32.97039139320557,21.96793853391432,5.104798e-06,-7.1928025e-06,1.3227279e-06,2.2407283e-08,6.4294304e-06
2.08445956888906,33.35968071569043,22.39440866849188,5.104798e-06,-7.1928025e-06,1.3227279e-06,2.2407283e-08,6.4294304e-06
2.2572428951528942,31.653271892954923,20.826146608568234,5.104798e-06,-7.1928025e-06,1.3227279e-06,2.2407283e-08,6.4294304e-06
2.4160401804650444,32.235113947480045,21.614153780896928,7.3101064e-06,-7.063059e-06,2.7880883e-06,2.1017144e-07,1.0098893e-05
2.5756561138317977,33.495513824085144,23.084191570585737,7.3101064e-06,-7.063059e-06,2.7880883e-06,2.1017144e-07,1.0098893e-05
2.7470921220067095,33.92096942120079,23.531911464157638,7.3101064e-06,-7.063059e-06,2.7880883e-06,2.1017144e-07,1.0098893e-05
2.7762823429607066,34.07255388886747,23.654258666563837,7.3101064e-06,-7.063059e-06,2.7880883e-06,2.1017144e-07,1.0098893e-05
9.163561870975204,32.83070566459723,23.012204141441405,4.0505704e-05,-4.453446e-05,3.349305e-05,6.463486e-06,7.400015e-05
6.486080669417345,30.360481625727836,20.453388346893917,4.0505704e-05,-4.453446e-05,3.349305e-05,6.463486e-06,7.400015e-05
4.208421316469363,30.24083792850808,20.069064126788263,4.0505704e-05,-4.453446e-05,3.349305e-05,6.463486e-06,7.400015e-05
2.6358940346276944,30.33784714456484,19.837827864111365,1.4276804e-05,-3.249821e-05,1.5086894e-05,5.9821737e-06,2.9362174e-05
2.1676065245054565,31.001604133729224,20.254204681294105,1.4276804e-05,-3.249821e-05,1.5086894e-05,5.9821737e-06,2.9362174e-05
1.9473539505649173,31.150460417229013,20.05470404503914,1.4276804e-05,-3.249821e-05,1.5086894e-05,5.9821737e-06,2.9362174e-05
1.7227289553850307,31.212317896116918,19.996180542166353,1.4276804e-05,-3.249821e-05,1.5086894e-05,5.9821737e-06,2.9362174e-05
1.6257617707168472,31.238462191030735,19.890505533490145,9.016996e-06,-2.9377683e-05,5.3227136e-06,9.72876e-07,1.4335456e-05
1.6101230092931786,30.889247676705356,19.467793544904175,9.016996e-06,-2.9377683e-05,5.3227136e-06,9.72876e-07,1.4335456e-05
1.4994007635059576,30.310658234681682,18.808223884625765,9.016996e-06,-2.9377683e-05,5.3227136e-06,9.72876e-07,1.4335456e-05
1.409530328153318,32.07729688042263,20.567491227393667,9.016996e-06,-2.9377683e-05,5.3227136e-06,9.72876e-07,1.4335456e-05
1.4076130798596382,32.32219681486909,20.837574904561755,5.58957e-06,-1.5661717e-05,1.7840133e-06,4.589367e-08,7.3709175e-06
1.4778957313076002,33.13899973007366,21.69853584236301,5.58957e-06,-1.5661717e-05,1.7840133e-06,4.589367e-08,7.3709175e-06
1.5320124937338526,33.3164786179771,21.951740639339835,5.58957e-06,-1.5661717e-05,1.7840133e-06,4.589367e-08,7.3709175e-06
1.5759881232406585,33.49029537654725,22.16581691281379,5.58957e-06,-1.5661717e-05,1.7840133e-06,4.589367e-08,7.3709175e-06
1.7903296957544443,33.63961940384838,22.387865653800176,5.3177628e-06,-1.1117296e-05,1.5799992e-06,5.3225232e-08,6.8994123e-06
1.966215246982609,33.666012031002964,22.483467011144104,5.3177628e-06,-1.1117296e-05,1.5799992e-06,5.3225232e-08,6.8994123e-06
2.067107160760421,33.658309104230135,22.66380017738017,5.3177628e-06,-1.1117296e-05,1.5799992e-06,5.3225232e-08,6.8994123e-06
2.216393783981799,33.377161917248294,22.522693093741566,5.3177628e-06,-1.1117296e-05,1.5799992e-06,5.3225232e-08,6.8994123e-06
2.364724867928894,30.620005398526974,19.93292523040142,6.0307334e-06,-1.0378078e-05,1.895415e-06,2.907234e-08,7.924942e-06
2.5164570238692012,33.62060347819381,23.053970616588902,6.0307334e-06,-1.0378078e-05,1.895415e-06,2.907234e-08,7.924942e-06
2.771157598426715,33.92064975128215,23.39988393167007,6.0307334e-06,-1.0378078e-05,1.895415e-06,2.907234e-08,7.924942e-06
2.8889688813480894,34.30640535225388,23.845293255697374,6.0307334e-06,-1.0378078e-05,1.895415e-06,2.907234e-08,7.924942e-06
10.227428758724404,33.76116878108973,23.94130644352755,4.0046387e-05,-4.0251518e-05,4.0559087e-05,6.4559954e-06,8.0604266e-05
8.130843712644122,30.12584737593028,20.328062314425637,4.0046387e-05,-4.0251518e-05,4.0559087e-05,6.4559954e-06,8.0604266e-05
5.02896001233949,31.440463502101572,21.544398642656077,4.0046387e-05,-4.0251518e-05,4.0559087e-05,6.4559954e-06,8.0604266e-05
3.26119423128832,31.00581999768635,20.816859599737786,4.0046387e-05,-4.0251518e-05,4.0559087e-05,6.4559954e-06,8.0604266e-05
2.343512513014306,30.463156981452205,19.889810280337795,1.3612901e-05,-2.9773535e-05,1.2341653e-05,2.9603004e-06,2.5952331e-05
2.107234026144295,30.564832452859292,19.68359002043728,1.3612901e-05,-2.9773535e-05,1.2341653e-05,2.9603004e-06,2.5952331e-05
1.8667616550341266,31.218740986388,19.977181968919908,1.3612901e-05,-2.9773535e-05,1.2341653e-05,2.9603004e-06,2.5952331e-05
1.607640072494505,31.83871168009872,20.5054675509968,1.3612901e-05,-2.9773535e-05,1.2341653e-05,2.9603004e-06,2.5952331e-05
1.7308695484517795,31.776371418655767,20.30393089885474,9.8896735e-06,-2.702107e-05,4.122369e-06,4.162169e-07,1.4008679e-05
1.7775436702271237,31.824043882312115,20.235584390544865,9.8896735e-06,-2.702107e-05,4.122369e-06,4.162169e-07,1.4008679e-05
1.5673986812169822,31.86255041838584,20.18946438900243,9.8896735e-06,-2.702107e-05,4.122369e-06,4.162169e-07,1.4008679e-05
1.4300790498592526,32.389236494042336,20.742122392318667,9.8896735e-06,-2.702107e-05,4.122369e-06,4.162169e-07,1.4008679e-05
1.4631095515366521,32.70078355762928,21.06693170863379,7.654531e-06,-1.7426246e-05,1.9079835e-06,6.131852e-08,9.5621335e-06
1.5717568349207574,32.73166351752593,21.09166313191686,7.654531e-06,-1.7426246e-05,1.9079835e-06,6.131852e-08,9.5621335e-06
1.6722712374195041,33.464616126171286,21.90185053792465,7.654531e-06,-1.7426246e-05,1.9079835e-06,6.131852e-08,9.5621335e-06
1.6782458643427292,32.23973894265993,20.770712605560483,7.654531e-06,-1.7426246e-05,1.9079835e-06,6.131852e-08,9.5621335e-06
1.840485867427602,33.8373072918675,22.458404349670307,7.794815e-06,-1.4977099e-05,2.044966e-06,5.8366847e-08,9.841812e-06
2.0370670574171905,34.16277677090965,22.825818455250065,7.794815e-06,-1.4977099e-05,2.044966e-06,5.8366847e-08,9.841812e-06
2.076298924150696,33.663684880268384,22.52155284772298,7.794815e-06,-1.4977099e-05,2.044966e-06,5.8366847e-08,9.841812e-06
2.120418385840435,33.37686654070104,22.420371341533954,7.794815e-06,-1.4977099e-05,2.044966e-06,5.8366847e-08,9.841812e-06
2.216536844946593,33.080353217907685,22.312886283885394,6.7262476e-06,-1.3724806e-05,2.4952067e-06,3.5483488e-08,9.219867e-06
2.4100289206802143,33.942007866425016,23.284486947132997,6.7262476e-06,-1.3724806e-05,2.4952067e-06,3.5483488e-08,9.219867e-06
2.6722754791192687,33.95110207072071,23.34372575482975,6.7262476e-06,-1.3724806e-05,2.4952067e-06,3.5483488e-08,9.219867e-06
2.803396830293449,34.535364207766165,23.955048393938227,6.7262476e-06,-1.3724806e-05,2.4952067e-06,3.5483488e-08,9.219867e-06
9.54146955616396,33.557183896965256,23.84645895191455,2.3931107e-05,-5.2798383e-05,1.6566473e-05,0.0,4.0500563e-05
9.986167045848918,34.018178382755565,24.329219527243282,3.5776753e-05,-4.0409894e-05,3.57134e-05,2.6658447e-05,7.1489136e-05
7.223846450468516,31.39657810511703,21.671993984498513,3.5776753e-05,-4.0409894e-05,3.57134e-05,2.6658447e-05,7.1489136e-05
4.099037905371534,31.851638067327343,22.072329464389,3.5776753e-05,-4.0409894e-05,3.57134e-05,2.6658447e-05,7.1489136e-05
2.521350788570547,31.22036555739791,21.064903404928085,3.5776753e-05,-4.0409894e-05,3.57134e-05,2.6658447e-05,7.1489136e-05
2.0154617668607564,30.521449118883275,19.823181660432653,1.2078097e-05,-2.9582998e-05,9.753453e-06,8.361789e-07,2.1826345e-05
1.9290012725099295,31.473642848879805,20.308671962364556,1.2078097e-05,-2.9582998e-05,9.753453e-06,8.361789e-07,2.1826345e-05
1.7437149577758069,30.908310261057338,19.66018046504454,1.2078097e-05,-2.9582998e-05,9.753453e-06,8.361789e-07,2.1826345e-05
1.6023036285813443,31.55742528824278,20.158915667296494,1.2078097e-05,-2.9582998e-05,9.753453e-06,8.361789e-07,2.1826345e-05
1.721387421432152,31.92541665059962,20.332913276520262,1.0086071e-05,-2.5700916e-05,3.8768408e-06,3.621982e-07,1.3960944e-05
1.7129880846797516,32.12410943585393,20.3363899278911,1.0086071e-05,-2.5700916e-05,3.8768408e-06,3.621982e-07,1.3960944e-05
1.5600493579608994,32.766989935603284,20.96228242008252,1.0086071e-05,-2.5700916e-05,3.8768408e-06,3.621982e-07,1.3960944e-05
1.5287899587398295,32.8235568580573,21.07147572590907,1.0086071e-05,-2.5700916e-05,3.8768408e-06,3.621982e-07,1.3960944e-05
1.557000732657232,33.16928315273975,21.428612192958777,5.718872e-06,-1.8475583e-05,2.255201e-06,4.532238e-08,7.974835e-06
1.6539181737554467,33.17468167971311,21.39391007596499,5.718872e-06,-1.8475583e-05,2.255201e-06,4.532238e-08,7.974835e-06
1.74800987159218,33.03130991400918,21.269477114101722,5.718872e-06,-1.8475583e-05,2.255201e-06,4.532238e-08,7.974835e-06
1.7558601010295762,33.04148459491767,21.450482782555046,5.718872e-06,-1.8475583e-05,2.255201e-06,4.532238e-08,7.974835e-06
1.9080792812246945,32.628440211313766,21.168972737438782,1.1411338e-05,-1.9671686e-05,2.09981e-06,1.6716595e-07,1.351229e-05
2.110436895075772,34.2877287625805,22.887208961554776,1.1411338e-05,-1.9671686e-05,2.09981e-06,1.6716595e-07,1.351229e-05
2.068567076697644,34.032619442409285,22.6806832992712,1.1411338e-05,-1.9671686e-05,2.09981e-06,1.6716595e-07,1.351229e-05
1.9871464928855127,33.39709829175182,22.318083908533527,1.1411338e-05,-1.9671686e-05,2.09981e-06,1.6716595e-07,1.351229e-05
2.039126209848456,33.232219565804186,22.417080939343695,9.050766e-06,-2.0181595e-05,3.4562443e-06,5.662124e-08,1.2505549e-05
2.229370300389465,34.154375506111904,23.488567847915785,9.050766e-06,-2.0181595e-05,3.4562443e-06,5.662124e-08,1.2505549e-05
2.4502926772837696,34.343743107237884,23.707510893456213,9.050766e-06,-2.0181595e-05,3.4562443e-06,5.662124e-08,1.2505549e-05
2.597909613234103,34.447330042802605,23.895292484479235,9.050766e-06,-2.0181595e-05,3.4562443e-06,5.662124e-08,1.2505549e-05
9.821684726024756,33.937947017313846,24.204284887980563,2.3642224e-05,-5.2818497e-05,1.5947131e-05,0.0,3.9589162e-05
9.643352870859523,33.91322986156634,24.177182740138047,4.1763116e-05,-3.5310903e-05,3.7617578e-05,4.3396944e-05,7.9379926e-05
6.119565032969575,31.3017271430224,21.533847607295723,4.1763116e-05,-3.5310903e-05,3.7617578e-05,4.3396944e-05,7.9379926e-05
3.19625496471677,30.923101068137125,21.098711294489647,4.1763116e-05,-3.5310903e-05,3.7617578e-05,4.3396944e-05,7.9379926e-05
2.155216905101608,30.965609455134384,20.63240504376663,4.1763116e-05,-3.5310903e-05,3.7617578e-05,4.3396944e-05,7.9379926e-05
1.8824193113022019,31.5369467473875,20.668754482705435,9.451557e-06,-2.7576345e-05,8.262004e-06,7.016717e-07,1.7711403e-05
1.8472186017815138,31.8296178614121,20.612450160027766,9.451557e-06,-2.7576345e-05,8.262004e-06,7.016717e-07,1.7711403e-05
1.783620483553773,31.701170709135077,20.40434697104076,9.451557e-06,-2.7576345e-05,8.262004e-06,7.016717e-07,1.7711403e-05
1.6827941233177806,31.523506728878264,19.97303127289554,9.451557e-06,-2.7576345e-05,8.262004e-06,7.016717e-07,1.7711403e-05
1.6531920718775306,31.423645162534225,19.67956773223306,8.540413e-06,-2.5747117e-05,4.218473e-06,6.382585e-07,1.27572985e-05
1.672356842632939,32.10313461612617,20.27115451355416,8.540413e-06,-2.5747117e-05,4.218473e-06,6.382585e-07,1.27572985e-05
1.6612146685690048,32.70332857748814,20.858494582192574,8.540413e-06,-2.5747117e-05,4.218473e-06,6.382585e-07,1.27572985e-05
1.6647325801102844,33.42201018007943,21.53935140554506,8.540413e-06,-2.5747117e-05,4.218473e-06,6.382585e-07,1.27572985e-05
1.6957478887903443,33.577697913854934,21.7089611691667,5.595854e-06,-2.1489546e-05,2.3960558e-06,4.9575323e-08,7.988546e-06
1.7117672463656346,33.28904793120734,21.473089499865036,5.595854e-06,-2.1489546e-05,2.3960558e-06,4.9575323e-08,7.988546e-06
1.7226244553271892,33.345999691512745,21.547821308757182,5.595854e-06,-2.1489546e-05,2.3960558e-06,4.9575323e-08,7.988546e-06
1.7683002352215325,33.91246982609031,22.18293101453746,5.595854e-06,-2.1489546e-05,2.3960558e-06,4.9575323e-08,7.988546e-06
1.932661088188794,33.48638067327344,21.88608452550804,9.683121e-06,-1.9133548e-05,1.8831005e-06,1.1378203e-07,1.1564571e-05
2.114485790305788,33.60692823815216,22.16284502371496,9.683121e-06,-1.9133548e-05,1.8831005e-06,1.1378203e-07,1.1564571e-05
2.0440604635021016,34.01538541626499,22.614500829059498,9.683121e-06,-1.9133548e-05,1.8831005e-06,1.1378203e-07,1.1564571e-05
1.9261192303242973,32.51683106466664,21.30156055990437,9.683121e-06,-1.9133548e-05,1.8831005e-06,1.1378203e-07,1.1564571e-05
1.9793375236185557,33.97808120927004,23.028415146724253,8.007399e-06,-1.9012807e-05,2.8042748e-06,4.9511847e-08,1.0810087e-05
2.1055122816488643,33.67603092584738,22.984740677900746,8.007399e-06,-1.9012807e-05,2.8042748e-06,4.9511847e-08,1.0810087e-05
2.2746519878147535,34.373623954035395,23.710567616550343,8.007399e-06,-1.9012807e-05,2.8042748e-06,4.9511847e-08,1.0810087e-05
2.468233139243435,34.30164308024525,23.722179848070027,8.007399e-06,-1.9012807e-05,2.8042748e-06,4.9511847e-08,1.0810087e-05
8.511813133844909,33.6040199745498,23.796218331855165,2.5572106e-05,-5.20978e-05,1.6232903e-05,0.0,4.180285e-05
7.00699340608491,29.732254656229518,19.7575047237111,3.8320075e-05,-3.0176723e-05,4.2116044e-05,4.8283e-05,8.042882e-05
4.687052018663479,30.23218293294258,20.225125515752133,3.8320075e-05,-3.0176723e-05,4.2116044e-05,4.8283e-05,8.042882e-05
2.402691165696217,30.807527474646204,20.54385917556781,3.8320075e-05,-3.0176723e-05,4.2116044e-05,4.8283e-05,8.042882e-05
1.8594111749508349,30.918168742528824,20.335056106119616,3.8320075e-05,-3.0176723e-05,4.2116044e-05,4.8283e-05,8.042882e-05
1.7259052172907108,31.598875178344194,20.646186326302395,6.7470046e-06,-2.8742996e-05,6.8426007e-06,8.4173314e-07,1.3585415e-05
1.7092083445802646,31.375958431342305,20.188922222650678,6.7470046e-06,-2.8742996e-05,6.8426007e-06,8.4173314e-07,1.3585415e-05
1.7461481510045116,31.85682566613967,20.326511780357077,6.7470046e-06,-2.8742996e-05,6.8426007e-06,8.4173314e-07,1.3585415e-05
1.7085231172637179,31.98365480276096,20.31825164847877,6.7470046e-06,-2.8742996e-05,6.8426007e-06,8.4173314e-07,1.3585415e-05
1.633676782477924,31.58687155361894,19.78948598311032,7.4861277e-06,-2.5383792e-05,4.393732e-06,8.315451e-07,1.1879034e-05
1.6423830640496664,31.960209385724752,20.093773184745306,7.4861277e-06,-2.5383792e-05,4.393732e-06,8.315451e-07,1.1879034e-05
1.6967817067057418,32.9530216326688,21.024161878687387,7.4861277e-06,-2.5383792e-05,4.393732e-06,8.315451e-07,1.1879034e-05
1.7258065013689121,33.389758994331544,21.47488142521112,7.4861277e-06,-2.5383792e-05,4.393732e-06,8.315451e-07,1.1879034e-05
1.765978097404851,33.60381405930667,21.70800100258358,7.5175485e-06,-2.7479546e-05,2.8151928e-06,7.290302e-08,1.0331726e-05
1.7892665715497629,33.80505919099217,21.929978791501178,7.5175485e-06,-2.7479546e-05,2.8151928e-06,7.290302e-08,1.0331726e-05
1.7696918983534493,33.992395017930825,22.18366714225119,7.5175485e-06,-2.7479546e-05,2.8151928e-06,7.290302e-08,1.0331726e-05
1.8248926078741372,34.00679905911387,22.25078124397486,7.5175485e-06,-2.7479546e-05,2.8151928e-06,7.290302e-08,1.0331726e-05
1.9733806347125284,34.02542166351753,22.349988431727915,8.263273e-06,-2.8373275e-05,1.9588917e-06,1.5999308e-07,1.0220895e-05
2.1299776346739674,33.97742683067906,22.370953996838004,8.263273e-06,-2.8373275e-05,1.9588917e-06,1.5999308e-07,1.0220895e-05
2.0865341456831064,33.66525083869973,22.259378012570853,8.263273e-06,-2.8373275e-05,1.9588917e-06,1.5999308e-07,1.0220895e-05
1.9881668144834765,32.73146107276443,21.46323024717541,8.263273e-06,-2.8373275e-05,1.9588917e-06,1.5999308e-07,1.0220895e-05
2.0206551498091234,34.04693980642425,22.98243627810126,6.4557735e-06,-2.0213167e-05,2.08648e-06,1.6002483e-07,8.541809e-06
2.112081517757298,34.25637411791926,23.359343307754596,6.4557735e-06,-2.0213167e-05,2.08648e-06,1.6002483e-07,8.541809e-06
2.3289052558516175,33.831929587783904,23.10987120657078,6.4557735e-06,-2.0213167e-05,2.08648e-06,1.6002483e-07,8.541809e-06
2.557768480314657,34.1853106081055,23.519226853815603,6.4557735e-06,-2.0213167e-05,2.08648e-06,1.6002483e-07,8.541809e-06
2.5645301353487837,34.06995102764817,23.587674006092623,5.4529683e-06,-3.1479376e-05,1.8893212e-06,3.6835544e-07,7.342353e-06
9.058508849728145,31.855811899895887,22.194486947132997,2.5297379e-05,-5.09438e-05,1.5779362e-05,0.0,4.1073505e-05
7.147152662630624,28.9031342305171,19.035841591794238,2.5297379e-05,-5.09438e-05,1.5779362e-05,0.0,4.1073505e-05
4.57511009138935,29.940718389696528,19.780866463579223,3.2747135e-05,-2.6682128e-05,4.7345195e-05,5.2595737e-05,8.009366e-05
3.209494852118922,29.734412910191647,19.38926849959511,3.2747135e-05,-2.6682128e-05,4.7345195e-05,5.2595737e-05,8.009366e-05
2.0153437704854817,31.164097096363708,20.549364901862493,3.2747135e-05,-2.6682128e-05,4.7345195e-05,5.2595737e-05,8.009366e-05
1.6456318204604172,31.680329310145375,20.85049435082713,3.2747135e-05,-2.6682128e-05,4.7345195e-05,5.2595737e-05,8.009366e-05
1.5719939844985154,31.141596035938765,20.002863147341227,7.1530017e-06,-2.7813367e-05,6.568127e-06,1.0192458e-06,1.3719859e-05
1.5903092584737593,31.558575560097175,20.17350133035129,7.1530017e-06,-2.7813367e-05,6.568127e-06,1.0192458e-06,1.3719859e-05
1.633960976362164,31.89022635252381,20.178397023097983,7.1530017e-06,-2.7813367e-05,6.568127e-06,1.0192458e-06,1.3719859e-05
1.656343654802761,32.37221995141326,20.579492538464503,7.1530017e-06,-2.7813367e-05,6.568127e-06,1.0192458e-06,1.3719859e-05
1.6312146685690048,32.4725218833147,20.575763313153125,7.786372e-06,-2.5591035e-05,4.399762e-06,7.6930615e-07,1.2185246e-05
1.6241329580071724,32.63315852388848,20.657744958161416,7.786372e-06,-2.5591035e-05,4.399762e-06,7.6930615e-07,1.2185246e-05
1.7234774225889793,32.46853314309953,20.441483052481395,7.786372e-06,-2.5591035e-05,4.399762e-06,7.6930615e-07,1.2185246e-05
1.754348513477037,33.13354451856708,21.152798750626616,7.786372e-06,-2.5591035e-05,4.399762e-06,7.6930615e-07,1.2185246e-05
1.7856021285620636,33.41687271044615,21.47347433771642,9.131444e-06,-2.901159e-05,3.3496667e-06,3.7765477e-07,1.2480159e-05
1.8393949793699147,33.3668125554313,21.436423090271084,9.131444e-06,-2.901159e-05,3.3496667e-06,3.7765477e-07,1.2480159e-05
1.8597551382408515,33.24437280684842,21.376917826707285,9.131444e-06,-2.901159e-05,3.3496667e-06,3.7765477e-07,1.2480159e-05
1.9151968534299928,33.86679790228666,22.050615432074963,9.131444e-06,-2.901159e-05,3.3496667e-06,3.7765477e-07,1.2480159e-05
2.032428180310801,33.671749893957504,21.901611845910615,8.651243e-06,-3.4418954e-05,2.2461238e-06,8.716307e-07,1.0897176e-05
2.091688196506382,33.896462422396176,22.144427563336286,8.651243e-06,-3.4418954e-05,2.2461238e-06,8.716307e-07,1.0897176e-05
2.0863432691936916,33.183073304284115,21.623621640380982,8.651243e-06,-3.4418954e-05,2.2461238e-06,8.716307e-07,1.0897176e-05
2.0496313577295338,33.937946246095706,22.554829367986734,8.651243e-06,-3.4418954e-05,2.2461238e-06,8.716307e-07,1.0897176e-05
2.016423090271083,31.435060733428454,20.266588516561907,7.494062e-06,-2.5921097e-05,1.9840286e-06,2.2334285e-07,9.477202e-06
2.091829329425828,33.57196969112714,22.551629583927816,7.494062e-06,-2.5921097e-05,1.9840286e-06,2.2334285e-07,9.477202e-06
2.3060035476034395,33.67121736783249,22.821993598889446,7.494062e-06,-2.5921097e-05,1.9840286e-06,2.2334285e-07,9.477202e-06
2.4494034627694443,33.875885551228166,23.152836925924497,7.494062e-06,-2.5921097e-05,1.9840286e-06,2.2334285e-07,9.477202e-06
2.512930243319323,33.90285929125053,23.444675124358927,6.5157587e-06,-2.5084493e-05,1.6018986e-06,6.201676e-08,8.116515e-06
2.652844252496819,33.835802259669144,23.555194539775574,6.5157587e-06,-2.5084493e-05,1.6018986e-06,6.201676e-08,8.116515e-06
2.786868468746385,33.69844792349516,23.51754752631782,6.5157587e-06,-2.5084493e-05,1.6018986e-06,6.201676e-08,8.116515e-06
2.917947788531986,33.56802413912775,23.473449273126903,6.5157587e-06,-2.5084493e-05,1.6018986e-06,6.201676e-08,8.116515e-06
10.975493772413527,30.91688042262754,21.367106775151353,2.7255763e-05,-4.970975e-05,1.8002063e-05,0.0,4.5254208e-05
8.470661319554235,29.396885049936376,19.5556472448232,2.7255763e-05,-4.970975e-05,1.8002063e-05,0.0,4.5254208e-05
3.8449670304245553,30.722283962518798,20.395968071569044,3.0470923e-05,-2.6557856e-05,4.6265264e-05,4.8571375e-05,7.674145e-05
2.265861643465854,30.83650869548452,20.217422588979293,3.0470923e-05,-2.6557856e-05,4.6265264e-05,4.8571375e-05,7.674145e-05
1.6931257471175722,30.63560521343462,19.930775074229746,3.0470923e-05,-2.6557856e-05,4.6265264e-05,4.8571375e-05,7.674145e-05
1.529777503566884,31.308453322022135,20.34857748814252,3.0470923e-05,-2.6557856e-05,4.6265264e-05,4.8571375e-05,7.674145e-05
1.5353780896926696,31.68356418462962,20.34436200979447,9.107132e-06,-2.5097106e-05,6.383473e-06,8.4351046e-07,1.5491876e-05
1.5570331238190722,31.82379709250762,20.091510045116262,9.107132e-06,-2.5097106e-05,6.383473e-06,8.4351046e-07,1.5491876e-05
1.6018289438167588,31.932185632206068,20.148426714996337,9.107132e-06,-2.5097106e-05,6.383473e-06,8.4351046e-07,1.5491876e-05
1.6505841977403308,32.29714880653993,20.425195696602785,9.107132e-06,-2.5097106e-05,6.383473e-06,8.4351046e-07,1.5491876e-05
1.6339868121698222,32.15476342883584,20.1634126402653,7.637456e-06,-2.267911e-05,4.380719e-06,9.880787e-07,1.2017286e-05
1.6944537847530172,33.14860293834111,21.025470635869357,7.637456e-06,-2.267911e-05,4.380719e-06,9.880787e-07,1.2017286e-05
1.8570743839895114,33.74445725523464,21.627232098098947,7.637456e-06,-2.267911e-05,4.380719e-06,9.880787e-07,1.2017286e-05
1.8821455288628388,32.90750626614738,20.872441676628235,7.637456e-06,-2.267911e-05,4.380719e-06,9.880787e-07,1.2017286e-05
1.8701881772259281,33.47609493695292,21.499054486561523,9.417026e-06,-2.759943e-05,3.7746433e-06,7.6844924e-07,1.3190845e-05
1.8715088882890525,33.47050630470829,21.507214360081747,9.417026e-06,-2.759943e-05,3.7746433e-06,7.6844924e-07,1.3190845e-05
1.8964107507808585,33.59405930667489,21.642746693402227,9.417026e-06,-2.759943e-05,3.7746433e-06,7.6844924e-07,1.3190845e-05
1.97581652720472,33.70411059268114,21.834871013766243,9.417026e-06,-2.759943e-05,3.7746433e-06,7.6844924e-07,1.3190845e-05
1.993051324567154,32.801221995141326,20.972418154474994,8.419426e-06,-3.2383345e-05,2.649582e-06,1.4802138e-06,1.106996e-05
1.9495218447537885,32.874715998920294,21.057776963714186,8.419426e-06,-3.2383345e-05,2.649582e-06,1.4802138e-06,1.106996e-05
1.924149539197162,32.706337485057645,20.918687772336405,8.419426e-06,-3.2383345e-05,2.649582e-06,1.4802138e-06,1.106996e-05
1.93037365518837,31.854467666679522,20.34410133806347,8.419426e-06,-3.2383345e-05,2.649582e-06,1.4802138e-06,1.106996e-05
1.9465287471561332,33.21228473373694,21.99842555816913,7.5119624e-06,-2.5056524e-05,2.1799813e-06,1.3006381e-07,9.692261e-06
2.003038985076929,32.906145451741025,21.903197470404503,7.5119624e-06,-2.5056524e-05,2.1799813e-06,1.3006381e-07,9.692261e-06
2.181906836848803,32.8007199321328,21.8504087456137,7.5119624e-06,-2.5056524e-05,2.1799813e-06,1.3006381e-07,9.692261e-06
2.332277407164616,32.846883121891025,22.06959472486793,7.5119624e-06,-2.5056524e-05,2.1799813e-06,1.3006381e-07,9.692261e-06
2.500217869124282,33.56441329580072,23.095959202560444,6.78325e-06,-2.758378e-05,1.4929726e-06,1.3174595e-07,8.271779e-06
2.66056028997802,33.406691474183475,23.184333860332394,6.78325e-06,-2.758378e-05,1.4929726e-06,1.3174595e-07,8.271779e-06
2.751847453052096,33.53372459800254,23.367173485520382,6.78325e-06,-2.758378e-05,1.4929726e-06,1.3174595e-07,8.271779e-06
2.829101530868006,33.49184089769791,23.422334862915978,6.78325e-06,-2.758378e-05,1.4929726e-06,1.3174595e-07,8.271779e-06
10.856285427833262,31.648114371650024,22.021080862221876,2.8254823e-05,-4.9568505e-05,1.9807023e-05,0.0,4.805937e-05
7.855756372189873,28.147933135387344,18.100392935641846,2.8254823e-05,-4.9568505e-05,1.9807023e-05,0.0,4.805937e-05
3.6328207303435778,30.63501253229476,20.144048895230014,3.0309819e-05,-2.8150265e-05,4.3980104e-05,4.2182568e-05,7.4294934e-05
2.0983869972621756,31.26190298075811,20.513590406046347,3.0309819e-05,-2.8150265e-05,4.3980104e-05,4.2182568e-05,7.4294934e-05
1.6791219681486909,31.56923842208769,20.73130027378244,3.0309819e-05,-2.8150265e-05,4.3980104e-05,4.2182568e-05,7.4294934e-05
1.560310415300968,31.771640766590828,20.465264335017157,3.0309819e-05,-2.8150265e-05,4.3980104e-05,4.2182568e-05,7.4294934e-05
1.5567577989434311,31.89268229668762,20.2167898044962,8.163361e-06,-2.4323634e-05,6.7078395e-06,9.59895e-07,1.4872597e-05
1.593646704970501,31.974624609570814,20.150151544364324,8.163361e-06,-2.4323634e-05,6.7078395e-06,9.59895e-07,1.4872597e-05
1.6461628041491536,31.34820306173601,19.473293101453745,8.163361e-06,-2.4323634e-05,6.7078395e-06,9.59895e-07,1.4872597e-05
1.6847657424902633,31.937077083252998,19.83272201442178,8.163361e-06,-2.4323634e-05,6.7078395e-06,9.59895e-07,1.4872597e-05
1.7099849612462885,32.47116955230787,20.259834959318244,7.957252e-06,-1.7101562e-05,4.319972e-06,1.7518624e-06,1.2275129e-05
1.778393167007288,32.88115836964485,20.697248679288936,7.957252e-06,-1.7101562e-05,4.319972e-06,1.7518624e-06,1.2275129e-05
1.9009547680561447,33.378292137431075,21.198435969614007,7.957252e-06,-1.7101562e-05,4.319972e-06,1.7518624e-06,1.2275129e-05
2.0451652334862915,33.65706937107161,21.488519646782095,7.957252e-06,-1.7101562e-05,4.319972e-06,1.7518624e-06,1.2275129e-05
2.040718004087456,33.60187868738673,21.501744495430533,9.239736e-06,-2.97964e-05,3.8782373e-06,7.880635e-07,1.3115434e-05
1.960504376662939,33.208841630355145,21.220636640573787,9.239736e-06,-2.97964e-05,3.8782373e-06,7.880635e-07,1.3115434e-05
2.0490506304708287,33.22613581151429,21.252424709829175,9.239736e-06,-2.97964e-05,3.8782373e-06,7.880635e-07,1.3115434e-05
2.1698989704237843,33.41018277869895,21.47620753480122,9.239736e-06,-2.97964e-05,3.8782373e-06,7.880635e-07,1.3115434e-05
2.0338807696757026,33.05143909304747,21.15646627848687,8.357853e-06,-3.013748e-05,3.482587e-06,1.2685189e-06,1.1840568e-05
1.9141256314348511,33.07745999305904,21.233433077545985,8.357853e-06,-3.013748e-05,3.482587e-06,1.2685189e-06,1.1840568e-05
1.8530636640573785,33.0623649404234,21.24590868777234,8.357853e-06,-3.013748e-05,3.482587e-06,1.2685189e-06,1.1840568e-05
1.8659769405776423,33.76612077276058,22.138745228087764,8.357853e-06,-3.013748e-05,3.482587e-06,1.2685189e-06,1.1840568e-05
1.9437982493348243,33.744234373192455,22.40531870589596,3.5303215e-06,-1.44580445e-05,2.1800447e-06,1.8344773e-08,5.710493e-06
2.0473686037095593,33.63266494427949,22.573472024062006,3.5303215e-06,-1.44580445e-05,2.1800447e-06,1.8344773e-08,5.710493e-06
2.1842035244668954,33.87668646126557,22.868588285196466,3.5303215e-06,-1.44580445e-05,2.1800447e-06,1.8344773e-08,5.710493e-06
2.41775768326071,33.86605329117341,23.028681216982225,3.5303215e-06,-1.44580445e-05,2.1800447e-06,1.8344773e-08,5.710493e-06
2.5934458026452782,33.7956028997802,23.236918597925424,7.1291342e-06,-2.9248e-05,1.7704928e-06,2.0309378e-07,8.897025e-06
2.7169995758300236,33.53133536420776,23.281765703929356,7.1291342e-06,-2.9248e-05,1.7704928e-06,2.0309378e-07,8.897025e-06
2.825575135927197,33.490905410095245,23.2909439710022,7.1291342e-06,-2.9248e-05,1.7704928e-06,2.0309378e-07,8.897025e-06
2.8087502410056686,33.40213241815447,23.28904407511665,7.1291342e-06,-2.9248e-05,1.7704928e-06,2.0309378e-07,8.897025e-06
2.859696911271353,33.447102919060654,23.46323371765704,1.1320566e-05,-2.6566715e-05,2.3142345e-06,1.1124296e-07,1.3635181e-05
3.1003636293525623,33.289715034897625,23.43563914703274,1.1320566e-05,-2.6566715e-05,2.3142345e-06,1.1124296e-07,1.3635181e-05
3.2373454671653876,33.173879227239425,23.389462460957084,1.1320566e-05,-2.6566715e-05,2.3142345e-06,1.1124296e-07,1.3635181e-05
3.277939305132457,33.08827941233178,23.37833686808314,1.1320566e-05,-2.6566715e-05,2.3142345e-06,1.1124296e-07,1.3635181e-05
9.31917980950912,31.035862800293064,21.13318435969614,2.7852508e-05,-4.9473758e-05,2.346633e-05,0.0,5.13156e-05
8.156445455597115,31.37908186480546,21.38390853352871,2.7852508e-05,-4.9473758e-05,2.346633e-05,0.0,5.13156e-05
4.9712432036401495,28.304204681294102,18.0017576061389,2.7852508e-05,-4.9473758e-05,2.346633e-05,0.0,5.13156e-05
2.8733960590753096,30.466536844946592,19.80234951606062,2.6203319e-05,-2.6355881e-05,4.068058e-05,3.719752e-05,6.6879584e-05
2.0126564608799598,31.113065206493655,20.204539004357382,2.6203319e-05,-2.6355881e-05,4.068058e-05,3.719752e-05,6.6879584e-05
1.7202367639686886,31.538556665252766,20.179426984922685,2.6203319e-05,-2.6355881e-05,4.068058e-05,3.719752e-05,6.6879584e-05
1.607038907955115,31.198127867967457,19.614211622257354,2.6203319e-05,-2.6355881e-05,4.068058e-05,3.719752e-05,6.6879584e-05
1.585262406971812,31.530362858134424,19.6929406547642,8.837737e-06,-1.6080103e-05,7.388627e-06,1.3612266e-06,1.6225033e-05
1.6171399375313307,31.35116955230787,19.3382956079127,8.837737e-06,-1.6080103e-05,7.388627e-06,1.3612266e-06,1.6225033e-05
1.6537141865576677,31.52876450854124,19.29952840010797,8.837737e-06,-1.6080103e-05,7.388627e-06,1.3612266e-06,1.6225033e-05
1.682283576909729,32.45165734778082,20.160366714225116,8.837737e-06,-1.6080103e-05,7.388627e-06,1.3612266e-06,1.6225033e-05
1.7760212856206377,32.91495430532526,20.55682489492153,9.602378e-06,-1.476564e-05,4.135572e-06,1.783569e-06,1.37350935e-05
1.8506879265800331,33.286118844715226,20.907623876913586,9.602378e-06,-1.476564e-05,4.135572e-06,1.783569e-06,1.37350935e-05
1.9452901708248178,33.12897196622065,20.791231635368064,9.602378e-06,-1.476564e-05,4.135572e-06,1.783569e-06,1.37350935e-05
2.121654648517333,33.717208961554775,21.428092391933056,9.602378e-06,-1.476564e-05,4.135572e-06,1.783569e-06,1.37350935e-05
2.1876902016735436,33.32006825280531,21.11779740099487,7.296586e-06,-2.9426972e-05,4.3727846e-06,6.15756e-07,1.1669561e-05
2.130679828789573,32.05211737940076,19.92429105772568,7.296586e-06,-2.9426972e-05,4.3727846e-06,6.15756e-07,1.1669561e-05
2.232593606601627,32.86993406084911,20.867615393514054,7.296586e-06,-2.9426972e-05,4.3727846e-06,6.15756e-07,1.1669561e-05
2.2888493425365364,32.79632475995835,20.84173061350403,7.296586e-06,-2.9426972e-05,4.3727846e-06,6.15756e-07,1.1669561e-05
2.122160182007481,32.568670419928274,20.653430763891567,9.696133e-06,-3.141137e-05,4.695437e-06,1.3608458e-06,1.4393094e-05
1.993318551652335,32.504221262484094,20.602607488528133,9.696133e-06,-3.141137e-05,4.695437e-06,1.3608458e-06,1.4393094e-05
1.9544892607874136,32.95112096556511,21.18854085528092,9.696133e-06,-3.141137e-05,4.695437e-06,1.3608458e-06,1.4393094e-05
1.989153588092392,33.47600624686693,21.84626036324374,9.696133e-06,-3.141137e-05,4.695437e-06,1.3608458e-06,1.4393094e-05
2.089107315004049,33.91960475070373,22.468724790807077,4.4579706e-06,-1.864528e-05,2.4848598e-06,8.6137916e-08,6.9420685e-06
2.188225812671114,33.97748312960321,22.66555469864651,4.4579706e-06,-1.864528e-05,2.4848598e-06,8.6137916e-08,6.9420685e-06
2.2646265376161647,33.867493541048084,22.82269502178691,4.4579706e-06,-1.864528e-05,2.4848598e-06,8.6137916e-08,6.9420685e-06
2.520653992981915,33.66937878378899,22.755115489916324,4.4579706e-06,-1.864528e-05,2.4848598e-06,8.6137916e-08,6.9420685e-06
2.6610118381984345,33.84348706281572,23.142958778390465,6.6014522e-06,-3.2073258e-05,2.5808367e-06,2.5790592e-07,9.181401e-06
2.75481702849651,33.7174997107932,23.2011514286816,6.6014522e-06,-3.2073258e-05,2.5808367e-06,2.5790592e-07,9.181401e-06
2.874253268036864,33.12077970153858,22.854496587359737,6.6014522e-06,-3.2073258e-05,2.5808367e-06,2.5790592e-07,9.181401e-06
2.902528053059808,32.812693479350635,22.614619211043845,6.6014522e-06,-3.2073258e-05,2.5808367e-06,2.5790592e-07,9.181401e-06
2.9338487641229323,33.26929819149346,23.186376817182744,8.605349e-06,-2.8187014e-05,2.6631026e-06,4.027281e-07,1.1267246e-05
2.9917529788300623,33.22659005899819,23.271653106081057,8.605349e-06,-2.8187014e-05,2.6631026e-06,4.027281e-07,1.1267246e-05
3.0676782477923883,33.16328770292677,23.3835302510315,8.605349e-06,-2.8187014e-05,2.6631026e-06,4.027281e-07,1.1267246e-05
3.085547372074191,33.006218717464236,23.33217753441561,8.605349e-06,-2.8187014e-05,2.6631026e-06,4.027281e-07,1.1267246e-05
3.0412455172945667,32.808820807465395,23.277360120310032,7.570234e-06,-3.6554946e-05,4.704768e-06,4.4703484e-07,1.2274113e-05
8.591943469710408,30.694684764585663,20.50941310299618,2.8616196e-05,-4.8466914e-05,2.7632816e-05,0.0,5.6246092e-05
6.8381058882504915,31.512604789264643,21.22297150348976,2.8616196e-05,-4.8466914e-05,2.7632816e-05,0.0,5.6246092e-05
3.7708313731538965,29.371270967493157,18.81020398719778,2.8616196e-05,-4.8466914e-05,2.7632816e-05,0.0,5.6246092e-05
2.372341032661088,29.975396598928004,18.982563529094204,1.8401775e-05,-2.658072e-05,3.1544376e-05,2.0471878e-05,4.994387e-05
1.8768129410403733,31.151149500636254,19.77562295145182,1.8401775e-05,-2.658072e-05,3.1544376e-05,2.0471878e-05,4.994387e-05
1.6890541009524542,31.491897582231136,19.654455712798367,1.8401775e-05,-2.658072e-05,3.1544376e-05,2.0471878e-05,4.994387e-05
1.6502514171133305,30.329189449735857,18.395528091620715,1.8401775e-05,-2.658072e-05,3.1544376e-05,2.0471878e-05,4.994387e-05
1.6589314772683454,31.710889600123394,19.575032198357306,9.952135e-06,-1.3611691e-05,6.8163845e-06,1.3372642e-06,1.6768012e-05
1.614271391663132,31.462027918096634,19.105375390429185,9.952135e-06,-1.3611691e-05,6.8163845e-06,1.3372642e-06,1.6768012e-05
1.6218493810974433,32.32589866193653,19.76773223306212,9.952135e-06,-1.3611691e-05,6.8163845e-06,1.3372642e-06,1.6768012e-05
1.6805171017622333,32.74492422781784,20.20441869432769,9.952135e-06,-1.3611691e-05,6.8163845e-06,1.3372642e-06,1.6768012e-05
1.7869644854046967,33.28251687039679,20.69423205953804,6.8247e-06,-1.23148675e-05,3.832217e-06,1.6251629e-06,1.06545685e-05
1.9067886476689933,33.81580842941426,21.151919176339028,6.8247e-06,-1.23148675e-05,3.832217e-06,1.6251629e-06,1.06545685e-05
2.0292769829946398,33.7873832568542,21.17743531407859,6.8247e-06,-1.23148675e-05,3.832217e-06,1.6251629e-06,1.06545685e-05
2.1895230015809974,33.73574171904523,21.271580997185055,6.8247e-06,-1.23148675e-05,3.832217e-06,1.6251629e-06,1.06545685e-05
2.288584043496703,33.762402344503144,21.462130875718195,9.6383055e-06,-2.737001e-05,5.4707416e-06,5.6649804e-07,1.5108857e-05
2.3342181776115374,33.745213434619984,21.54564454555971,9.6383055e-06,-2.737001e-05,5.4707416e-06,5.6649804e-07,1.5108857e-05
2.3881564030385993,32.92267149963367,20.863227933520996,9.6383055e-06,-2.737001e-05,5.4707416e-06,5.6649804e-07,1.5108857e-05
2.304607642771758,32.52904176146223,20.53631820460417,9.6383055e-06,-2.737001e-05,5.4707416e-06,5.6649804e-07,1.5108857e-05
2.1367373616627465,32.20626460494351,20.276012031002967,1.0069567e-05,-3.4006855e-05,5.874771e-06,1.5741275e-06,1.5943195e-05
2.0921767631974704,32.57573169320942,20.67392627154591,1.0069567e-05,-3.4006855e-05,5.874771e-06,1.5741275e-06,1.5943195e-05
2.0846535302510314,32.51239540353989,20.744445301353487,1.0069567e-05,-3.4006855e-05,5.874771e-06,1.5741275e-06,1.5943195e-05
2.112298230054371,33.533376393012766,21.860742683067905,1.0069567e-05,-3.4006855e-05,5.874771e-06,1.5741275e-06,1.5943195e-05
2.1206096479389194,33.825970770832534,22.259248833532563,6.59739e-06,-2.5759358e-05,3.521054e-06,2.8193188e-07,1.0113619e-05
2.278590598850885,33.99665137084024,22.491381251687038,6.59739e-06,-2.5759358e-05,3.521054e-06,2.8193188e-07,1.0113619e-05
2.4153464697489686,33.777070913507885,22.533276905872825,6.59739e-06,-2.5759358e-05,3.521054e-06,2.8193188e-07,1.0113619e-05
2.612247715266263,33.635926425789535,22.576795588632248,6.59739e-06,-2.5759358e-05,3.521054e-06,2.8193188e-07,1.0113619e-05
2.784639262715459,33.67423475880153,22.84621486137354,8.252292e-06,-3.0285999e-05,3.6755562e-06,2.717121e-07,1.1929308e-05
2.8783222149384953,33.74275324875641,23.07344387459993,8.252292e-06,-3.0285999e-05,3.6755562e-06,2.717121e-07,1.1929308e-05
2.9897979408475686,33.26130027378244,22.846650214013035,8.252292e-06,-3.0285999e-05,3.6755562e-06,2.717121e-07,1.1929308e-05
3.0964038098176068,32.913913932055685,22.611532796051364,8.252292e-06,-3.0285999e-05,3.6755562e-06,2.717121e-07,1.1929308e-05
3.156503682566614,33.11267959742413,22.954244399028266,1.2887489e-05,-3.2406555e-05,4.0295026e-06,1.1000834e-06,1.6916167e-05
3.134055450584198,33.0467354336174,23.013918559364516,1.2887489e-05,-3.2406555e-05,4.0295026e-06,1.1000834e-06,1.6916167e-05
3.152116608182624,33.2348956927467,23.38179848070027,1.2887489e-05,-3.2406555e-05,4.0295026e-06,1.1000834e-06,1.6916167e-05
3.0977896888134806,32.9165025257394,23.237958585585933,1.2887489e-05,-3.2406555e-05,4.0295026e-06,1.1000834e-06,1.6916167e-05
3.0173909690355916,32.80612732811476,23.35460725716269,8.864969e-06,-3.6916994e-05,6.013658e-06,1.5483242e-06,1.4878437e-05
8.908744842478695,30.807419889715803,20.526137353950563,2.9981962e-05,-4.744475e-05,3.1413045e-05,0.0,6.139596e-05
6.819607835576293,30.17310916592758,19.838982763274593,2.9981962e-05,-4.744475e-05,3.1413045e-05,0.0,6.139596e-05
3.4590263370994485,27.82444954305325,17.149239193305824,2.9981962e-05,-4.744475e-05,3.1413045e-05,0.0,6.139596e-05
2.0707210889600125,30.6402290517873,19.343620097944704,1.7848639e-05,-2.3453951e-05,2.570052e-05,1.1332563e-05,4.355303e-05
1.6683538348821965,31.087692515327962,19.132312497589943,1.7848639e-05,-2.3453951e-05,2.570052e-05,1.1332563e-05,4.355303e-05
1.6041156055990435,30.918444453013535,18.852326379516445,1.7848639e-05,-2.3453951e-05,2.570052e-05,1.1332563e-05,4.355303e-05
1.655465622951452,31.753155439015924,19.555070759264257,1.7848639e-05,-2.3453951e-05,2.570052e-05,1.1332563e-05,4.355303e-05
1.7095461381251689,32.37284348127868,19.942171364670497,9.784176e-06,-1.3367304e-05,5.9079694e-06,1.8234324e-06,1.5691066e-05
1.6676119230324298,32.29679250375969,19.55719700767362,9.784176e-06,-1.3367304e-05,5.9079694e-06,1.8234324e-06,1.5691066e-05
1.711561331122508,32.831611845910615,20.066545328346123,9.784176e-06,-1.3367304e-05,5.9079694e-06,1.8234324e-06,1.5691066e-05
1.7955134384760731,33.19162495661898,20.46441907993676,9.784176e-06,-1.3367304e-05,5.9079694e-06,1.8234324e-06,1.5691066e-05
1.841614930783172,33.55650869548452,20.76755523849921,6.806292e-06,-1.690574e-05,5.831607e-06,1.4704066e-06,1.263885e-05
1.9245405467936607,33.621483823699535,20.710396020514402,6.806292e-06,-1.690574e-05,5.831607e-06,1.4704066e-06,1.263885e-05
2.0764458412061852,33.66649558477615,20.780941271738712,6.806292e-06,-1.690574e-05,5.831607e-06,1.4704066e-06,1.263885e-05
2.197775035668839,33.65363513669841,21.030620444992863,6.806292e-06,-1.690574e-05,5.831607e-06,1.4704066e-06,1.263885e-05
2.3405919099217214,33.795450198588675,21.446030925847378,8.487029e-06,-2.84232e-05,6.493161e-06,7.695918e-07,1.4980634e-05
2.443122662245016,33.756664481548604,21.564123317780435,8.487029e-06,-2.84232e-05,6.493161e-06,7.695918e-07,1.4980634e-05
2.4551208884432962,33.44055257779663,21.28585778737516,8.487029e-06,-2.84232e-05,6.493161e-06,7.695918e-07,1.4980634e-05
2.414948906798288,32.379720433424595,20.330538695870125,8.487029e-06,-2.84232e-05,6.493161e-06,7.695918e-07,1.4980634e-05
2.265415879381483,32.809345621409015,20.857834033856474,9.75523e-06,-3.3193854e-05,7.6584665e-06,1.0556814e-06,1.7414712e-05
2.197539428527359,33.42104924227818,21.550879959896655,9.75523e-06,-3.3193854e-05,7.6584665e-06,1.0556814e-06,1.7414712e-05
2.1747175413565727,33.540028920680214,21.68934754945436,9.75523e-06,-3.3193854e-05,7.6584665e-06,1.0556814e-06,1.7414712e-05
2.1056715381945783,33.83412486021671,22.096623606987237,9.75523e-06,-3.3193854e-05,7.6584665e-06,1.0556814e-06,1.7414712e-05
2.103328963097212,33.697425673851846,22.056116531060812,6.5275653e-06,-2.6680435e-05,5.0410677e-06,3.103377e-07,1.1567745e-05
2.354544402884356,33.757081710561835,22.202333706088766,6.5275653e-06,-2.6680435e-05,5.0410677e-06,3.103377e-07,1.1567745e-05
2.5941190760806694,33.959200632398876,22.44658928778005,6.5275653e-06,-2.6680435e-05,5.0410677e-06,3.103377e-07,1.1567745e-05
2.7650769290093704,33.64620367871052,22.448408976979138,6.5275653e-06,-2.6680435e-05,5.0410677e-06,3.103377e-07,1.1567745e-05
2.8535275517680176,33.53312343346315,22.66158639571203,7.2268253e-06,-3.2577933e-05,5.3254435e-06,4.8118534e-07,1.2552776e-05
2.9515435931053102,33.380378668106275,22.723729996529517,7.2268253e-06,-3.2577933e-05,5.3254435e-06,4.8118534e-07,1.2552776e-05
3.1096020514402496,33.2600050129179,22.65988585971542,7.2268253e-06,-3.2577933e-05,5.3254435e-06,4.8118534e-07,1.2552776e-05
3.248616434658543,32.68083291559017,22.299295492229977,7.2268253e-06,-3.2577933e-05,5.3254435e-06,4.8118534e-07,1.2552776e-05
3.358251648478772,33.086256892762115,22.906575405853545,1.007712e-05,-3.2338543e-05,7.2914445e-06,1.6808319e-06,1.7366725e-05
3.400240234450314,30.684847491613002,20.66963598503837,1.007712e-05,-3.2338543e-05,7.2914445e-06,1.6808319e-06,1.7366725e-05
3.3743901592565457,31.953835267805502,22.007127212432035,1.007712e-05,-3.2338543e-05,7.2914445e-06,1.6808319e-06,1.7366725e-05
3.2214248255118965,32.29676859599738,22.611029576215632,1.007712e-05,-3.2338543e-05,7.2914445e-06,1.6808319e-06,1.7366725e-05
3.0812709674931558,32.18135078857055,22.806307407550225,1.0900604e-05,-2.9827006e-05,8.40381e-06,1.8752294e-06,1.9304034e-05
3.027426445069988,31.795561639609765,22.71011414028458,1.0900604e-05,-2.9827006e-05,8.40381e-06,1.8752294e-06,1.9304034e-05
10.024820498978137,31.332151312998885,21.011598735202252,3.2305084e-05,-4.5507917e-05,3.5643516e-05,0.0,6.795615e-05
7.581320711063125,31.243168164115218,20.862091157984036,3.2305084e-05,-4.5507917e-05,3.5643516e-05,0.0,6.795615e-05
3.4551293718428258,26.928397794316123,15.98853738479929,3.2305084e-05,-4.5507917e-05,3.5643516e-05,0.0,6.795615e-05
2.0467470018894844,30.64290325068446,19.071124821655804,1.2354285e-05,-2.3350032e-05,2.5605812e-05,1.0896002e-05,3.7959715e-05
1.6467497011529713,30.73976554968573,18.67831720202059,1.2354285e-05,-2.3350032e-05,2.5605812e-05,1.0896002e-05,3.7959715e-05
1.6008687772336405,31.276936721551692,19.104706744302625,1.2354285e-05,-2.3350032e-05,2.5605812e-05,1.0896002e-05,3.7959715e-05
1.6483025488759495,31.918348050746154,19.369181351945397,1.2354285e-05,-2.3350032e-05,2.5605812e-05,1.0896002e-05,3.7959715e-05
1.7248251262869703,32.66028920680215,19.876357536729266,8.004732e-06,-1.3549371e-05,6.2038343e-06,1.8406029e-06,1.4207869e-05
1.7311977017699456,32.737124898777616,19.878954613812517,8.004732e-06,-1.3549371e-05,6.2038343e-06,1.8406029e-06,1.4207869e-05
1.857482358385069,32.79176416149308,19.91299039833417,8.004732e-06,-1.3549371e-05,6.2038343e-06,1.8406029e-06,1.4207869e-05
1.985240427254849,33.236054833609685,20.20567269502179,8.004732e-06,-1.3549371e-05,6.2038343e-06,1.8406029e-06,1.4207869e-05
1.9786492114294527,33.26208036093009,20.182855049550763,8.697708e-06,-1.759983e-05,7.654912e-06,1.5405801e-06,1.635097e-05
1.9968680831373153,33.2167265646088,20.235366521420584,8.697708e-06,-1.759983e-05,7.654912e-06,1.5405801e-06,1.635097e-05
2.093060964793892,33.0499151660047,20.097119885859716,8.697708e-06,-1.759983e-05,7.654912e-06,1.5405801e-06,1.635097e-05
2.1965464851733314,33.57709289322485,20.77993174719469,8.697708e-06,-1.759983e-05,7.654912e-06,1.5405801e-06,1.635097e-05
2.3340913122276636,33.26974781166853,20.7532013264952,1.0366067e-05,-3.4566543e-05,8.726272e-06,1.8737694e-06,1.9092784e-05
2.442715073458528,32.919307060502064,20.68506728878263,1.0366067e-05,-3.4566543e-05,8.726272e-06,1.8737694e-06,1.9092784e-05
2.464724482319824,32.73091543593105,20.53242933713801,1.0366067e-05,-3.4566543e-05,8.726272e-06,1.8737694e-06,1.9092784e-05
2.4910091389349476,33.26028535071145,21.10868507307292,1.0366067e-05,-3.4566543e-05,8.726272e-06,1.8737694e-06,1.9092784e-05
2.4134026144294913,33.459141634211235,21.411122122392317,1.422907e-05,-3.4897108e-05,1.04054225e-05,2.3819323e-06,2.4634555e-05
2.297040836000463,32.824019588940736,20.928642656075272,1.422907e-05,-3.4897108e-05,1.04054225e-05,2.3819323e-06,2.4634555e-05
2.20677476574249,33.23413411483438,21.360549492924072,1.422907e-05,-3.4897108e-05,1.04054225e-05,2.3819323e-06,2.4634555e-05
2.1613577295337985,33.08678363475109,21.24103921644237,1.422907e-05,-3.4897108e-05,1.04054225e-05,2.3819323e-06,2.4634555e-05
2.257217059345236,33.46241159912081,21.706681448347666,1.12529e-05,-3.0824016e-05,7.12869e-06,7.103998e-07,1.838197e-05
2.4974453399143948,32.93368526587745,21.332322909034822,1.12529e-05,-3.0824016e-05,7.12869e-06,7.103998e-07,1.838197e-05
2.741647321945012,33.71309798326457,22.15728569775961,1.12529e-05,-3.0824016e-05,7.12869e-06,7.103998e-07,1.838197e-05
2.932820344734508,33.50896811012995,22.147239810280336,1.12529e-05,-3.0824016e-05,7.12869e-06,7.103998e-07,1.838197e-05
2.946758184552501,33.01166158948059,21.975638761423667,7.1812487e-06,-2.9464341e-05,8.013048e-06,1.6461101e-06,1.5192266e-05
3.032706590058998,32.800110284193885,22.095557012300926,7.1812487e-06,-2.9464341e-05,8.013048e-06,1.6461101e-06,1.5192266e-05
3.237648555894035,33.38674700188948,22.740020051671614,7.1812487e-06,-2.9464341e-05,8.013048e-06,1.6461101e-06,1.5192266e-05
3.342939883546061,33.871087417576064,23.392644892607873,7.1812487e-06,-2.9464341e-05,8.013048e-06,1.6461101e-06,1.5192266e-05
3.424527050476227,33.37772066479004,23.106459723132687,1.1138833e-05,-3.423838e-05,8.56847e-06,2.5082193e-06,1.9707364e-05
3.55107237882235,33.19284348127868,23.16524042725485,1.1138833e-05,-3.423838e-05,8.56847e-06,2.5082193e-06,1.9707364e-05
3.5330817876836464,29.751896039794858,19.783739636756255,1.1138833e-05,-3.423838e-05,8.56847e-06,2.5082193e-06,1.9707364e-05
3.4716299695368833,30.215985809586243,20.47537654725639,1.1138833e-05,-3.423838e-05,8.56847e-06,2.5082193e-06,1.9707364e-05
3.3851259013612,30.405607527089035,21.001846296224887,1.6468592e-05,-2.7249058e-05,1.1727198e-05,4.0556233e-06,2.8192806e-05
3.1814845949176727,30.73221879458605,21.618654995565493,1.6468592e-05,-2.7249058e-05,1.1727198e-05,4.0556233e-06,2.8192806e-05
3.011245517294567,31.88911348474916,22.803736166274632,1.6468592e-05,-2.7249058e-05,1.1727198e-05,4.0556233e-06,2.8192806e-05
11.308095862414683,30.39570431496549,19.7522662245016,3.0788622e-05,-4.3390664e-05,3.913442e-05,6.3532902e-06,6.992787e-05
8.403283461227009,28.656898931862877,17.89853777040836,3.0788622e-05,-4.3390664e-05,3.913442e-05,6.3532902e-06,6.992787e-05
3.5153237188138666,28.764984382832683,17.621465700073266,3.0788622e-05,-4.3390664e-05,3.913442e-05,6.3532902e-06,6.992787e-05
1.9770342806462808,29.735559711564417,18.11902556588131,8.057418e-06,-2.2420369e-05,2.3608072e-05,5.6512695e-06,3.1670952e-05
1.6721050399105386,31.075008676204064,19.129624802375353,8.057418e-06,-2.2420369e-05,2.3608072e-05,5.6512695e-06,3.1670952e-05
1.622390005012918,31.6546489029422,19.16264142212625,8.057418e-06,-2.2420369e-05,2.3608072e-05,5.6512695e-06,3.1670952e-05
1.6192897080939344,32.4194913816373,19.712174835152123,8.057418e-06,-2.2420369e-05,2.3608072e-05,5.6512695e-06,3.1670952e-05
1.682819573516369,32.990590367485446,20.064916130027378,8.431169e-06,-1.7804816e-05,8.388322e-06,1.048699e-06,1.6818793e-05
1.7671846681833958,32.722531909150504,19.682514171133306,8.431169e-06,-1.7804816e-05,8.388322e-06,1.048699e-06,1.6818793e-05
1.9334176531832028,33.215610611961594,20.026818339567345,8.431169e-06,-1.7804816e-05,8.388322e-06,1.048699e-06,1.6818793e-05
2.1369899356032853,33.16653530251032,19.94944780781244,8.431169e-06,-1.7804816e-05,8.388322e-06,1.048699e-06,1.6818793e-05
2.1580792812246945,33.23392202984614,20.026420005398528,1.4685657e-05,-1.7733762e-05,1.2152365e-05,3.4147938e-06,2.6836817e-05
2.1235001735240813,32.82432460571472,19.667058959626733,1.4685657e-05,-1.7733762e-05,1.2152365e-05,3.4147938e-06,2.6836817e-05
2.132423167392897,33.051050399105385,20.073219450121467,1.4685657e-05,-1.7733762e-05,1.2152365e-05,3.4147938e-06,2.6836817e-05
2.251439478656538,32.660392550032775,19.809327883391816,1.4685657e-05,-1.7733762e-05,1.2152365e-05,3.4147938e-06,2.6836817e-05
2.373201712104269,32.62139898970424,19.96757798943431,1.3212363e-05,-3.2262356e-05,1.2374153e-05,2.8734644e-06,2.558861e-05
2.4932560829830717,32.415468707824004,19.92331353873443,1.3212363e-05,-3.2262356e-05,1.2374153e-05,2.8734644e-06,2.558861e-05
2.5474179616704586,32.859314387074384,20.57799213357498,1.3212363e-05,-3.2262356e-05,1.2374153e-05,2.8734644e-06,2.558861e-05
2.5796579647553313,33.18618516947519,20.95103343230633,1.3212363e-05,-3.2262356e-05,1.2374153e-05,2.8734644e-06,2.558861e-05
2.547559094589905,33.40233254926156,21.253423437319245,1.3503531e-05,-4.168604e-05,1.2776849e-05,3.8842045e-06,2.628203e-05
2.3742983842979988,33.33937415648016,21.274754559827247,1.3503531e-05,-4.168604e-05,1.2776849e-05,3.8842045e-06,2.628203e-05
2.232801835499171,32.75144796205607,20.808705510353604,1.3503531e-05,-4.168604e-05,1.2776849e-05,3.8842045e-06,2.628203e-05
2.2800003856090694,32.68483322407743,20.783102224964328,1.3503531e-05,-4.168604e-05,1.2776849e-05,3.8842045e-06,2.628203e-05
2.461036517178884,32.681778043419584,20.85372691165696,1.38583655e-05,-3.1664993e-05,1.0198298e-05,2.7899607e-06,2.4056662e-05
2.6075533104538615,33.33067790074423,21.581093587321174,1.38583655e-05,-3.1664993e-05,1.0198298e-05,2.7899607e-06,2.4056662e-05
2.803291559017468,33.23932209925577,21.69841514672425,1.38583655e-05,-3.1664993e-05,1.0198298e-05,2.7899607e-06,2.4056662e-05
2.966020128793429,33.371442177920024,21.97384182315968,1.38583655e-05,-3.1664993e-05,1.0198298e-05,2.7899607e-06,2.4056662e-05
3.0945220375583236,32.60116145451741,21.42730497821309,1.02838e-05,-2.5699508e-05,1.1357129e-05,4.983907e-06,2.1638962e-05
3.2639073767015003,32.82150734585277,21.844877183511354,1.02838e-05,-2.5699508e-05,1.1357129e-05,4.983907e-06,2.1638962e-05
3.4303767400609266,32.488913739251146,21.840880345505727,1.02838e-05,-2.5699508e-05,1.1357129e-05,4.983907e-06,2.1638962e-05
3.448051517371689,33.742221879458604,23.227425288242777,1.02838e-05,-2.5699508e-05,1.1357129e-05,4.983907e-06,2.1638962e-05
3.4950352832298615,32.89832684224733,22.575368449465934,1.5031034e-05,-3.5052704e-05,1.0632986e-05,4.2171714e-06,2.5666814e-05
3.6893903520610807,33.59672193729997,23.411187290325067,1.5031034e-05,-3.5052704e-05,1.0632986e-05,4.2171714e-06,2.5666814e-05
3.7121401303358654,33.28333860332395,23.37187830177766,1.5031034e-05,-3.5052704e-05,1.0632986e-05,4.2171714e-06,2.5666814e-05
3.6665511124821655,29.0602745536575,19.283083330119926,1.5031034e-05,-3.5052704e-05,1.0632986e-05,4.2171714e-06,2.5666814e-05
3.6096290440751164,27.47556433887325,17.893418810010413,2.3823195e-05,-2.6585116e-05,2.0033254e-05,1.4308765e-05,4.3854292e-05
3.4170150001928046,28.254216249566188,18.843962133189372,2.3823195e-05,-2.6585116e-05,2.0033254e-05,1.4308765e-05,4.3854292e-05
3.2205309836887364,28.917341996683763,19.533546832221493,2.3823195e-05,-2.6585116e-05,2.0033254e-05,1.4308765e-05,4.3854292e-05
3.06409401149115,33.03298345737092,23.589177495854702,2.3823195e-05,-2.6585116e-05,2.0033254e-05,1.4308765e-05,4.3854292e-05
2.935872826128871,32.608566691088576,23.050843712644124,8.961962e-06,-3.1510812e-05,9.5735595e-06,1.5554654e-06,1.8534442e-05
10.546707284155323,32.94338911811206,22.181601048856667,2.4689145e-05,-3.6574456e-05,4.0276427e-05,1.9401503e-05,6.496208e-05
7.277904214707131,30.520416843404156,19.622977673234875,2.4689145e-05,-3.6574456e-05,4.0276427e-05,1.9401503e-05,6.496208e-05
3.0121069679558863,30.045056491728683,18.782616743145798,2.4689145e-05,-3.6574456e-05,4.0276427e-05,1.9401503e-05,6.496208e-05
1.8576281186133499,31.433275749045617,19.691386264604944,7.4875875e-06,-2.2098513e-05,2.2364691e-05,3.920386e-06,2.9850946e-05
1.6341071221995143,31.445569737400223,19.341057725677707,7.4875875e-06,-2.2098513e-05,2.2364691e-05,3.920386e-06,2.9850946e-05
1.6071561331122508,32.02057879921336,19.36212856206378,7.4875875e-06,-2.2098513e-05,2.2364691e-05,3.920386e-06,2.9850946e-05
1.5962815717425676,32.120222496433115,19.240125708556665,7.4875875e-06,-2.2098513e-05,2.2364691e-05,3.920386e-06,2.9850946e-05
1.6626506767439169,32.92283499787915,19.73576215632592,6.9247394e-06,-2.2363889e-05,1.001796e-05,1.3360899e-06,1.6943588e-05
1.7698361161454519,32.9149550765434,19.47825241969691,6.9247394e-06,-2.2363889e-05,1.001796e-05,1.3360899e-06,1.6943588e-05
1.9708494967801644,33.47466394169591,19.887743801334206,6.9247394e-06,-2.2363889e-05,1.001796e-05,1.3360899e-06,1.6943588e-05
2.1887591100142676,33.52845062275865,20.046227200863765,6.9247394e-06,-2.2363889e-05,1.001796e-05,1.3360899e-06,1.6943588e-05
2.229345235799946,32.8051447962056,19.42123549145876,1.4017375e-05,-1.7864886e-05,1.5419893e-05,5.0452572e-06,2.944025e-05
2.2029830717618477,33.022841553233334,19.69531215054178,1.4017375e-05,-1.7864886e-05,1.5419893e-05,5.0452572e-06,2.944025e-05
2.220673659044461,32.888029152045654,19.752157868353063,1.4017375e-05,-1.7864886e-05,1.5419893e-05,5.0452572e-06,2.944025e-05
2.316237226699572,32.87067095978097,19.889693826398798,1.4017375e-05,-1.7864886e-05,1.5419893e-05,5.0452572e-06,2.944025e-05
2.4081961207727605,32.796614737978636,19.998562834997877,1.5541578e-05,-3.0532992e-05,1.4016423e-05,3.2443907e-06,2.9559715e-05
2.5684456098407433,32.717377087109085,20.02907569506035,1.5541578e-05,-3.0532992e-05,1.4016423e-05,3.2443907e-06,2.9559715e-05
2.7118127482358387,32.92139667604982,20.444928855126673,1.5541578e-05,-3.0532992e-05,1.4016423e-05,3.2443907e-06,2.9559715e-05
2.7563583079474028,33.384795048779544,21.008232368025297,1.5541578e-05,-3.0532992e-05,1.4016423e-05,3.2443907e-06,2.9559715e-05
2.70295685034512,33.63032468283654,21.361953881155287,1.2364123e-05,-3.6519898e-05,1.2670462e-05,4.7090525e-06,2.5034713e-05
2.472030231751051,33.02310106813712,20.81788609108086,1.2364123e-05,-3.6519898e-05,1.2670462e-05,4.7090525e-06,2.5034713e-05
2.3050969806809856,33.264714070874945,21.18675934137971,1.2364123e-05,-3.6519898e-05,1.2670462e-05,4.7090525e-06,2.5034713e-05
2.387789688813481,33.11371919947557,21.111487679790226,1.2364123e-05,-3.6519898e-05,1.2670462e-05,4.7090525e-06,2.5034713e-05
2.539047159989203,33.32424208537385,21.401729456676822,1.086036e-05,-3.187079e-05,1.0493083e-05,2.6596113e-06,2.1351158e-05
2.66662861990514,33.34187406007789,21.474894921528552,1.086036e-05,-3.187079e-05,1.0493083e-05,2.6596113e-06,2.1351158e-05
2.864479234951606,33.213260324682835,21.549291636139284,1.086036e-05,-3.187079e-05,1.0493083e-05,2.6596113e-06,2.1351158e-05
3.0209401149115025,33.08605251995527,21.573673697605365,1.086036e-05,-3.187079e-05,1.0493083e-05,2.6596113e-06,2.1351158e-05
3.2776443141942697,32.592295530790885,21.267938919523385,1.1203134e-05,-2.7598227e-05,1.5029892e-05,7.0796227e-06,2.6232772e-05
3.570159256545714,33.200959395364976,22.006886592372652,1.1203134e-05,-2.7598227e-05,1.5029892e-05,7.0796227e-06,2.6232772e-05
3.7411699379169394,33.68252342575097,22.824037712567,1.1203134e-05,-2.7598227e-05,1.5029892e-05,7.0796227e-06,2.6232772e-05
3.855606755870898,33.579565418578646,22.943929742027535,1.1203134e-05,-2.7598227e-05,1.5029892e-05,7.0796227e-06,2.6232772e-05
3.9191701692823813,33.08194192727413,22.722896695330274,1.5929421e-05,-2.7957212e-05,1.299889e-05,6.2621693e-06,2.8926852e-05
3.9405957660124167,33.13191763390275,22.96051440249875,1.5929421e-05,-2.7957212e-05,1.299889e-05,6.2621693e-06,2.8926852e-05
3.9251420969421202,33.295274360852964,23.395122430879574,1.5929421e-05,-2.7957212e-05,1.299889e-05,6.2621693e-06,2.8926852e-05
3.8457120271468788,33.59004241699765,23.762366097250606,1.5929421e-05,-2.7957212e-05,1.299889e-05,6.2621693e-06,2.8926852e-05
3.7110889600123396,31.995756372189874,22.244302240388695,2.5290143e-05,-2.8965613e-05,2.745889e-05,2.1287904e-05,5.2750172e-05
3.5514132572398105,28.272098098947286,18.566380673273436,2.5290143e-05,-2.8965613e-05,2.745889e-05,2.1287904e-05,5.2750172e-05
3.374827054332318,29.1291636139282,19.46750588053831,2.5290143e-05,-2.8965613e-05,2.745889e-05,2.1287904e-05,5.2750172e-05
3.1902668414761117,27.385602514171133,17.737639301276367,2.5290143e-05,-2.8965613e-05,2.745889e-05,2.1287904e-05,5.2750172e-05
3.0603374079358345,32.86829098060387,23.14100026992635,1.741852e-05,-3.333612e-05,1.3620201e-05,7.5534763e-06,3.1038086e-05
2.8968403192843093,32.38787915011761,22.589352947981336,1.741852e-05,-3.333612e-05,1.3620201e-05,7.5534763e-06,3.1038086e-05
9.73526394940809,33.83914317664752,23.081228936104576,2.6920288e-05,-3.635636e-05,4.5766465e-05,1.9407913e-05,7.2683644e-05
8.616371418655767,35.23327536343655,24.48913893494775,2.6920288e-05,-3.635636e-05,4.5766465e-05,1.9407913e-05,7.2683644e-05
5.124968187251763,31.703158138279413,20.885323333204795,2.6920288e-05,-3.635636e-05,4.5766465e-05,1.9407913e-05,7.2683644e-05
2.6406266147379784,29.986374889137394,18.728406277715653,2.6920288e-05,-3.635636e-05,4.5766465e-05,1.9407913e-05,7.2683644e-05
1.8762742451702463,30.246584274862148,18.33633517140323,8.274382e-06,-2.1400469e-05,2.1640803e-05,4.0140144e-06,2.9917723e-05
1.6486465121659661,31.190330466972583,18.67943006979524,8.274382e-06,-2.1400469e-05,2.1640803e-05,4.0140144e-06,2.9917723e-05
1.59241275594802,31.404930397562953,18.773995681178423,8.274382e-06,-2.1400469e-05,2.1640803e-05,4.0140144e-06,2.9917723e-05
1.607077854471137,32.357883391817374,19.396787490841785,8.274382e-06,-2.1400469e-05,2.1640803e-05,4.0140144e-06,2.9917723e-05
1.6885069216827981,32.68562295145182,19.25231326880808,7.640757e-06,-2.1018826e-05,1.3611759e-05,3.8099365e-06,2.1252516e-05
1.8357293795550071,33.43449543053253,19.5666633247214,7.640757e-06,-2.1018826e-05,1.3611759e-05,3.8099365e-06,2.1252516e-05
2.0022816488643813,33.306243782053755,19.41464427563336,7.640757e-06,-2.1018826e-05,1.3611759e-05,3.8099365e-06,2.1252516e-05
2.127370146145837,32.606267689816065,18.913895037211276,7.640757e-06,-2.1018826e-05,1.3611759e-05,3.8099365e-06,2.1252516e-05
2.1734157251378554,32.794316893533335,19.287584930397564,1.1438887e-05,-1.8640721e-05,1.6685175e-05,5.072044e-06,2.8125649e-05
2.216349824547873,33.100630085219606,19.653279605136312,1.1438887e-05,-1.8640721e-05,1.6685175e-05,5.072044e-06,2.8125649e-05
2.307769251532796,33.37354953148498,19.974000694096326,1.1438887e-05,-1.8640721e-05,1.6685175e-05,5.072044e-06,2.8125649e-05
2.377100605406239,32.8730177765781,19.75662861990514,1.1438887e-05,-1.8640721e-05,1.6685175e-05,5.072044e-06,2.8125649e-05
2.3997535958045733,32.20661049627888,19.332540778159103,1.630863e-05,-3.2370237e-05,1.5009072e-05,4.3088003e-06,3.1317893e-05
2.5685181043458143,32.74898854741063,20.00376894304554,1.630863e-05,-3.2370237e-05,1.5009072e-05,4.3088003e-06,3.1317893e-05
2.8395430532526125,33.36018894844407,20.651774187328886,1.630863e-05,-3.2370237e-05,1.5009072e-05,4.3088003e-06,3.1317893e-05
2.920465815755987,33.66339760151159,21.160946284656614,1.630863e-05,-3.2370237e-05,1.5009072e-05,4.3088003e-06,3.1317893e-05
2.7802772529209885,32.89742914433348,20.55478617977095,1.12449015e-05,-2.6298336e-05,1.3140698e-05,5.7764137e-06,2.4386361e-05
2.568103188987005,33.461679327497784,21.200071337677862,1.12449015e-05,-2.6298336e-05,1.3140698e-05,5.7764137e-06,2.4386361e-05
2.4469540739598195,34.09581845525007,21.86456291211969,1.12449015e-05,-2.6298336e-05,1.3140698e-05,5.7764137e-06,2.4386361e-05
2.511452589364902,33.41127443797478,21.317420660933948,1.12449015e-05,-2.6298336e-05,1.3140698e-05,5.7764137e-06,2.4386361e-05
2.615346855358038,33.7016322831913,21.71624763814445,7.5854687e-06,-3.577173e-05,1.0011168e-05,2.7167403e-06,1.7597526e-05
2.779900127250993,33.40198087379015,21.472414298384297,7.5854687e-06,-3.577173e-05,1.0011168e-05,2.7167403e-06,1.7597526e-05
3.017748814252111,33.66376277330043,21.770220953996837,7.5854687e-06,-3.577173e-05,1.0011168e-05,2.7167403e-06,1.7597526e-05
3.2146442756333626,33.37383719585085,21.73090078278641,7.5854687e-06,-3.577173e-05,1.0011168e-05,2.7167403e-06,1.7597526e-05
3.523086029383411,33.59268383912389,22.17944780781244,9.70921e-06,-2.5775576e-05,1.7449116e-05,5.9208232e-06,2.7160168e-05
3.8352805305980797,33.67753287317318,22.43643465854317,9.70921e-06,-2.5775576e-05,1.7449116e-05,5.9208232e-06,2.7160168e-05
4.076147765395442,32.030814020745765,20.8567759225697,9.70921e-06,-2.5775576e-05,1.7449116e-05,5.9208232e-06,2.7160168e-05
4.420635483746578,33.28489877761925,22.488324528592912,9.70921e-06,-2.5775576e-05,1.7449116e-05,5.9208232e-06,2.7160168e-05
4.430052828442525,33.18082134731809,22.821979716962943,1.5679512e-05,-2.205004e-05,1.773946e-05,9.561404e-06,3.3415545e-05
4.159973778583272,30.362212239231866,20.30832607102919,1.5679512e-05,-2.205004e-05,1.773946e-05,9.561404e-06,3.3415545e-05
4.061773030501677,33.191667759225695,23.19330389850769,1.5679512e-05,-2.205004e-05,1.773946e-05,9.561404e-06,3.3415545e-05
4.058525430918135,33.64646473605059,23.79017853699919,1.5679512e-05,-2.205004e-05,1.773946e-05,9.561404e-06,3.3415545e-05
3.9647996760883815,34.01862491805807,24.184927698299465,2.1545333e-05,-2.9754767e-05,2.7667093e-05,1.8882358e-05,4.921287e-05
3.7834203524466896,33.458351906836846,23.586037095592488,2.1545333e-05,-2.9754767e-05,2.7667093e-05,1.8882358e-05,4.921287e-05
3.6003501330351293,31.093447730690627,21.22961901823931,2.1545333e-05,-2.9754767e-05,2.7667093e-05,1.8882358e-05,4.921287e-05
3.377283384105194,28.646836463193615,18.79206994948521,2.1545333e-05,-2.9754767e-05,2.7667093e-05,1.8882358e-05,4.921287e-05
3.1661173022789497,30.00924266378745,20.14027686731192,1.9257506e-05,-3.6670514e-05,1.8698593e-05,1.2310676e-05,3.7956797e-05
3.02121891026877,31.885102379207957,21.96887016542629,1.9257506e-05,-3.6670514e-05,1.8698593e-05,1.2310676e-05,3.7956797e-05
2.9766027840974822,31.65710176223345,21.733467782362244,1.9257506e-05,-3.6670514e-05,1.8698593e-05,1.2310676e-05,3.7956797e-05
9.59254270620445,35.08913006593915,24.23379516446227,3.9754585e-05,-3.5172638e-05,6.0357354e-05,4.5849334e-05,0.00010011029
7.968176454710215,31.23370416072186,20.435101607989818,3.9754585e-05,-3.5172638e-05,6.0357354e-05,4.5849334e-05,0.00010011029
4.33073111479582,31.71103960205144,20.838411676242625,3.9754585e-05,-3.5172638e-05,6.0357354e-05,4.5849334e-05,0.00010011029
2.5496275016388386,31.605000578413602,20.05912119693055,3.9754585e-05,-3.5172638e-05,6.0357354e-05,4.5849334e-05,0.00010011029
1.9498623375621795,31.726864612655692,19.524066247638142,8.252863e-06,-2.0340585e-05,2.2720733e-05,4.905323e-06,3.0973595e-05
1.736696101492307,31.646593529479812,19.0279855782208,8.252863e-06,-2.0340585e-05,2.2720733e-05,4.905323e-06,3.0973595e-05
1.6961986657926194,31.745186827594186,19.009209115798402,8.252863e-06,-2.0340585e-05,2.2720733e-05,4.905323e-06,3.0973595e-05
1.6981637296109207,31.957426830679054,18.722098870165425,8.252863e-06,-2.0340585e-05,2.2720733e-05,4.905323e-06,3.0973595e-05
1.7764477692515328,32.80278486870011,19.109709636370646,1.0351213e-05,-1.531974e-05,1.828263e-05,7.5510643e-06,2.8638668e-05
1.941605290556434,32.76935487602669,18.839880075579376,1.0351213e-05,-1.531974e-05,1.828263e-05,7.5510643e-06,2.8638668e-05
2.0381039602051443,32.387223614699415,18.437414105579766,1.0351213e-05,-1.531974e-05,1.828263e-05,7.5510643e-06,2.8638668e-05
2.085770254116377,32.57615547757683,18.729645625265107,1.0351213e-05,-1.531974e-05,1.828263e-05,7.5510643e-06,2.8638668e-05
2.1476508695484515,32.767014614583736,19.111131377009986,1.3670729e-05,-2.0498119e-05,1.7015316e-05,4.2743004e-06,3.068414e-05
2.257421817761154,33.151238576331316,19.668231211198087,1.3670729e-05,-2.0498119e-05,1.7015316e-05,4.2743004e-06,3.068414e-05
2.3790868777233642,33.16008714764971,19.717909613234102,1.3670729e-05,-2.0498119e-05,1.7015316e-05,4.2743004e-06,3.068414e-05
2.421595650329696,33.233306983380245,19.9742174063934,1.3670729e-05,-2.0498119e-05,1.7015316e-05,4.2743004e-06,3.068414e-05
2.4239956811784213,32.86489145104693,19.842247715266264,1.4584095e-05,-3.2527245e-05,1.5871212e-05,5.031768e-06,3.0455498e-05
2.5528411676242624,32.85704739135465,20.052132803763545,1.4584095e-05,-3.2527245e-05,1.5871212e-05,5.031768e-06,3.0455498e-05
2.852077661666602,33.50643080245248,20.738078124397486,1.4584095e-05,-3.2527245e-05,1.5871212e-05,5.031768e-06,3.0455498e-05
2.965067288782632,33.758865152508385,21.074517024640418,1.4584095e-05,-3.2527245e-05,1.5871212e-05,5.031768e-06,3.0455498e-05
2.8079975321019552,33.91555084255582,21.390884587205495,1.0346198e-05,-2.5328924e-05,1.5081054e-05,6.2205286e-06,2.5427633e-05
2.634026529903984,34.18874638491497,21.863995681178423,1.0346198e-05,-2.5328924e-05,1.5081054e-05,6.2205286e-06,2.5427633e-05
2.646308564377434,33.35468206532217,21.063844908032234,1.0346198e-05,-2.5328924e-05,1.5081054e-05,6.2205286e-06,2.5427633e-05
2.7066571549762855,33.33427486214476,21.074775768326074,1.0346198e-05,-2.5328924e-05,1.5081054e-05,6.2205286e-06,2.5427633e-05
2.810744611113253,33.61010719932133,21.46377511279065,7.501362e-06,-3.8580598e-05,1.1734562e-05,3.7547436e-06,1.9235733e-05
2.946814097867582,33.46104114448772,21.486940963251456,7.501362e-06,-3.8580598e-05,1.1734562e-05,3.7547436e-06,1.9235733e-05
3.1609223768943044,33.83193884240158,21.891560174295297,7.501362e-06,-3.8580598e-05,1.1734562e-05,3.7547436e-06,1.9235733e-05
3.5147025026028613,33.80848455635677,22.00374387845602,7.501362e-06,-3.8580598e-05,1.1734562e-05,3.7547436e-06,1.9235733e-05
3.8102263525238116,33.70185863571511,22.123726526047893,1.0198805e-05,-2.5368065e-05,1.7216918e-05,4.7590725e-06,2.741636e-05
3.983081787683646,33.13141518528516,21.83258473759303,1.0198805e-05,-2.5368065e-05,1.7216918e-05,4.7590725e-06,2.741636e-05
4.161838584043497,33.23632707361277,22.004949678016427,1.0198805e-05,-2.5368065e-05,1.7216918e-05,4.7590725e-06,2.741636e-05
4.477929279296649,32.37208730189334,21.334190028149465,1.0198805e-05,-2.5368065e-05,1.7216918e-05,4.7590725e-06,2.741636e-05
4.45185169475186,31.76190220953997,21.150972891682414,1.7804841e-05,-2.2227514e-05,2.4905981e-05,1.6236585e-05,4.270676e-05
4.161863263023947,31.410189334053136,21.261354259052172,1.7804841e-05,-2.2227514e-05,2.4905981e-05,1.6236585e-05,4.270676e-05
4.114689391894498,32.60901785369992,22.51637835961902,1.7804841e-05,-2.2227514e-05,2.4905981e-05,1.6236585e-05,4.270676e-05
4.194881039602052,33.38508811167239,23.225861643465855,1.7804841e-05,-2.2227514e-05,2.4905981e-05,1.6236585e-05,4.270676e-05
4.261388963868431,34.78108201904909,24.640740369413486,2.639413e-05,-2.7192116e-05,3.2998756e-05,2.6665843e-05,5.939492e-05
4.157158832375738,33.196935179115414,23.225844676666792,2.639413e-05,-2.7192116e-05,3.2998756e-05,2.6665843e-05,5.939492e-05
3.934804303397216,31.46525700844484,21.496024370493195,2.639413e-05,-2.7192116e-05,3.2998756e-05,2.6665843e-05,5.939492e-05
3.619955269347935,30.01030154629237,19.955476420005397,2.639413e-05,-2.7192116e-05,3.2998756e-05,2.6665843e-05,5.939492e-05
3.3756445455597115,32.66731191917634,22.60840087918868,1.5993279e-05,-3.5293313e-05,2.231207e-05,1.32714595e-05,3.8303e-05
3.3162673042069946,31.99716461651178,22.00044614969344,1.5993279e-05,-3.5293313e-05,2.231207e-05,1.32714595e-05,3.8303e-05
3.235706628619905,32.07466162804149,22.078500366328615,1.5993279e-05,-3.5293313e-05,2.231207e-05,1.32714595e-05,3.8303e-05
3.259922878186095,30.68671306829137,20.5977160374812,1.5993279e-05,-3.5293313e-05,2.231207e-05,1.32714595e-05,3.8303e-05
9.056744302625997,34.12119114641576,23.02443797478117,3.984821e-05,-3.478116e-05,6.687819e-05,4.656167e-05,0.00010672773
7.625256237226699,34.848555122816485,23.54590483168164,3.984821e-05,-3.478116e-05,6.687819e-05,4.656167e-05,0.00010672773
4.010588825049165,28.83843905448656,17.390440365557396,3.984821e-05,-3.478116e-05,6.687819e-05,4.656167e-05,0.00010672773
2.560660548336097,31.359038676589673,19.483100682528054,3.984821e-05,-3.478116e-05,6.687819e-05,4.656167e-05,0.00010672773
2.013799406162033,31.173846836077583,18.78877299194077,6.0868465e-06,-2.0948275e-05,2.6204461e-05,7.801353e-06,3.2292133e-05
1.8318347279528016,31.187808583657887,18.471321096672195,6.0868465e-06,-2.0948275e-05,2.6204461e-05,7.801353e-06,3.2292133e-05
1.8642798750626617,31.331538580187406,18.07891296803301,6.0868465e-06,-2.0948275e-05,2.6204461e-05,7.801353e-06,3.2292133e-05
1.8357976323603131,32.018688157945476,18.539913237959357,6.0868465e-06,-2.0948275e-05,2.6204461e-05,7.801353e-06,3.2292133e-05
1.8267909613234103,32.3785474106351,18.648297150348977,1.2066735e-05,-1.670142e-05,2.2845146e-05,1.1727484e-05,3.491296e-05
1.9571661589480585,31.245472949523773,17.35819804881811,1.2066735e-05,-1.670142e-05,2.2845146e-05,1.1727484e-05,3.491296e-05
2.042980372498361,32.625697759611306,18.702937569891645,1.2066735e-05,-1.670142e-05,2.2845146e-05,1.1727484e-05,3.491296e-05
2.0928022211082404,32.40754289900899,18.598665792619443,1.2066735e-05,-1.670142e-05,2.2845146e-05,1.1727484e-05,3.491296e-05
2.1851825858944203,32.96089499865037,19.279938688157948,1.3012157e-05,-2.2464472e-05,1.5683321e-05,3.488046e-06,2.8691098e-05
2.3018274013804807,33.87305556626691,20.27260594609185,1.3012157e-05,-2.2464472e-05,1.5683321e-05,3.488046e-06,2.8691098e-05
2.399763621640381,34.04039717734161,20.63911541279451,1.3012157e-05,-2.2464472e-05,1.5683321e-05,3.488046e-06,2.8691098e-05
2.4296529518374275,33.78527590328925,20.486981452203757,1.3012157e-05,-2.2464472e-05,1.5683321e-05,3.488046e-06,2.8691098e-05
2.447641614930783,33.36417884548644,20.22673504800833,1.1189613e-05,-3.171992e-05,1.5630636e-05,4.102659e-06,2.6821455e-05
2.6006817568349208,33.43799290479312,20.42673389118112,1.1189613e-05,-3.171992e-05,1.5630636e-05,4.102659e-06,2.6821455e-05
2.789541125207265,33.67622373038214,20.841360043188214,1.1189613e-05,-3.171992e-05,1.5630636e-05,4.102659e-06,2.6821455e-05
2.8584093625882083,33.92042494119462,21.140787799329043,1.1189613e-05,-3.171992e-05,1.5630636e-05,4.102659e-06,2.6821455e-05
2.788597154205067,34.15257895345698,21.476056761655034,1.0519934e-05,-3.1445667e-05,1.5054902e-05,6.0420957e-06,2.5574265e-05
2.75289978020283,34.43643080245247,21.867412177534415,1.0519934e-05,-3.1445667e-05,1.5054902e-05,6.0420957e-06,2.5574265e-05
2.820734585277446,34.46492731269039,22.040962094628465,1.0519934e-05,-3.1445667e-05,1.5054902e-05,6.0420957e-06,2.5574265e-05
2.849304746847646,34.31767362048355,21.95412601704392,1.0519934e-05,-3.1445667e-05,1.5054902e-05,6.0420957e-06,2.5574265e-05
2.9035907916554202,34.44151814290672,22.17656576562681,8.782513e-06,-3.5442667e-05,1.4274392e-05,3.3333215e-06,2.3056144e-05
3.071192688852042,34.35220953996838,22.18857671692438,8.782513e-06,-3.5442667e-05,1.4274392e-05,3.3333215e-06,2.3056144e-05
3.359384182315968,33.49331816604327,21.532730112212242,8.782513e-06,-3.5442667e-05,1.4274392e-05,3.3333215e-06,2.3056144e-05
3.693359811822774,34.03570238692014,22.1683411097829,8.782513e-06,-3.5442667e-05,1.4274392e-05,3.3333215e-06,2.3056144e-05
3.9435584004935795,33.423616627463076,21.72976670651294,1.224447e-05,-2.7935354e-05,1.956086e-05,7.1392906e-06,3.1804124e-05
4.067081324952762,33.645989665676936,22.120773531793468,1.224447e-05,-2.7935354e-05,1.956086e-05,7.1392906e-06,3.1804124e-05
4.133025103150426,32.29718775305595,21.025707399838044,1.224447e-05,-2.7935354e-05,1.956086e-05,7.1392906e-06,3.1804124e-05
4.205267805498786,32.557839432383446,21.40871707862569,1.224447e-05,-2.7935354e-05,1.956086e-05,7.1392906e-06,3.1804124e-05
4.141175722052982,31.339356804072033,20.417267574133344,2.1605447e-05,-2.217452e-05,2.9583582e-05,2.3155135e-05,5.1189283e-05
4.038027224000309,32.51454054679366,21.81206455095824,2.1605447e-05,-2.217452e-05,2.9583582e-05,2.3155135e-05,5.1189283e-05
4.07110438437512,31.377393668299078,20.890973662900553,2.1605447e-05,-2.217452e-05,2.9583582e-05,2.3155135e-05,5.1189283e-05
4.192909420429569,31.759922492577022,21.275488373886553,2.1605447e-05,-2.217452e-05,2.9583582e-05,2.3155135e-05,5.1189283e-05
4.300836386071801,32.8465468707824,22.434677052404272,2.704299e-05,-2.5716889e-05,3.5676967e-05,2.9251725e-05,6.27244e-05
4.318828134037712,32.68469710407589,22.36857170400648,2.704299e-05,-2.5716889e-05,3.5676967e-05,2.9251725e-05,6.27244e-05
4.106566922454016,31.348112829213743,21.12906027069757,2.704299e-05,-2.5716889e-05,3.5676967e-05,2.9251725e-05,6.27244e-05
3.7123846064859447,30.071538194578334,19.834040411830486,2.704299e-05,-2.5716889e-05,3.5676967e-05,2.9251725e-05,6.27244e-05
3.5344487718351134,32.07625804958933,21.850976362164037,1.7477681e-05,-3.3167442e-05,2.3444367e-05,1.4606756e-05,4.0920397e-05
3.5029900127250992,32.384442987699074,22.21377472718158,1.7477681e-05,-3.3167442e-05,2.3444367e-05,1.4606756e-05,4.0920397e-05
3.5056858057301508,30.471605676165506,20.28857980179694,1.7477681e-05,-3.3167442e-05,2.3444367e-05,1.4606756e-05,4.0920397e-05
3.439141248602167,33.18377665522693,22.891978560135737,1.7477681e-05,-3.3167442e-05,2.3444367e-05,1.4606756e-05,4.0920397e-05
3.3664200053985267,32.608208460262986,22.2220055527706,2.0240695e-05,-3.2574604e-05,2.1911912e-05,1.6549335e-05,4.2153242e-05
7.989021709790614,34.462445918328,23.01603555315621,3.359233e-05,-3.646879e-05,6.55248e-05,3.451893e-05,9.911649e-05
6.783514441059654,33.61171056183242,21.974484633478582,3.359233e-05,-3.646879e-05,6.55248e-05,3.451893e-05,9.911649e-05
3.910448463347858,29.87890487024255,18.070062468669263,3.359233e-05,-3.646879e-05,6.55248e-05,3.451893e-05,9.911649e-05
2.2917306135040296,30.33961246288513,18.149442794894536,3.359233e-05,-3.646879e-05,6.55248e-05,3.451893e-05,9.911649e-05
1.8731419426984923,31.243130374426407,18.48272856977596,5.8893706e-06,-2.3040013e-05,3.3191664e-05,1.565625e-05,3.908287e-05
1.7312752091929204,30.319038676589674,17.09048046890063,5.8893706e-06,-2.3040013e-05,3.3191664e-05,1.565625e-05,3.908287e-05
1.807778891759534,31.563872286276172,17.829678787645086,5.8893706e-06,-2.3040013e-05,3.3191664e-05,1.565625e-05,3.908287e-05
1.812329849998072,30.475670381367372,16.718634172675742,5.8893706e-06,-2.3040013e-05,3.3191664e-05,1.565625e-05,3.908287e-05
1.7809721204642732,32.169834188100104,18.347191994755715,1.1669815e-05,-2.092165e-05,2.7789984e-05,1.5652346e-05,3.9459544e-05
1.901394748004473,32.73011953881155,18.833206339413103,1.1669815e-05,-2.092165e-05,2.7789984e-05,1.5652346e-05,3.9459544e-05
2.025363822157097,33.33628928392396,19.4246577719508,1.1669815e-05,-2.092165e-05,2.7789984e-05,1.5652346e-05,3.9459544e-05
2.1027690587282613,33.59569043303899,19.783277291481895,1.1669815e-05,-2.092165e-05,2.7789984e-05,1.5652346e-05,3.9459544e-05
2.241040373269579,33.7448247406779,20.03469633285775,9.996251e-06,-2.7882139e-05,1.585801e-05,4.828579e-06,2.5855594e-05
2.3775290170824817,33.93203640149616,20.27540353989126,9.996251e-06,-2.7882139e-05,1.585801e-05,4.828579e-06,2.5855594e-05
2.4600701808506535,33.74714225118575,20.27696988393167,9.996251e-06,-2.7882139e-05,1.585801e-05,4.828579e-06,2.5855594e-05
2.495356495584776,33.804731037674,20.43908186480546,9.996251e-06,-2.7882139e-05,1.585801e-05,4.828579e-06,2.5855594e-05
2.5361905680021595,33.848896772452086,20.620094474222036,9.521192e-06,-3.394289e-05,1.7312768e-05,4.1386825e-06,2.683415e-05
2.641289091119423,33.92327073612771,20.786290440751166,9.521192e-06,-3.394289e-05,1.7312768e-05,4.1386825e-06,2.683415e-05
2.7759561176878877,33.455966143523696,20.488518875563955,9.521192e-06,-3.394289e-05,1.7312768e-05,4.1386825e-06,2.683415e-05
2.8427312690394477,33.77780665561254,20.875769482898235,9.521192e-06,-3.394289e-05,1.7312768e-05,4.1386825e-06,2.683415e-05
2.9024139127752284,34.30078934176532,21.463133073689896,1.199545e-05,-3.8668313e-05,1.670263e-05,6.090084e-06,2.8697827e-05
2.9711282921374313,34.38342073805576,21.58524852504531,1.199545e-05,-3.8668313e-05,1.670263e-05,6.090084e-06,2.8697827e-05
3.0700570701422896,34.650708749469786,21.99718235452898,1.199545e-05,-3.8668313e-05,1.670263e-05,6.090084e-06,2.8697827e-05
2.9861824702116992,34.685892492191414,22.155081941927275,1.199545e-05,-3.8668313e-05,1.670263e-05,6.090084e-06,2.8697827e-05
2.949199089962596,32.31559480198974,19.90567693672155,9.864473e-06,-3.51037e-05,1.5068232e-05,4.5412203e-06,2.4935182e-05
3.1731538965796475,33.13973585778738,20.80291366212933,9.864473e-06,-3.51037e-05,1.5068232e-05,4.5412203e-06,2.4935182e-05
3.5559619018239306,34.032360313114566,21.899484826283114,9.864473e-06,-3.51037e-05,1.5068232e-05,4.5412203e-06,2.4935182e-05
3.7781660432653372,34.29451432537693,22.295416264990553,9.864473e-06,-3.51037e-05,1.5068232e-05,4.5412203e-06,2.4935182e-05
3.9536035167547143,33.493296186326305,21.678943045540432,1.3944884e-05,-2.6199228e-05,1.9667501e-05,1.0974682e-05,3.36108e-05
4.078125939922106,33.15756719238036,21.490278795357266,1.3944884e-05,-2.6199228e-05,1.9667501e-05,1.0974682e-05,3.36108e-05
4.1022095399683804,32.65990051286006,21.22186210619674,1.3944884e-05,-2.6199228e-05,1.9667501e-05,1.0974682e-05,3.36108e-05
4.022240003084873,32.724977827478504,21.354367022712378,1.3944884e-05,-2.6199228e-05,1.9667501e-05,1.0974682e-05,3.36108e-05
3.9277619249604747,32.96264566382602,21.637788146377204,2.472101e-05,-2.0953754e-05,2.758089e-05,2.1064243e-05,5.2303298e-05
3.926150850267998,33.242954922299774,21.908386226044037,2.472101e-05,-2.0953754e-05,2.758089e-05,2.1064243e-05,5.2303298e-05
4.012767516291984,31.685525006748158,20.553389503721128,2.472101e-05,-2.0953754e-05,2.758089e-05,2.1064243e-05,5.2303298e-05
4.1496325145567425,32.355682335248524,21.426818339567347,2.472101e-05,-2.0953754e-05,2.758089e-05,2.1064243e-05,5.2303298e-05
4.247233640535225,32.387129911695524,21.654344271777273,2.0974614e-05,-2.5033225e-05,3.42217e-05,2.1918386e-05,5.5195553e-05
4.2890255658813095,32.316268461034205,21.677389812208382,2.0974614e-05,-2.5033225e-05,3.42217e-05,2.1918386e-05,5.5195553e-05
4.26081209270042,31.87776732348745,21.35319438553195,2.0974614e-05,-2.5033225e-05,3.42217e-05,2.1918386e-05,5.5195553e-05
3.9890776231056955,30.13824740677901,19.660931631511975,2.0974614e-05,-2.5033225e-05,3.42217e-05,2.1918386e-05,5.5195553e-05
3.7010897312304785,29.860082520340878,19.40536266532989,2.052977e-05,-3.2738324e-05,2.7224596e-05,1.8370989e-05,4.7755573e-05
3.6398060386380284,32.80659314387074,22.364180773531796,2.052977e-05,-3.2738324e-05,2.7224596e-05,1.8370989e-05,4.7755573e-05
3.5799174796591218,31.266347125284387,20.776947518605635,2.052977e-05,-3.2738324e-05,2.7224596e-05,1.8370989e-05,4.7755573e-05
3.5545316777850613,33.297420275324875,22.755532718929548,2.052977e-05,-3.2738324e-05,2.7224596e-05,1.8370989e-05,4.7755573e-05
3.4401338063471254,29.61647244823198,19.02473605059191,2.0494857e-05,-3.4857243e-05,2.8746957e-05,2.306995e-05,4.9238006e-05
3.341971233563413,33.438961554775766,22.83199089962596,2.0494857e-05,-3.4857243e-05,2.8746957e-05,2.306995e-05,4.9238006e-05
6.844910731500405,33.54130528670034,22.019386110361314,2.3062426e-05,-5.0645413e-05,4.4607696e-05,0.0,6.767546e-05
7.107931978560136,33.746021285620635,22.194113291944625,2.4251409e-05,-3.5922287e-05,6.3173306e-05,5.9692244e-05,8.742014e-05
6.7188655381174565,33.12670612732811,21.439717348552037,2.4251409e-05,-3.5922287e-05,6.3173306e-05,5.9692244e-05,8.742014e-05
4.430519029807581,32.90704430648209,21.106217175027957,2.4251409e-05,-3.5922287e-05,6.3173306e-05,5.9692244e-05,8.742014e-05
2.1928292137431074,27.70085952261597,15.371099371457216,2.4251409e-05,-3.5922287e-05,6.3173306e-05,5.9692244e-05,8.742014e-05
1.6986669494466509,30.258439825704702,17.113571896811013,1.0125045e-05,-2.4355233e-05,4.211097e-05,2.416267e-05,5.223449e-05
1.5980430339721592,31.73933520996414,17.83990475455983,1.0125045e-05,-2.4355233e-05,4.211097e-05,2.416267e-05,5.223449e-05
1.6615802259669148,32.54953341302588,18.58443450429954,1.0125045e-05,-2.4355233e-05,4.211097e-05,2.416267e-05,5.223449e-05
1.6914876797902285,32.74335942621371,18.832700034704814,1.0125045e-05,-2.4355233e-05,4.211097e-05,2.416267e-05,5.223449e-05
1.754783866116531,33.01841514672425,19.136747773107626,1.0386125e-05,-2.1267995e-05,2.8919361e-05,1.0866581e-05,3.9305676e-05
1.8949708865152508,33.22639841129063,19.256330158485326,1.0386125e-05,-2.1267995e-05,2.8919361e-05,1.0866581e-05,3.9305676e-05
2.012191030733043,33.48447730690626,19.52597963984113,1.0386125e-05,-2.1267995e-05,2.8919361e-05,1.0866581e-05,3.9305676e-05
2.1186935564724485,33.609295492229975,19.76446111132534,1.0386125e-05,-2.1267995e-05,2.8919361e-05,1.0866581e-05,3.9305676e-05
2.241545906759727,33.520144217792,19.797070142289748,8.795842e-06,-3.2041487e-05,1.5971633e-05,3.7381444e-06,2.4770015e-05
2.3693903520610804,33.36664404426792,19.748347665137086,8.795842e-06,-3.2041487e-05,1.5971633e-05,3.7381444e-06,2.4770015e-05
2.4517163459684572,33.61321597963984,20.013926657154975,8.795842e-06,-3.2041487e-05,1.5971633e-05,3.7381444e-06,2.4770015e-05
2.4930320441136775,33.71431265183357,20.27739482512629,8.795842e-06,-3.2041487e-05,1.5971633e-05,3.7381444e-06,2.4770015e-05
2.5574758030308873,33.77992210696795,20.520849111171096,9.733584e-06,-3.2367014e-05,1.587794e-05,3.474589e-06,2.5611209e-05
2.6604951220452704,33.79895808429414,20.661980102572013,9.733584e-06,-3.2367014e-05,1.587794e-05,3.474589e-06,2.5611209e-05
2.7665383873828713,33.739817221301045,20.628521960436508,9.733584e-06,-3.2367014e-05,1.587794e-05,3.474589e-06,2.5611209e-05
2.873267265646088,33.78406354837466,20.79717541356573,9.733584e-06,-3.2367014e-05,1.587794e-05,3.474589e-06,2.5611209e-05
3.015900975590946,32.98526047892646,20.05913160837543,1.639699e-05,-3.187111e-05,1.9288545e-05,7.4700047e-06,3.568433e-05
3.133738479929048,34.11162457100991,21.19220915435931,1.639699e-05,-3.187111e-05,1.9288545e-05,7.4700047e-06,3.568433e-05
3.2433979871206566,34.591953495546214,21.705437859098446,1.639699e-05,-3.187111e-05,1.9288545e-05,7.4700047e-06,3.568433e-05
3.1339717734161106,33.11171557475032,20.44061658890217,1.639699e-05,-3.187111e-05,1.9288545e-05,7.4700047e-06,3.568433e-05
3.080156171673158,32.950963637064746,20.451546292368796,1.4370369e-05,-2.9573668e-05,1.5807102e-05,8.4915355e-06,3.0177469e-05
3.3026232984999804,34.43835576292754,22.00623337060888,1.4370369e-05,-2.9573668e-05,1.5807102e-05,8.4915355e-06,3.0177469e-05
3.6483846836077585,34.29842093086029,21.899833416881965,1.4370369e-05,-2.9573668e-05,1.5807102e-05,8.4915355e-06,3.0177469e-05
3.847596884278718,34.20011414028458,22.05340415686577,1.4370369e-05,-2.9573668e-05,1.5807102e-05,8.4915355e-06,3.0177469e-05
3.974518567076698,33.28396213318937,21.395039910538692,1.48614245e-05,-2.414837e-05,1.7722574e-05,9.016901e-06,3.2579683e-05
4.044711757220529,33.10278641113639,21.379684957390197,1.48614245e-05,-2.414837e-05,1.7722574e-05,9.016901e-06,3.2579683e-05
4.016301237805114,32.818897543670225,21.12501908764894,1.48614245e-05,-2.414837e-05,1.7722574e-05,9.016901e-06,3.2579683e-05
3.941823930898855,31.885617938533915,20.31295723595419,1.48614245e-05,-2.414837e-05,1.7722574e-05,9.016901e-06,3.2579683e-05
3.86775806886978,31.288115528477228,19.66394863687194,3.0035535e-05,-2.3033026e-05,3.0132147e-05,2.790221e-05,6.0165527e-05
3.836521420583812,33.277844830910425,21.528493039756295,3.0035535e-05,-2.3033026e-05,3.0132147e-05,2.790221e-05,6.0165527e-05
3.9169054872170594,32.05711988585972,20.34046273088343,3.0035535e-05,-2.3033026e-05,3.0132147e-05,2.790221e-05,6.0165527e-05
4.0307712181390505,32.418575945706245,21.126707669764393,3.0035535e-05,-2.3033026e-05,3.0132147e-05,2.790221e-05,6.0165527e-05
4.064244013419195,31.981054255196085,21.040129564647362,2.0938116e-05,-2.8307742e-05,2.5525578e-05,1.0370763e-05,4.646382e-05
4.1235013303512895,31.830084833995294,20.987388269772104,2.0938116e-05,-2.8307742e-05,2.5525578e-05,1.0370763e-05,4.646382e-05
4.424539004357383,31.63415879381483,20.81864304168434,2.0938116e-05,-2.8307742e-05,2.5525578e-05,1.0370763e-05,4.646382e-05
4.365541587938148,31.23476612809933,20.54019473258011,2.0938116e-05,-2.8307742e-05,2.5525578e-05,1.0370763e-05,4.646382e-05
3.909497165773339,28.37538425943778,17.710139590483166,1.910478e-05,-3.090496e-05,2.9561746e-05,1.9245508e-05,4.8667986e-05
3.6946307793159296,32.698407434542865,21.95608452550804,1.910478e-05,-3.090496e-05,2.9561746e-05,1.9245508e-05,4.8667986e-05
3.591185362279721,31.130923533721514,20.390387537114876,1.910478e-05,-3.090496e-05,2.9561746e-05,1.9245508e-05,4.8667986e-05
3.5763949408090077,32.09083831411715,21.324383218293292,1.910478e-05,-3.090496e-05,2.9561746e-05,1.9245508e-05,4.8667986e-05
3.5340053214051594,30.454356996876566,19.72861874831296,1.7289029e-05,-3.0749103e-05,3.0180961e-05,2.1016254e-05,4.747145e-05
3.4645208807311145,33.43040681756835,22.73435236956773,1.7289029e-05,-3.0749103e-05,3.0180961e-05,2.1016254e-05,4.747145e-05
3.442243859175568,34.40328808853584,23.71034781938071,1.7289029e-05,-3.0749103e-05,3.0180961e-05,2.1016254e-05,4.747145e-05
6.966888906027069,34.29492924073574,22.681042686923995,2.0416845e-05,-5.0112787e-05,3.8773233e-05,0.0,5.9191032e-05
7.451626499055258,33.74449157444183,22.114011876759342,2.7543123e-05,-3.0429079e-05,5.432903e-05,5.3624914e-05,8.18752e-05
7.689043689507577,31.890883430378285,20.187388269772104,2.7543123e-05,-3.0429079e-05,5.432903e-05,5.3624914e-05,8.18752e-05
5.416584274862145,28.480777773493234,16.65328114757259,2.7543123e-05,-3.0429079e-05,5.432903e-05,5.3624914e-05,8.18752e-05
2.2056831064666644,28.241907993676012,15.726645972313268,2.7543123e-05,-3.0429079e-05,5.432903e-05,5.3624914e-05,8.18752e-05
1.5911718659622875,31.404297227470792,18.06960243704932,9.325366e-06,-2.5193318e-05,4.198884e-05,2.661122e-05,5.131687e-05
1.5314552886283888,32.07428527358963,18.119088805768712,9.325366e-06,-2.5193318e-05,4.198884e-05,2.661122e-05,5.131687e-05
1.614196583503644,32.461189218370414,18.450071723286932,9.325366e-06,-2.5193318e-05,4.198884e-05,2.661122e-05,5.131687e-05
1.7210631242046814,33.04410519415417,19.07126711140246,9.325366e-06,-2.5193318e-05,4.198884e-05,2.661122e-05,5.131687e-05
1.8624312651833572,33.13847221686654,19.220620830601934,9.239799e-06,-3.1978365e-05,2.6057958e-05,8.340016e-06,3.529801e-05
1.9650518644198511,33.09852273165465,19.161546677977867,9.239799e-06,-3.1978365e-05,2.6057958e-05,8.340016e-06,3.529801e-05
2.051232406586203,32.94345891335364,19.014856360621604,9.239799e-06,-3.1978365e-05,2.6057958e-05,8.340016e-06,3.529801e-05
2.1357170400647822,32.97992056453168,19.172017121042686,9.239799e-06,-3.1978365e-05,2.6057958e-05,8.340016e-06,3.529801e-05
2.2170176994562913,33.20027378243936,19.50560482782555,1.1651978e-05,-2.414006e-05,1.748314e-05,5.50321e-06,2.9135435e-05
2.3015887093664444,33.260652836154705,19.649240350133034,1.1651978e-05,-2.414006e-05,1.748314e-05,5.50321e-06,2.9135435e-05
2.382596691474183,33.25841476111518,19.665851232020977,1.1651978e-05,-2.414006e-05,1.748314e-05,5.50321e-06,2.9135435e-05
2.4784907261018776,33.52169860795126,20.053015848532755,1.1651978e-05,-2.414006e-05,1.748314e-05,5.50321e-06,2.9135435e-05
2.5529502949909384,33.46903867658967,20.16978830062083,1.4761004e-05,-3.0672025e-05,1.7435914e-05,5.087025e-06,3.220098e-05
2.616332857748814,33.51252728184167,20.35736898931863,1.4761004e-05,-3.0672025e-05,1.7435914e-05,5.087025e-06,3.220098e-05
2.742041414414067,33.791741410557975,20.662065322176375,1.4761004e-05,-3.0672025e-05,1.7435914e-05,5.087025e-06,3.220098e-05
2.8965094667026565,33.682927544055836,20.604218177611536,1.4761004e-05,-3.0672025e-05,1.7435914e-05,5.087025e-06,3.220098e-05
3.018747927351251,34.614318435969615,21.588528515790692,1.7174962e-05,-2.850245e-05,1.8104323e-05,5.987283e-06,3.5276684e-05
3.133485905988509,34.76079705394671,21.80431496548799,1.7174962e-05,-2.850245e-05,1.8104323e-05,5.987283e-06,3.5276684e-05
3.158200748081595,34.82918944973586,21.89835769097289,1.7174962e-05,-2.850245e-05,1.8104323e-05,5.987283e-06,3.5276684e-05
3.1731897582231134,33.06411521998997,20.26254232059538,1.7174962e-05,-2.850245e-05,1.8104323e-05,5.987283e-06,3.5276684e-05
3.2118447537886095,33.36498129796013,20.729305518065782,1.446222e-05,-2.5748579e-05,1.6693237e-05,7.8382645e-06,3.1156025e-05
3.3809281610303477,33.97765356881194,21.490742683067907,1.446222e-05,-2.5748579e-05,1.6693237e-05,7.8382645e-06,3.1156025e-05
3.653195156750087,34.44101569428913,21.987182740138046,1.446222e-05,-2.5748579e-05,1.6693237e-05,7.8382645e-06,3.1156025e-05
3.867638530058227,34.1478818493811,21.835467165387733,1.446222e-05,-2.5748579e-05,1.6693237e-05,7.8382645e-06,3.1156025e-05
3.9871461072764434,33.554040797439555,21.489964909574674,1.5533453e-05,-2.4416278e-05,1.7310356e-05,9.9105255e-06,3.2840064e-05
4.049939844985154,32.056298538541625,20.25278486870011,1.5533453e-05,-2.4416278e-05,1.7310356e-05,9.9105255e-06,3.2840064e-05
4.009047159989203,32.24701538580187,20.468299078394324,1.5533453e-05,-2.4416278e-05,1.7310356e-05,9.9105255e-06,3.2840064e-05
3.9406574634635407,31.67082790267227,19.781669687271044,1.5533453e-05,-2.4416278e-05,1.7310356e-05,9.9105255e-06,3.2840064e-05
3.853820614660857,31.809265800331623,19.85866733505572,2.7816643e-05,-2.2424962e-05,3.0736574e-05,2.7273696e-05,5.85522e-05
3.779922878186095,32.08963290016581,20.20492268538156,2.7816643e-05,-2.2424962e-05,3.0736574e-05,2.7273696e-05,5.85522e-05
3.778450237149578,32.36965333744649,20.517535572436664,2.7816643e-05,-2.2424962e-05,3.0736574e-05,2.7273696e-05,5.85522e-05
3.774807002660703,31.949072610187795,20.215741333436164,2.7816643e-05,-2.2424962e-05,3.0736574e-05,2.7273696e-05,5.85522e-05
3.6733848764122934,31.737959742413143,20.34832028689315,1.833849e-05,-2.3131446e-05,2.0447313e-05,8.523496e-06,3.8784914e-05
3.6570574171904524,31.648727875679633,20.65468476458566,1.833849e-05,-2.3131446e-05,2.0447313e-05,8.523496e-06,3.8784914e-05
4.0803821385878996,33.70856746230672,22.736065630663635,1.833849e-05,-2.3131446e-05,2.0447313e-05,8.523496e-06,3.8784914e-05
4.206932865460995,33.98673890409902,22.876556896618208,1.833849e-05,-2.3131446e-05,2.0447313e-05,8.523496e-06,3.8784914e-05
3.902443219064512,30.289842285890565,19.208873250298847,2.0772313e-05,-2.7747728e-05,3.59423e-05,2.8848679e-05,5.6714678e-05
3.754804303397216,29.44154050823275,18.558338024910345,2.0772313e-05,-2.7747728e-05,3.59423e-05,2.8848679e-05,5.6714678e-05
3.690550649751282,32.338764122932176,21.459493309682646,2.0772313e-05,-2.7747728e-05,3.59423e-05,2.8848679e-05,5.6714678e-05
3.66124281803108,30.648621833185516,19.692538464504683,2.0772313e-05,-2.7747728e-05,3.59423e-05,2.8848679e-05,5.6714678e-05
3.5987645085412407,30.98543515983496,20.049531099371457,2.2842798e-05,-3.4742487e-05,3.8225495e-05,3.203464e-05,6.106563e-05
3.571789226082598,33.71510122238075,22.918526587745344,2.2842798e-05,-3.4742487e-05,3.8225495e-05,3.203464e-05,6.106563e-05
3.612398102803378,34.43552654918444,23.70891605290556,2.2842798e-05,-3.4742487e-05,3.8225495e-05,3.203464e-05,6.106563e-05
3.5368318358847803,34.095923340916976,23.369985732464425,2.2842798e-05,-3.4742487e-05,3.8225495e-05,3.203464e-05,6.106563e-05
6.67900050129179,33.52991940770447,21.77005475648787,1.920463e-05,-4.9182916e-05,2.866101e-05,0.0,4.7866273e-05
7.27986233756218,33.52058689700382,21.747905757143407,2.7165754e-05,-2.3714638e-05,5.2486048e-05,5.11922e-05,7.964755e-05
7.040323911618401,31.76728415532333,19.818942659931363,2.7165754e-05,-2.3714638e-05,5.2486048e-05,5.11922e-05,7.964755e-05
4.5480785100065555,29.861567115258552,17.732149384953534,2.7165754e-05,-2.3714638e-05,5.2486048e-05,5.11922e-05,7.964755e-05
2.031788069255389,31.092958778390464,18.48614043882312,2.7165754e-05,-2.3714638e-05,5.2486048e-05,5.11922e-05,7.964755e-05
1.569323256082983,31.521002197971697,18.341877144950452,1.34709035e-05,-2.3975734e-05,3.6684025e-05,2.4538198e-05,5.0156643e-05
1.4956406894690162,32.327134153395285,18.754326148151005,1.34709035e-05,-2.3975734e-05,3.6684025e-05,2.4538198e-05,5.0156643e-05
1.6040114911502719,32.72309181351945,18.78180349361817,1.34709035e-05,-2.3975734e-05,3.6684025e-05,2.4538198e-05,5.0156643e-05
1.8692449774418693,32.70923726526048,18.81575174488104,1.34709035e-05,-2.3975734e-05,3.6684025e-05,2.4538198e-05,5.0156643e-05
2.0433682952223036,32.71687926580033,18.858192650291134,1.0855853e-05,-2.5690835e-05,2.70673e-05,1.0077946e-05,3.7924296e-05
2.0135549300119537,32.30784714456484,18.466895075772182,1.0855853e-05,-2.5690835e-05,2.70673e-05,1.0077946e-05,3.7924296e-05
2.0607079782516484,32.72735279373771,18.951614545174102,1.0855853e-05,-2.5690835e-05,2.70673e-05,1.0077946e-05,3.7924296e-05
2.103764315736706,32.93328037635445,19.20911387035823,1.0855853e-05,-2.5690835e-05,2.70673e-05,1.0077946e-05,3.7924296e-05
2.180867620406432,32.97798210773917,19.32685458681988,1.1052821e-05,-2.7957642e-05,1.7798238e-05,5.1887146e-06,2.8849283e-05
2.310379439324413,32.65707746886207,19.05445841206185,1.1052821e-05,-2.7957642e-05,1.7798238e-05,5.1887146e-06,2.8849283e-05
2.4053572668029153,32.75828943816759,19.276907800871477,1.1052821e-05,-2.7957642e-05,1.7798238e-05,5.1887146e-06,2.8849283e-05
2.5548501908764893,32.95392665715498,19.534000308487254,1.1052821e-05,-2.7957642e-05,1.7798238e-05,5.1887146e-06,2.8849283e-05
2.590006555354182,32.90153395287857,19.586186326302396,1.1131723e-05,-2.6766957e-05,1.8017741e-05,4.866062e-06,2.9151939e-05
2.585920256044422,33.373065977711796,20.14102379207959,1.1131723e-05,-2.6766957e-05,1.8017741e-05,4.866062e-06,2.9151939e-05
2.6164489260787414,34.241319939844985,21.122628697026954,1.1131723e-05,-2.6766957e-05,1.8017741e-05,4.866062e-06,2.9151939e-05
2.787773493232561,34.559048316816416,21.47190915050322,1.1131723e-05,-2.6766957e-05,1.8017741e-05,4.866062e-06,2.9151939e-05
2.9726074885281304,34.6668480314657,21.620896155477574,1.3181386e-05,-3.2518128e-05,1.800822e-05,4.904275e-06,3.1187767e-05
3.053992210696795,34.92335634134115,21.903337832105812,1.3181386e-05,-3.2518128e-05,1.800822e-05,4.904275e-06,3.1187767e-05
2.990748852813018,34.70619249604751,21.79761076620522,1.3181386e-05,-3.2518128e-05,1.800822e-05,4.904275e-06,3.1187767e-05
3.0968383912389617,34.60547294952377,21.77570123009293,1.3181386e-05,-3.2518128e-05,1.800822e-05,4.904275e-06,3.1187767e-05
3.2508132495276287,34.52171827401381,21.800943971002198,1.20248405e-05,-2.4109884e-05,1.702103e-05,4.8216284e-06,2.9046696e-05
3.3713689121968153,34.22564454555971,21.586147379786375,1.20248405e-05,-2.4109884e-05,1.702103e-05,4.8216284e-06,2.9046696e-05
3.6311263640920832,34.23969536883508,21.772600933173948,1.20248405e-05,-2.4109884e-05,1.702103e-05,4.8216284e-06,2.9046696e-05
3.8597713338217714,33.98939652180619,21.622926387228627,1.20248405e-05,-2.4109884e-05,1.702103e-05,4.8216284e-06,2.9046696e-05
4.009418887132225,33.0371846681834,20.823174719469403,1.6342274e-05,-2.3736018e-05,1.7779577e-05,9.166737e-06,3.4120898e-05
4.0711622257355495,32.99291559017468,20.900063625496472,1.6342274e-05,-2.3736018e-05,1.7779577e-05,9.166737e-06,3.4120898e-05
4.028512320209772,32.96498014113292,20.947624262522655,1.6342274e-05,-2.3736018e-05,1.7779577e-05,9.166737e-06,3.4120898e-05
3.956475918713608,31.407298037249834,19.351060039332125,1.6342274e-05,-2.3736018e-05,1.7779577e-05,9.166737e-06,3.4120898e-05
3.8504338102032163,32.90239347549454,20.821873288859756,2.2499706e-05,-2.123354e-05,2.7761165e-05,2.1891281e-05,5.0261126e-05
3.7354683222149383,31.566054448000617,19.518547410635097,2.2499706e-05,-2.123354e-05,2.7761165e-05,2.1891281e-05,5.0261126e-05
3.6791408629930977,32.05104153009679,20.08089384182316,2.2499706e-05,-2.123354e-05,2.7761165e-05,2.1891281e-05,5.0261126e-05
3.5741961978945747,31.769891258242392,19.867568349207573,2.2499706e-05,-2.123354e-05,2.7761165e-05,2.1891281e-05,5.0261126e-05
3.406126171287549,31.78355724366637,20.058748312960322,1.9617037e-05,-2.4206913e-05,1.8521683e-05,7.2968082e-06,3.8137325e-05
3.30739251147187,33.86095823853777,22.316881579454748,1.9617037e-05,-2.4206913e-05,1.8521683e-05,7.2968082e-06,3.8137325e-05
3.554986310878032,34.066826437357804,22.6743122662245,1.9617037e-05,-2.4206913e-05,1.8521683e-05,7.2968082e-06,3.8137325e-05
3.795182200285351,33.95616280414915,22.52830409131223,1.9617037e-05,-2.4206913e-05,1.8521683e-05,7.2968082e-06,3.8137325e-05
3.7598419002814945,33.30710754636949,21.92521690510161,1.711853e-05,-3.2024804e-05,3.7259884e-05,2.7054066e-05,5.437721e-05
3.7766949446650986,31.689290479312074,20.4016322831913,1.711853e-05,-3.2024804e-05,3.7259884e-05,2.7054066e-05,5.437721e-05
3.773279605136313,29.520898469131993,18.35358963482821,1.711853e-05,-3.2024804e-05,3.7259884e-05,2.7054066e-05,5.437721e-05
3.7401962750163884,30.16164423707246,18.988615663440406,1.711853e-05,-3.2024804e-05,3.7259884e-05,2.7054066e-05,5.437721e-05
3.664427948945359,28.982838468360775,17.866309335595574,2.3000473e-05,-3.1303174e-05,3.9224997e-05,3.2795884e-05,6.222636e-05
3.627560637026183,33.36659815678865,22.333241429838427,2.3000473e-05,-3.1303174e-05,3.9224997e-05,3.2795884e-05,6.222636e-05
3.6689276211776503,34.138240080206685,23.273271892954924,2.3000473e-05,-3.1303174e-05,3.9224997e-05,3.2795884e-05,6.222636e-05
3.656310878031851,33.56750163883854,22.805656113831795,2.3000473e-05,-3.1303174e-05,3.9224997e-05,3.2795884e-05,6.222636e-05
3.6404796976824896,32.932586280029305,22.313099140091776,1.8217694e-05,-3.0644485e-05,2.2667347e-05,1.2983561e-05,4.0885232e-05
3.7469247676705355,33.25835730536382,22.741060810550266,1.8217694e-05,-3.0644485e-05,2.2667347e-05,1.2983561e-05,4.0885232e-05
6.080909266185941,34.1817309991131,22.15150117610766,1.8646859e-05,-4.890105e-05,2.3884832e-05,0.0,4.2530042e-05
6.533756603555315,33.10663748891374,21.14112597848301,2.5824489e-05,-2.5291449e-05,5.134848e-05,4.7404512e-05,7.717196e-05
5.768136351366984,32.54363629352562,20.554912273936683,2.5824489e-05,-2.5291449e-05,5.134848e-05,4.7404512e-05,7.717196e-05
3.6321667373616626,30.17942582809548,18.03405236571164,2.5824489e-05,-2.5291449e-05,5.134848e-05,4.7404512e-05,7.717196e-05
2.007365518837003,31.108444453013536,18.52511664674353,2.5824489e-05,-2.5291449e-05,5.134848e-05,4.7404512e-05,7.717196e-05
1.7075652643350172,31.735095052635636,18.648474916130027,1.3612456e-05,-2.358875e-05,2.8639048e-05,1.545379e-05,4.2251886e-05
1.576541086646358,31.883559942929857,18.469614390930474,1.3612456e-05,-2.358875e-05,2.8639048e-05,1.545379e-05,4.2251886e-05
1.6619932132803763,31.809624802375353,18.028474530520956,1.3612456e-05,-2.358875e-05,2.8639048e-05,1.545379e-05,4.2251886e-05
1.9078698954999422,32.38811552847723,18.60506111903752,1.3612456e-05,-2.358875e-05,2.8639048e-05,1.545379e-05,4.2251886e-05
2.05446805228859,32.39041298731346,18.623212894767285,1.3621344e-05,-2.5382224e-05,3.4485507e-05,1.9730312e-05,4.811028e-05
2.0144603401071994,31.992017892260826,18.26051902980758,1.3621344e-05,-2.5382224e-05,3.4485507e-05,1.9730312e-05,4.811028e-05
2.014213935911773,32.380176223344776,18.713152739752438,1.3621344e-05,-2.5382224e-05,3.4485507e-05,1.9730312e-05,4.811028e-05
2.075055334901477,32.60896926695716,18.962560444221648,1.3621344e-05,-2.5382224e-05,3.4485507e-05,1.9730312e-05,4.811028e-05
2.1890691397061657,32.965778351906835,19.3740427254849,1.18113685e-05,-2.2835502e-05,1.9888146e-05,6.038001e-06,3.1694817e-05
2.312017121042687,32.44882234990167,18.912103111865193,1.18113685e-05,-2.2835502e-05,1.9888146e-05,6.038001e-06,3.1694817e-05
2.4245644545559712,32.923598503836814,19.500792041028806,1.18113685e-05,-2.2835502e-05,1.9888146e-05,6.038001e-06,3.1694817e-05
2.5418543940153473,32.88595496086068,19.496876952145914,1.18113685e-05,-2.2835502e-05,1.9888146e-05,6.038001e-06,3.1694817e-05
2.5342413141557087,32.667276443141944,19.347357421046542,1.5923517e-05,-2.3743502e-05,2.05829e-05,8.677808e-06,3.6505593e-05
2.4669182123163536,33.21580303088729,19.95414259823391,1.5923517e-05,-2.3743502e-05,2.05829e-05,8.677808e-06,3.6505593e-05
2.469006285427833,33.67487448424787,20.519727759996915,1.5923517e-05,-2.3743502e-05,2.05829e-05,8.677808e-06,3.6505593e-05
2.6342189488296763,33.90425442486407,20.79239039062199,1.5923517e-05,-2.3743502e-05,2.05829e-05,8.677808e-06,3.6505593e-05
2.8854798904870242,34.18350904253268,21.121866733505573,1.667889e-05,-3.4967336e-05,1.8710653e-05,7.4524532e-06,3.5388148e-05
2.9269085720896157,33.67709944857903,20.643370223267652,1.667889e-05,-3.4967336e-05,1.8710653e-05,7.4524532e-06,3.5388148e-05
2.9953885011375467,33.80778930320441,20.879999614390933,1.667889e-05,-3.4967336e-05,1.8710653e-05,7.4524532e-06,3.5388148e-05
3.1002433193228707,34.15728376971426,21.296949832260058,1.667889e-05,-3.4967336e-05,1.8710653e-05,7.4524532e-06,3.5388148e-05
3.2598989704237846,34.064738749855394,21.288396637488912,1.36921835e-05,-3.0452216e-05,1.6917436e-05,3.8374856e-06,3.0611398e-05
3.4103393359811824,33.669741256314346,20.94795164462268,1.36921835e-05,-3.0452216e-05,1.6917436e-05,3.8374856e-06,3.0611398e-05
3.675769097289168,33.70719546523734,21.147289553850307,1.36921835e-05,-3.0452216e-05,1.6917436e-05,3.8374856e-06,3.0611398e-05
3.9348151004511625,33.873967531716346,21.406070257972466,1.36921835e-05,-3.0452216e-05,1.6917436e-05,3.8374856e-06,3.0611398e-05
4.053561485366136,33.9844464581807,21.60668414761115,1.6742493e-05,-2.4744151e-05,1.962091e-05,8.232169e-06,3.6364294e-05
4.042595149037905,32.60849188292909,20.26923495160606,1.6742493e-05,-2.4744151e-05,1.962091e-05,8.232169e-06,3.6364294e-05
3.996798673504801,33.14984961246289,20.877105232715074,1.6742493e-05,-2.4744151e-05,1.962091e-05,8.232169e-06,3.6364294e-05
3.964506998804612,32.98536806385686,20.73804072031774,1.6742493e-05,-2.4744151e-05,1.962091e-05,8.232169e-06,3.6364294e-05
3.8114460340107197,33.03470173138472,20.78462499517989,1.8496547e-05,-2.2403166e-05,2.8116889e-05,1.5679767e-05,4.6610705e-05
3.612746693402229,30.40509351019936,18.156639416959088,1.8496547e-05,-2.2403166e-05,2.8116889e-05,1.5679767e-05,4.6610705e-05
3.5484571781128293,31.5109578529287,19.319501021864035,1.8496547e-05,-2.2403166e-05,2.8116889e-05,1.5679767e-05,4.6610705e-05
3.517259090733814,32.222043728068485,20.072214938495353,1.8496547e-05,-2.2403166e-05,2.8116889e-05,1.5679767e-05,4.6610705e-05
3.3910635098137507,32.92637141865576,20.81023830640497,2.059369e-05,-2.3597742e-05,1.9267725e-05,7.4166205e-06,3.9859067e-05
3.260561446805229,33.77762850422242,21.644626537616166,2.059369e-05,-2.3597742e-05,1.9267725e-05,7.4166205e-06,3.9859067e-05
3.4016550341264025,34.38230594223576,22.390411830486254,2.059369e-05,-2.3597742e-05,1.9267725e-05,7.4166205e-06,3.9859067e-05
3.6467219372999655,34.18678402036016,22.319644082828827,2.059369e-05,-2.3597742e-05,1.9267725e-05,7.4166205e-06,3.9859067e-05
3.7615150580341647,33.587402922916745,21.8291142559673,2.0759491e-05,-3.3224846e-05,3.580608e-05,2.6965992e-05,5.656335e-05
3.8110538695870124,33.15287934292215,21.422497589943315,2.0759491e-05,-3.3224846e-05,3.580608e-05,2.6965992e-05,5.656335e-05
3.8700732657232098,32.30393128446381,20.7164342729341,2.0759491e-05,-3.3224846e-05,3.580608e-05,2.6965992e-05,5.656335e-05
3.7891362356842633,29.48309412717387,18.026005090039718,2.0759491e-05,-3.3224846e-05,3.580608e-05,2.6965992e-05,5.656335e-05
3.7543408012956467,29.759981876373732,18.44046967184668,2.2618344e-05,-2.9827452e-05,3.5756566e-05,3.0203018e-05,5.837358e-05
3.7410565688504995,30.557293024331933,19.323190143832182,2.2618344e-05,-2.9827452e-05,3.5756566e-05,3.0203018e-05,5.837358e-05
3.7682188717078624,31.232646049435083,20.121769945629122,2.2618344e-05,-2.9827452e-05,3.5756566e-05,3.0203018e-05,5.837358e-05
3.7531477268345355,32.95854586819882,22.041166081826248,2.2618344e-05,-2.9827452e-05,3.5756566e-05,3.0203018e-05,5.837358e-05
3.7877700227509354,32.99005668453322,22.367234026144295,2.350048e-05,-3.0784497e-05,2.1771437e-05,1.958679e-05,4.5270965e-05
3.8756591987043536,32.52627424517025,22.026544171518914,2.350048e-05,-3.0784497e-05,2.1771437e-05,1.958679e-05,4.5270965e-05
3.913540276867312,32.512553503258395,22.141385107777737,2.350048e-05,-3.0784497e-05,2.1771437e-05,1.958679e-05,4.5270965e-05
4.019890872633324,32.449676859599734,22.24031774187329,2.350048e-05,-3.0784497e-05,2.1771437e-05,1.958679e-05,4.5270965e-05
4.196184398257047,32.14204719855011,22.145428604480777,3.000551e-05,-3.072542e-05,2.3065348e-05,1.7549251e-05,5.3073523e-05
6.001331122508001,34.31871515058034,22.32951259013612,2.4389281e-05,-2.6531708e-05,5.241032e-05,4.8567057e-05,7.679782e-05
5.5868391624571005,33.49863108780318,21.651159912081134,2.4389281e-05,-2.6531708e-05,5.241032e-05,4.8567057e-05,7.679782e-05
4.011988971580612,30.666414606871555,18.747575290170825,2.4389281e-05,-2.6531708e-05,5.241032e-05,4.8567057e-05,7.679782e-05
2.33936644429877,30.654220491265956,18.19865846604712,2.4389281e-05,-2.6531708e-05,5.241032e-05,4.8567057e-05,7.679782e-05
1.7608842015964217,30.845666910885747,17.751280607719895,1.405216e-05,-2.3735784e-05,2.701379e-05,1.7134336e-05,4.1062205e-05
1.6378189951027646,31.991730613504032,18.44847106003933,1.405216e-05,-2.3735784e-05,2.701379e-05,1.7134336e-05,4.1062205e-05
1.7492164423707246,32.90936567308063,19.310319669918638,1.405216e-05,-2.3735784e-05,2.701379e-05,1.7134336e-05,4.1062205e-05
1.9397728762580495,33.23155361894112,19.517727991362356,1.405216e-05,-2.3735784e-05,2.701379e-05,1.7134336e-05,4.1062205e-05
2.037480815948791,33.47609069525315,19.765536575020242,1.2599305e-05,-2.4191928e-05,3.3131804e-05,1.9572382e-05,4.573282e-05
2.045095823853777,31.930158485327578,18.29785562796437,1.2599305e-05,-2.4191928e-05,3.3131804e-05,1.9572382e-05,4.573282e-05
2.039052944125246,31.94666293911233,18.32297188909883,1.2599305e-05,-2.4191928e-05,3.3131804e-05,1.9572382e-05,4.573282e-05
2.1556680677129525,32.445038368102416,18.8313982184861,1.2599305e-05,-2.4191928e-05,3.3131804e-05,1.9572382e-05,4.573282e-05
2.2390182393089884,32.303686422704665,18.758506536073728,1.3822184e-05,-2.14363e-05,2.1205478e-05,8.07024e-06,3.5026584e-05
2.201059268113986,32.6961014923071,19.25122585123202,1.3822184e-05,-2.14363e-05,2.1205478e-05,8.07024e-06,3.5026584e-05
2.266936335942621,33.353787452280876,19.916539929819148,1.3822184e-05,-2.14363e-05,2.1205478e-05,8.07024e-06,3.5026584e-05
2.394637720279181,33.858657309219915,20.47419812593992,1.3822184e-05,-2.14363e-05,2.1205478e-05,8.07024e-06,3.5026584e-05
2.3857517448810395,33.767407164616515,20.461187675934138,1.9683053e-05,-2.6102356e-05,1.9408644e-05,1.1557747e-05,3.9092396e-05
2.398874792735125,33.32321096672194,20.08927775421278,1.9683053e-05,-2.6102356e-05,1.9408644e-05,1.1557747e-05,3.9092396e-05
2.422735896348282,33.56666371033047,20.346510237920796,1.9683053e-05,-2.6102356e-05,1.9408644e-05,1.1557747e-05,3.9092396e-05
2.564836694559056,33.90575907145336,20.76205722438592,1.9683053e-05,-2.6102356e-05,1.9408644e-05,1.1557747e-05,3.9092396e-05
2.755398141364285,32.84379207958971,19.776679520302316,1.569024e-05,-3.06402e-05,1.8695291e-05,7.051661e-06,3.438699e-05
2.82151929973393,33.12044152238461,20.11919754752632,1.569024e-05,-3.06402e-05,1.8695291e-05,7.051661e-06,3.438699e-05
2.905547372074191,33.94779971464929,20.962587436856516,1.569024e-05,-3.06402e-05,1.8695291e-05,7.051661e-06,3.438699e-05
3.050726873096055,33.878217714880655,20.988683530636642,1.569024e-05,-3.06402e-05,1.8695291e-05,7.051661e-06,3.438699e-05
3.2114907646627846,33.56473065206494,20.77583156595843,1.22720185e-05,-3.139818e-05,1.5413545e-05,3.175582e-06,2.76855e-05
3.4054104808545094,33.25461227008059,20.53889175953418,1.22720185e-05,-3.139818e-05,1.5413545e-05,3.175582e-06,2.76855e-05
3.6768086993406084,33.43830987544827,20.739998071954652,1.22720185e-05,-3.139818e-05,1.5413545e-05,3.175582e-06,2.76855e-05
3.9207993676011257,33.64461034203525,21.08281880229823,1.22720185e-05,-3.139818e-05,1.5413545e-05,3.175582e-06,2.76855e-05
4.014076659083022,34.1669340222882,21.69417036208692,1.629803e-05,-2.5178102e-05,2.2270047e-05,1.1512583e-05,3.8569728e-05
3.9242659931361588,34.178805768711676,21.716292754405583,1.629803e-05,-2.5178102e-05,2.2270047e-05,1.1512583e-05,3.8569728e-05
3.8534731808892144,33.6581297960128,21.206054062391548,1.629803e-05,-2.5178102e-05,2.2270047e-05,1.1512583e-05,3.8569728e-05
3.8231053098368872,33.40043959433926,21.027733775498398,1.629803e-05,-2.5178102e-05,2.2270047e-05,1.1512583e-05,3.8569728e-05
3.632955307908842,32.42663787452281,20.04851309142791,1.5766856e-05,-2.307352e-05,2.8819957e-05,1.2937318e-05,4.4586686e-05
3.440225966914742,32.76259283538349,20.300113369066437,1.5766856e-05,-2.307352e-05,2.8819957e-05,1.2937318e-05,4.4586686e-05
3.459677630817877,32.564837080168125,20.102324065862028,1.5766856e-05,-2.307352e-05,2.8819957e-05,1.2937318e-05,4.4586686e-05
3.5351424825511897,32.933374079358344,20.590419542667643,1.5766856e-05,-2.307352e-05,2.8819957e-05,1.2937318e-05,4.4586686e-05
3.4432514556742375,32.565736320518255,20.187235568580572,2.1412921e-05,-2.1696927e-05,2.4168256e-05,1.46589655e-05,4.5583398e-05
3.2850395249296263,31.2098380441908,18.69491497320017,2.1412921e-05,-2.1696927e-05,2.4168256e-05,1.46589655e-05,4.5583398e-05
3.351569428912968,35.039526857671696,22.53118381984344,2.1412921e-05,-2.1696927e-05,2.4168256e-05,1.46589655e-05,4.5583398e-05
3.604592989627116,34.1947387498554,21.99828056915899,2.1412921e-05,-2.1696927e-05,2.4168256e-05,1.46589655e-05,4.5583398e-05
3.7747337369374927,33.154303011606835,21.148965025257393,2.6557645e-05,-3.3208547e-05,3.279436e-05,2.613724e-05,5.9349975e-05
3.839565418578645,32.982898237766555,20.968493039756297,2.6557645e-05,-3.3208547e-05,3.279436e-05,2.613724e-05,5.9349975e-05
3.8644302625997766,31.965819226468206,19.989980719546523,2.6557645e-05,-3.3208547e-05,3.279436e-05,2.613724e-05,5.9349975e-05
3.8005760999498706,31.735569351791156,20.057279142405427,2.6557645e-05,-3.3208547e-05,3.279436e-05,2.613724e-05,5.9349975e-05
3.75166505996221,30.052196043650945,18.619599352176763,2.575511e-05,-2.830885e-05,3.1426884e-05,2.8387203e-05,5.7179073e-05
3.748656152392704,31.107030424555585,19.780734585277443,2.575511e-05,-2.830885e-05,3.1426884e-05,2.8387203e-05,5.7179073e-05
3.7826950217869126,33.7335784521652,22.473359040604635,2.575511e-05,-2.830885e-05,3.1426884e-05,2.8387203e-05,5.7179073e-05
3.836951374696333,33.17414876797902,22.100202059152434,2.575511e-05,-2.830885e-05,3.1426884e-05,2.8387203e-05,5.7179073e-05
3.9875274746462037,33.08160529055643,22.33531215054178,2.1918768e-05,-3.132334e-05,2.0219812e-05,1.7510785e-05,4.2137373e-05
4.142662245016003,32.35721975860872,21.887126441213898,2.1918768e-05,-3.132334e-05,2.0219812e-05,1.7510785e-05,4.2137373e-05
4.160939729302433,31.86446573863417,21.473816758570162,2.1918768e-05,-3.132334e-05,2.0219812e-05,1.7510785e-05,4.2137373e-05
4.20308680060155,32.18133806347125,21.985358038021054,2.1918768e-05,-3.132334e-05,2.0219812e-05,1.7510785e-05,4.2137373e-05
4.311929202174835,32.07291713261096,22.12538425943778,3.50375e-05,-3.4608074e-05,2.6165868e-05,3.2858472e-05,6.1205144e-05
4.390304631164925,31.840766976439284,22.117517063201326,3.50375e-05,-3.4608074e-05,2.6165868e-05,3.2858472e-05,6.1205144e-05
5.5590232522268925,34.560604635021015,22.46988663093356,2.8950783e-05,-3.054428e-05,5.426149e-05,2.983771e-05,8.321291e-05
5.508546253807889,33.761781899510275,21.86546793660587,2.8950783e-05,-3.054428e-05,5.426149e-05,2.983771e-05,8.321291e-05
4.514162649905526,32.53182046041723,20.57034087841746,2.8950783e-05,-3.054428e-05,5.426149e-05,2.983771e-05,8.321291e-05
2.749007056645972,30.869864651216595,18.330003856090695,2.8950783e-05,-3.054428e-05,5.426149e-05,2.983771e-05,8.321291e-05
1.7578259360660162,31.600670188562837,18.458960012339492,1.4989584e-05,-2.3438788e-05,2.8345596e-05,2.1886553e-05,4.3330103e-05
1.6275463694906105,32.45328963097212,18.9523155824625,1.4989584e-05,-2.3438788e-05,2.8345596e-05,2.1886553e-05,4.3330103e-05
1.7744491574441832,32.96404426792118,19.402197200478156,1.4989584e-05,-2.3438788e-05,2.8345596e-05,2.1886553e-05,4.3330103e-05
1.9958874792735124,33.556332086530674,19.923295415108164,1.4989584e-05,-2.3438788e-05,2.8345596e-05,2.1886553e-05,4.3330103e-05
2.103673697605368,34.16828442524968,20.528250877260632,1.1138959e-05,-2.3136055e-05,2.8878228e-05,1.3316433e-05,4.001522e-05
2.105327189295492,34.312978058843946,20.69275941850152,1.1138959e-05,-2.3136055e-05,2.8878228e-05,1.3316433e-05,4.001522e-05
2.1059094589904754,33.95269964909575,20.33927736860371,1.1138959e-05,-2.3136055e-05,2.8878228e-05,1.3316433e-05,4.001522e-05
2.174418308718621,34.136340569930205,20.551968919908994,1.1138959e-05,-2.3136055e-05,2.8878228e-05,1.3316433e-05,4.001522e-05
2.1702174835152124,34.156782092314806,20.638772991940773,1.4950673e-05,-2.3756736e-05,2.275812e-05,1.0453569e-05,3.771152e-05
2.040708363860718,34.14260825974627,20.699368372344118,1.4950673e-05,-2.3756736e-05,2.275812e-05,1.0453569e-05,3.771152e-05
2.0770562603632436,34.3513716114603,20.919192534608417,1.4950673e-05,-2.3756736e-05,2.275812e-05,1.0453569e-05,3.771152e-05
2.2140662476381445,34.48950333551845,21.1148336096865,1.4950673e-05,-2.3756736e-05,2.275812e-05,1.0453569e-05,3.771152e-05
2.2778429028650753,34.166656769367215,20.869844213935913,1.9706222e-05,-3.080139e-05,1.7859304e-05,1.0270343e-05,3.7566413e-05
2.3375000964022674,34.06751667759226,20.835595187598813,1.9706222e-05,-3.080139e-05,1.7859304e-05,1.0270343e-05,3.7566413e-05
2.363546832221494,34.006329001658116,20.785746346354067,1.9706222e-05,-3.080139e-05,1.7859304e-05,1.0270343e-05,3.7566413e-05
2.478236224115991,34.314252882427795,21.18607527089037,1.9706222e-05,-3.080139e-05,1.7859304e-05,1.0270343e-05,3.7566413e-05
2.6224285659198707,34.11825434774226,21.07103227547912,1.3750265e-05,-2.9187824e-05,1.7014301e-05,4.7660865e-06,3.0765263e-05
2.7258211545135542,33.60954999421586,20.621384722168663,1.3750265e-05,-2.9187824e-05,1.7014301e-05,4.7660865e-06,3.0765263e-05
2.8180569158986617,33.811963521382026,20.839979177110248,1.3750265e-05,-2.9187824e-05,1.7014301e-05,4.7660865e-06,3.0765263e-05
2.9934847491613,33.70443720356303,20.804791578297923,1.3750265e-05,-2.9187824e-05,1.7014301e-05,4.7660865e-06,3.0765263e-05
3.163037442640651,33.182998496124625,20.375212663401843,1.1307427e-05,-3.095093e-05,1.5209531e-05,3.2167466e-06,2.651829e-05
3.365863571511202,33.058723248370804,20.325317934677823,1.1307427e-05,-3.095093e-05,1.5209531e-05,3.2167466e-06,2.651829e-05
3.535715112019435,33.11415725137855,20.396952917132612,1.1307427e-05,-3.095093e-05,1.5209531e-05,3.2167466e-06,2.651829e-05
3.7499733929742027,33.591578297921565,20.907249450507074,1.1307427e-05,-3.095093e-05,1.5209531e-05,3.2167466e-06,2.651829e-05
3.8745417036208694,33.9497886862299,21.34386804457641,1.6200911e-05,-2.7905297e-05,2.2239896e-05,1.2160871e-05,3.8439855e-05
3.7270319669918637,34.0412995025643,21.524359310530983,1.6200911e-05,-2.7905297e-05,2.2239896e-05,1.2160871e-05,3.8439855e-05
3.609407704469209,33.60682412370339,21.102255813056725,1.6200911e-05,-2.7905297e-05,2.2239896e-05,1.2160871e-05,3.8439855e-05
3.539302047584159,33.09924035013304,20.57592334091698,1.6200911e-05,-2.7905297e-05,2.2239896e-05,1.2160871e-05,3.8439855e-05
3.3887236339798714,32.66387922723943,20.13650792426638,1.5653552e-05,-2.3653309e-05,2.7898783e-05,1.1894173e-05,4.3552016e-05
3.3246195966529135,32.98581768403193,20.48376200208229,1.5653552e-05,-2.3653309e-05,2.7898783e-05,1.1894173e-05,4.3552016e-05
3.399996143909305,33.03569120425712,20.53408668491883,1.5653552e-05,-2.3653309e-05,2.7898783e-05,1.1894173e-05,4.3552016e-05
3.529380711834342,32.84151698607951,20.328693170863378,1.5653552e-05,-2.3653309e-05,2.7898783e-05,1.1894173e-05,4.3552016e-05
3.441771873674469,33.813125361508504,21.261677785061504,2.3811579e-05,-2.2452372e-05,2.4142992e-05,1.7986353e-05,4.795857e-05
3.3295488373886553,33.85138317973239,21.274991323795934,2.3811579e-05,-2.2452372e-05,2.4142992e-05,1.7986353e-05,4.795857e-05
3.3693930513245673,34.700736127713725,22.131326495199165,2.3811579e-05,-2.2452372e-05,2.4142992e-05,1.7986353e-05,4.795857e-05
3.532028303705703,33.81587822465585,21.353295415108164,2.3811579e-05,-2.2452372e-05,2.4142992e-05,1.7986353e-05,4.795857e-05
3.7228804997493543,32.78578336482474,20.50731847453052,2.6753409e-05,-3.2728323e-05,3.0606192e-05,2.3248478e-05,5.735922e-05
3.8525488759495623,32.657047391354645,20.555854316893534,2.6753409e-05,-3.2728323e-05,3.0606192e-05,2.3248478e-05,5.735922e-05
3.8821702078432887,32.92742181776115,20.862179076851888,2.6753409e-05,-3.2728323e-05,3.0606192e-05,2.3248478e-05,5.735922e-05
3.830702194115606,32.91710021979717,20.952189873905834,2.6753409e-05,-3.2728323e-05,3.0606192e-05,2.3248478e-05,5.735922e-05
3.756285813442332,31.96625419349863,20.246602012879343,2.5472194e-05,-2.5478497e-05,2.7672932e-05,2.2822453e-05,5.314627e-05
3.7136058304091315,31.387462306713456,19.981204642733196,2.5472194e-05,-2.5478497e-05,2.7672932e-05,2.2822453e-05,5.314627e-05
3.753869201403617,34.33279103844522,22.980672887826323,2.5472194e-05,-2.5478497e-05,2.7672932e-05,2.2822453e-05,5.314627e-05
3.804689391894497,33.01311109397293,21.80279412331778,2.5472194e-05,-2.5478497e-05,2.7672932e-05,2.2822453e-05,5.314627e-05
3.9879439324412913,31.81304476921297,20.906169745112404,2.4879004e-05,-3.1191914e-05,1.8991474e-05,1.8947072e-05,4.38727e-05
4.156216403809818,31.699698068098563,21.189423900050127,2.4879004e-05,-3.1191914e-05,1.8991474e-05,1.8947072e-05,4.38727e-05
4.233137700998728,32.11267612694251,21.683320094088614,2.4879004e-05,-3.1191914e-05,1.8991474e-05,1.8947072e-05,4.38727e-05
4.266118844715227,31.95124281803108,21.684756873481668,2.4879004e-05,-3.1191914e-05,1.8991474e-05,1.8947072e-05,4.38727e-05
4.35873250298847,32.18200786642502,22.178954228203445,3.8346097e-05,-3.523919e-05,2.991347e-05,3.8905044e-05,6.826097e-05
4.392470211699379,31.870805537346236,22.113409169783676,3.8346097e-05,-3.523919e-05,2.991347e-05,3.8905044e-05,6.826097e-05
4.387807426830679,31.862223421894885,22.12835730536382,3.8346097e-05,-3.523919e-05,2.991347e-05,3.8905044e-05,6.826097e-05
2.2483950950526355,33.52317703312382,21.883950179308215,5.246161e-06,-5.193691e-05,6.338976e-06,0.0,1.1585645e-05
4.559861180734971,34.49905680021594,22.266275787606524,1.1676289e-05,-4.9306807e-05,1.7382466e-05,0.0,2.9059898e-05
4.689716962942968,34.662967261789994,22.318081594879114,2.8149896e-05,-3.3385902e-05,5.1068804e-05,3.8808717e-05,7.921921e-05
4.787242895152894,34.36242856591987,21.986372189873904,2.8149896e-05,-3.3385902e-05,5.1068804e-05,3.8808717e-05,7.921921e-05
4.20994331546678,33.711248216558054,21.23805036054448,2.8149896e-05,-3.3385902e-05,5.1068804e-05,3.8808717e-05,7.921921e-05
2.779703466625535,32.32360583040913,19.54804149153588,2.8149896e-05,-3.3385902e-05,5.1068804e-05,3.8808717e-05,7.921921e-05
1.7614730266455867,31.41469209115798,18.2852157482744,1.4967113e-05,-2.472061e-05,2.6701675e-05,1.8532633e-05,4.16679e-05
1.6197439555778352,32.243764701345775,18.890085990822502,1.4967113e-05,-2.472061e-05,2.6701675e-05,1.8532633e-05,4.16679e-05
1.7510349747426057,33.26354567539428,19.682818031080092,1.4967113e-05,-2.472061e-05,2.6701675e-05,1.8532633e-05,4.16679e-05
1.952073805575907,33.91543901592566,20.309539968380058,1.4967113e-05,-2.472061e-05,2.6701675e-05,1.8532633e-05,4.16679e-05
2.054109821463001,34.28481779971465,20.664697489684958,1.1334594e-05,-2.4381541e-05,2.789472e-05,1.0986457e-05,3.923166e-05
2.0969725831951567,34.45800177380172,20.834419851154898,1.1334594e-05,-2.4381541e-05,2.789472e-05,1.0986457e-05,3.923166e-05
2.0626364092083445,34.49418424401342,20.889364130644353,1.1334594e-05,-2.4381541e-05,2.789472e-05,1.0986457e-05,3.923166e-05
2.0283646319361432,34.42994871399375,20.84350827131454,1.1334594e-05,-2.4381541e-05,2.789472e-05,1.0986457e-05,3.923166e-05
2.000797053946709,34.605005205722435,21.06142058381213,1.4027848e-05,-2.8163988e-05,2.5433601e-05,1.2111264e-05,3.9462844e-05
1.9897223614699417,34.642566613966764,21.142118150618906,1.4027848e-05,-2.8163988e-05,2.5433601e-05,1.2111264e-05,3.9462844e-05
2.039494080900783,34.84913739251147,21.443969459761693,1.4027848e-05,-2.8163988e-05,2.5433601e-05,1.2111264e-05,3.9462844e-05
2.1073562642193346,35.008924150696025,21.651353487834037,1.4027848e-05,-2.8163988e-05,2.5433601e-05,1.2111264e-05,3.9462844e-05
2.124609956426175,35.09126981066595,21.79818956541858,1.7981432e-05,-3.17044e-05,1.6947206e-05,7.0313804e-06,3.492769e-05
2.2068152546947903,35.00360505919099,21.75259630586511,1.7981432e-05,-3.17044e-05,1.6947206e-05,7.0313804e-06,3.492769e-05
2.3232668800370186,34.79301546292369,21.65583349400378,1.7981432e-05,-3.17044e-05,1.6947206e-05,7.0313804e-06,3.492769e-05
2.412191801951182,34.110897697913856,21.02620483553773,1.7981432e-05,-3.17044e-05,1.6947206e-05,7.0313804e-06,3.492769e-05
2.5247379786372575,34.07061813133845,21.05306327844831,1.5288433e-05,-3.244208e-05,1.6089763e-05,4.192574e-06,3.137921e-05
2.6423853777040835,33.38863648633016,20.41715574750318,1.5288433e-05,-3.244208e-05,1.6089763e-05,4.192574e-06,3.137921e-05
2.770480083291559,33.39612655689662,20.497803185130916,1.5288433e-05,-3.244208e-05,1.6089763e-05,4.192574e-06,3.137921e-05
2.9998696641345,32.75859329811437,19.886176300466587,1.5288433e-05,-3.244208e-05,1.6089763e-05,4.192574e-06,3.137921e-05
3.142213781668145,32.65543785909845,19.826683376393014,1.526939e-05,-3.0212088e-05,1.5835665e-05,4.675791e-06,3.110499e-05
3.3516989935603285,32.99219951413257,20.20372806848417,1.526939e-05,-3.0212088e-05,1.5835665e-05,4.675791e-06,3.110499e-05
3.5346095708171057,33.21269656422319,20.471736012031005,1.526939e-05,-3.0212088e-05,1.5835665e-05,4.675791e-06,3.110499e-05
3.709932518412833,33.45713955192226,20.734264065090812,1.526939e-05,-3.0212088e-05,1.5835665e-05,4.675791e-06,3.110499e-05
3.758129024794663,33.352412755948016,20.67347395210735,1.5249395e-05,-2.921423e-05,1.9720188e-05,8.579324e-06,3.497428e-05
3.5644888751783443,33.08546408051517,20.452116993791694,1.5249395e-05,-2.921423e-05,1.9720188e-05,8.579324e-06,3.497428e-05
3.4552091929202176,33.30551806578491,20.719534184244015,1.5249395e-05,-2.921423e-05,1.9720188e-05,8.579324e-06,3.497428e-05
3.3883222149384955,33.10401573285004,20.53184166891605,1.5249395e-05,-2.921423e-05,1.9720188e-05,8.579324e-06,3.497428e-05
3.2341911849766705,32.90582038329541,20.34959279682258,1.7182832e-05,-2.6869897e-05,2.4557305e-05,1.04826095e-05,4.1735693e-05
3.212192573169321,32.882298230054374,20.349217213588865,1.7182832e-05,-2.6869897e-05,2.4557305e-05,1.04826095e-05,4.1735693e-05
3.313487834033856,33.10806771295261,20.609394208151777,1.7182832e-05,-2.6869897e-05,2.4557305e-05,1.04826095e-05,4.1735693e-05
3.3949192148999345,33.3443161223152,20.850428797285314,1.7182832e-05,-2.6869897e-05,2.4557305e-05,1.04826095e-05,4.1735693e-05
3.370103728839702,33.580203601588714,21.087531716345968,2.2838227e-05,-2.5636504e-05,2.1366393e-05,1.3637974e-05,4.420519e-05
3.369493309682644,33.615785292870086,21.121121736783252,2.2838227e-05,-2.5636504e-05,2.1366393e-05,1.3637974e-05,4.420519e-05
3.384904176146223,33.829018624918056,21.373312381907223,2.2838227e-05,-2.5636504e-05,2.1366393e-05,1.3637974e-05,4.420519e-05
3.459462846566151,30.18061697451124,17.763308525816527,2.2838227e-05,-2.5636504e-05,2.1366393e-05,1.3637974e-05,4.420519e-05
3.654813943623954,32.772823429607065,20.430962480237536,2.6223313e-05,-3.1821346e-05,2.9278766e-05,2.2443402e-05,5.5502398e-05
3.874276790190105,32.9300809779046,20.6558990475456,2.6223313e-05,-3.1821346e-05,2.9278766e-05,2.2443402e-05,5.5502398e-05
3.975297497397139,32.73820961709019,20.593082944510858,2.6223313e-05,-3.1821346e-05,2.9278766e-05,2.2443402e-05,5.5502398e-05
3.937118729032507,33.33865345312922,21.263944780781245,2.6223313e-05,-3.1821346e-05,2.9278766e-05,2.2443402e-05,5.5502398e-05
3.864761886399568,33.60368642270466,21.679870820961707,2.7024009e-05,-2.9835255e-05,2.5096666e-05,2.2127733e-05,5.2119598e-05
3.7676624378205372,33.6152462113909,21.83474337716423,2.7024009e-05,-2.9835255e-05,2.5096666e-05,2.2127733e-05,5.2119598e-05
3.719539582770987,32.86265260478927,21.361509659507192,2.7024009e-05,-2.9835255e-05,2.5096666e-05,2.2127733e-05,5.2119598e-05
3.7211147958199975,33.02484093625882,21.65460648594455,2.7024009e-05,-2.9835255e-05,2.5096666e-05,2.2127733e-05,5.2119598e-05
3.7771121736783253,33.34572475224618,22.20551652334863,3.15433e-05,-3.0453495e-05,1.9682799e-05,2.4163335e-05,5.1224575e-05
4.031208113214823,33.11451548220414,22.191385107777734,3.15433e-05,-3.0453495e-05,1.9682799e-05,2.4163335e-05,5.1224575e-05
4.265777195079628,32.79701422897467,22.220037404079743,3.15433e-05,-3.0453495e-05,1.9682799e-05,2.4163335e-05,5.1224575e-05
4.307684417537501,32.83651640766591,22.392471368526586,3.15433e-05,-3.0453495e-05,1.9682799e-05,2.4163335e-05,5.1224575e-05
4.292328693170863,32.50182277407165,22.265000578413606,3.8771203e-05,-3.4638495e-05,3.142885e-05,3.8748603e-05,7.0201066e-05
4.32139744726796,32.248408976979135,22.205217676319748,3.8771203e-05,-3.4638495e-05,3.142885e-05,3.8748603e-05,7.0201066e-05
4.33484941965835,32.192701577141094,22.196371033046695,3.8771203e-05,-3.4638495e-05,3.142885e-05,3.8748603e-05,7.0201066e-05
2.4618794586048662,33.590114140284584,22.269912081132148,5.580747e-06,-4.4890177e-05,5.933677e-06,2.5933417e-07,1.151125e-05
2.442413527166159,32.61590868777233,21.215123973315855,5.580747e-06,-4.4890177e-05,5.933677e-06,2.5933417e-07,1.151125e-05
2.186695330274168,32.4614082443219,20.866405352253885,5.580747e-06,-4.4890177e-05,5.933677e-06,2.5933417e-07,1.151125e-05
1.881231635368064,31.869902055296343,20.030127250992944,7.1161853e-06,-2.1237252e-05,6.348942e-06,9.424072e-07,1.3465317e-05
1.8068526587745344,33.05901901052713,21.032926001619558,7.1161853e-06,-2.1237252e-05,6.348942e-06,9.424072e-07,1.3465317e-05
3.7645351482666873,34.55281725986195,22.04844560984074,7.0902865e-06,-4.7369274e-05,1.452595e-05,7.2496766e-07,2.161738e-05
3.990180465044538,34.65756526433502,22.00874946978753,2.1999382e-05,-2.9459834e-05,4.10749e-05,3.2324286e-05,6.307327e-05
4.046421162225736,34.3943755061119,21.562200670959783,2.1999382e-05,-2.9459834e-05,4.10749e-05,3.2324286e-05,6.307327e-05
3.59151891412486,33.72132456715382,20.805433231789614,2.1999382e-05,-2.9459834e-05,4.10749e-05,3.2324286e-05,6.307327e-05
2.607260633170092,33.81129873134616,20.78143446573863,2.1999382e-05,-2.9459834e-05,4.10749e-05,3.2324286e-05,6.307327e-05
1.8857540585354569,31.05360698723634,17.84874677052404,1.3159423e-05,-2.9674837e-05,2.3546818e-05,1.2427727e-05,3.670402e-05
1.7047615007904986,32.28527706011645,18.943276134654685,1.3159423e-05,-2.9674837e-05,2.3546818e-05,1.2427727e-05,3.670402e-05
1.742934870628157,33.629323256082984,20.08281687425288,1.3159423e-05,-2.9674837e-05,2.3546818e-05,1.2427727e-05,3.670402e-05
1.9061146030154628,34.42079859638299,20.835550842555815,1.3159423e-05,-2.9674837e-05,2.3546818e-05,1.2427727e-05,3.670402e-05
2.020535610997571,35.03040720317742,21.413040527513207,1.2319246e-05,-2.6050602e-05,2.4886875e-05,9.110307e-06,3.720777e-05
2.0514325376932865,35.33835306366406,21.707256777079397,1.2319246e-05,-2.6050602e-05,2.4886875e-05,9.110307e-06,3.720777e-05
2.0452620213627424,35.49596267304207,21.88023637835962,1.2319246e-05,-2.6050602e-05,2.4886875e-05,9.110307e-06,3.720777e-05
2.0326121158369648,35.07381367369761,21.47633979871207,1.2319246e-05,-2.6050602e-05,2.4886875e-05,9.110307e-06,3.720777e-05
2.077460378668106,34.45039910538696,20.88579377626962,1.1166635e-05,-3.0292294e-05,2.3220167e-05,8.411491e-06,3.4388515e-05
2.1150109898584817,32.37176994562912,18.835120888443296,1.1166635e-05,-3.0292294e-05,2.3220167e-05,8.411491e-06,3.4388515e-05
2.1756699957583003,33.625771796552655,20.183905063047085,1.1166635e-05,-3.0292294e-05,2.3220167e-05,8.411491e-06,3.4388515e-05
2.235232329464389,34.58638183010064,21.210362086916284,1.1166635e-05,-3.0292294e-05,2.3220167e-05,8.411491e-06,3.4388515e-05
2.275029113484749,35.3036467049705,22.017766166660238,1.7351109e-05,-2.8638719e-05,1.6127342e-05,7.285954e-06,3.3477623e-05
2.271607604210851,35.92432961863263,22.697660509775194,1.7351109e-05,-2.8638719e-05,1.6127342e-05,7.285954e-06,3.3477623e-05
2.2834006863841436,35.70821655805345,22.605586318590216,1.7351109e-05,-2.8638719e-05,1.6127342e-05,7.285954e-06,3.3477623e-05
2.3878297921567113,34.80585817298422,21.759408090078278,1.7351109e-05,-2.8638719e-05,1.6127342e-05,7.285954e-06,3.3477623e-05
2.486831064666641,34.25371341533953,21.293204411367757,1.7231392e-05,-3.074803e-05,1.6769154e-05,5.231593e-06,3.4000164e-05
2.5790849496780166,32.747151120194346,19.858093934369336,1.7231392e-05,-3.074803e-05,1.6769154e-05,5.231593e-06,3.4000164e-05
2.7423298499980717,31.867947017313845,19.048611807349708,1.7231392e-05,-3.074803e-05,1.6769154e-05,5.231593e-06,3.4000164e-05
2.9442239617475803,32.785220761192306,19.952887055103535,1.7231392e-05,-3.074803e-05,1.6769154e-05,5.231593e-06,3.4000164e-05
3.0729306289283924,32.812596305865114,19.9773921258628,1.9518775e-05,-2.6842197e-05,1.3704498e-05,5.386413e-06,3.3225875e-05
3.283669070296533,32.92750202444762,20.096296996105348,1.9518775e-05,-2.6842197e-05,1.3704498e-05,5.386413e-06,3.3225875e-05
3.4884764585663057,33.099870435352635,20.3023649404234,1.9518775e-05,-2.6842197e-05,1.3704498e-05,5.386413e-06,3.3225875e-05
3.5975930281880233,32.98465314464196,20.20486561523927,1.9518775e-05,-2.6842197e-05,1.3704498e-05,5.386413e-06,3.3225875e-05
3.7385643774341575,33.13371650021209,20.37129603208267,1.5434176e-05,-2.8937293e-05,1.757258e-05,6.3127286e-06,3.3010183e-05
3.5563733467011143,32.773064435275515,20.015348012185246,1.5434176e-05,-2.8937293e-05,1.757258e-05,6.3127286e-06,3.3010183e-05
3.3242262754019976,32.471459530328154,19.76289168241237,1.5434176e-05,-2.8937293e-05,1.757258e-05,6.3127286e-06,3.3010183e-05
3.250112597848301,32.848703967917324,20.197055874754174,1.5434176e-05,-2.8937293e-05,1.757258e-05,6.3127286e-06,3.3010183e-05
3.1961146030154626,32.73510739212586,20.128638414375505,1.8745946e-05,-3.146626e-05,1.9642492e-05,9.733077e-06,3.8388185e-05
3.2540531369297807,32.46070759264258,19.88033239501793,1.8745946e-05,-3.146626e-05,1.9642492e-05,9.733077e-06,3.8388185e-05
3.2740546793660585,32.72380711834342,20.19120811321482,1.8745946e-05,-3.146626e-05,1.9642492e-05,9.733077e-06,3.8388185e-05
3.2365576678363475,32.898396251879845,20.408591755678096,1.8745946e-05,-3.146626e-05,1.9642492e-05,9.733077e-06,3.8388185e-05
3.2856071414799675,33.05517872980372,20.62719006671037,1.9918869e-05,-2.994169e-05,1.8314178e-05,7.94005e-06,3.8232032e-05
3.3129807581074306,33.02041105926811,20.64658813095284,1.9918869e-05,-2.994169e-05,1.8314178e-05,7.94005e-06,3.8232032e-05
3.3013415339528787,33.18058149847685,20.84102533451587,1.9918869e-05,-2.994169e-05,1.8314178e-05,7.94005e-06,3.8232032e-05
3.328614506613196,33.23650021208499,20.855990436895077,1.9918869e-05,-2.994169e-05,1.8314178e-05,7.94005e-06,3.8232032e-05
3.5625434774225893,32.49638838545482,20.073027802413915,2.9501569e-05,-3.238837e-05,2.9178093e-05,2.4157496e-05,5.8682326e-05
3.869914780395635,32.955683492075735,20.49526163575367,2.9501569e-05,-3.238837e-05,2.9178093e-05,2.4157496e-05,5.8682326e-05
4.0728697026954075,32.69192881656577,20.330989858481473,2.9501569e-05,-3.238837e-05,2.9178093e-05,2.4157496e-05,5.8682326e-05
4.10223421894883,33.05288474144912,20.78709829175182,2.9501569e-05,-3.238837e-05,2.9178093e-05,2.4157496e-05,5.8682326e-05
3.9838880962480236,32.60902556588131,20.44303744264065,3.379742e-05,-3.5953115e-05,2.7106276e-05,3.2621894e-05,6.0901853e-05
3.8014757259090732,32.759454363166626,20.633925885936836,3.379742e-05,-3.5953115e-05,2.7106276e-05,3.2621894e-05,6.0901853e-05
3.7355543130374427,32.33844792349516,20.483586549955653,3.379742e-05,-3.5953115e-05,2.7106276e-05,3.2621894e-05,6.0901853e-05
3.8557972467512434,33.58653106081055,21.947019627501643,3.379742e-05,-3.5953115e-05,2.7106276e-05,3.2621894e-05,6.0901853e-05
3.8730709906297,34.09307561793853,22.692649134307636,3.1800126e-05,-3.4937588e-05,2.2873584e-05,2.734793e-05,5.4672884e-05
3.956492885512667,33.83267844059692,22.585651486522963,3.1800126e-05,-3.4937588e-05,2.2873584e-05,2.734793e-05,5.4672884e-05
4.138918752169051,33.69101800794355,22.789746269232253,3.1800126e-05,-3.4937588e-05,2.2873584e-05,2.734793e-05,5.4672884e-05
4.26001658118999,33.07511510430725,22.38336096864998,3.1800126e-05,-3.4937588e-05,2.2873584e-05,2.734793e-05,5.4672884e-05
4.313889253075232,32.77181660432653,22.30881926502911,3.4124263e-05,-3.4456476e-05,3.2620053e-05,3.644532e-05,6.674425e-05
4.37056877337755,32.426434272934095,22.112545405467937,3.4124263e-05,-3.4456476e-05,3.2620053e-05,3.644532e-05,6.674425e-05
4.44825319091505,32.33955809200632,22.088654609956425,3.4124263e-05,-3.4456476e-05,3.2620053e-05,3.644532e-05,6.674425e-05
2.323245671538195,33.87431882157868,22.639139320556822,7.4765426e-06,-3.4998757e-05,6.5497825e-06,3.3045984e-07,1.4022389e-05
2.509359117726449,33.88478849342536,22.685356109975704,7.4765426e-06,-3.4998757e-05,6.5497825e-06,3.3045984e-07,1.4022389e-05
2.392581652720472,33.69815061890256,22.447517448810395,7.4765426e-06,-3.4998757e-05,6.5497825e-06,3.3045984e-07,1.4022389e-05
2.0354567539428525,32.66424131415571,21.101363128060772,7.4765426e-06,-3.4998757e-05,6.5497825e-06,3.3045984e-07,1.4022389e-05
1.8166116531060812,32.74188871322254,20.80610110669803,7.325849e-06,-2.3690327e-05,5.4598872e-06,1.3198716e-06,1.2787259e-05
1.752915590174681,33.08502140130336,20.89976747773108,7.325849e-06,-2.3690327e-05,5.4598872e-06,1.3198716e-06,1.2787259e-05
1.6966914741834729,33.1311730227895,20.88403886939421,7.325849e-06,-2.3690327e-05,5.4598872e-06,1.3198716e-06,1.2787259e-05
1.7345000578413605,33.172164038098174,20.899539968380058,7.325849e-06,-2.3690327e-05,5.4598872e-06,1.3198716e-06,1.2787259e-05
3.148298307176185,34.64655651100914,21.86974395557783,6.9402913e-06,-4.0125604e-05,1.1680733e-05,2.9438602e-06,1.8623436e-05
3.54852196043651,34.55729379555007,21.66692785254309,1.7063368e-05,-2.5138239e-05,3.344779e-05,1.9533407e-05,5.0507035e-05
3.6597956271931515,33.91196043650947,20.844028072340265,1.7063368e-05,-2.5138239e-05,3.344779e-05,1.9533407e-05,5.0507035e-05
3.398311032275479,33.041087803185135,19.93832529981105,1.7063368e-05,-2.5138239e-05,3.344779e-05,1.9533407e-05,5.0507035e-05
2.66928546639417,33.978943431149496,20.816148536613582,1.7063368e-05,-2.5138239e-05,3.344779e-05,1.9533407e-05,5.0507035e-05
2.1674488103960203,33.64038136736976,20.346797131068524,9.618755e-06,-3.1665877e-05,2.1068432e-05,8.63458e-06,3.06863e-05
1.9288092391933058,33.350717232869314,19.857605753287316,9.618755e-06,-3.1665877e-05,2.1068432e-05,8.63458e-06,3.06863e-05
1.8648744842478695,33.77909266185941,20.259388424015732,9.618755e-06,-3.1665877e-05,2.1068432e-05,8.63458e-06,3.06863e-05
1.9578737515906375,34.29651216596614,20.716559210272628,9.618755e-06,-3.1665877e-05,2.1068432e-05,8.63458e-06,3.06863e-05
2.0356665252766746,34.65548991632283,21.024814714842094,1.16219535e-05,-3.09657e-05,2.0357684e-05,6.2850527e-06,3.1981097e-05
2.0709027108317586,34.61203447345082,20.952658003316238,1.16219535e-05,-3.09657e-05,2.0357684e-05,6.2850527e-06,3.1981097e-05
2.1236089152816877,32.92774225889793,19.269962595920255,1.16219535e-05,-3.09657e-05,2.0357684e-05,6.2850527e-06,3.1981097e-05
2.2134415609455136,33.42706243010836,19.82148729418116,1.16219535e-05,-3.09657e-05,2.0357684e-05,6.2850527e-06,3.1981097e-05
2.277815524621139,33.33188987004974,19.766502911348475,1.362147e-05,-2.9772445e-05,1.8260096e-05,6.549084e-06,3.1881184e-05
2.428654609956426,33.782830370570316,20.233724983611612,1.362147e-05,-2.9772445e-05,1.8260096e-05,6.549084e-06,3.1881184e-05
2.6004924227817843,33.74329849998072,20.203617013072147,1.362147e-05,-2.9772445e-05,1.8260096e-05,6.549084e-06,3.1881184e-05
2.8023117263718045,32.577836733119966,19.152345274360854,1.362147e-05,-2.9772445e-05,1.8260096e-05,6.549084e-06,3.1881184e-05
2.960351675471407,34.42081787683646,21.137330042802606,1.9335137e-05,-2.7734568e-05,1.726586e-05,9.97505e-06,3.6597634e-05
2.7157818223884624,33.853558786102646,20.689030193190142,1.9335137e-05,-2.7734568e-05,1.726586e-05,9.97505e-06,3.6597634e-05
2.35497165773339,36.32213935911773,23.185826553040528,1.9335137e-05,-2.7734568e-05,1.726586e-05,9.97505e-06,3.6597634e-05
2.3510816334400184,34.94363243743493,21.913996066787494,1.9335137e-05,-2.7734568e-05,1.726586e-05,9.97505e-06,3.6597634e-05
2.474376277330043,33.98321752207612,21.084633478579416,1.4377541e-05,-2.829454e-05,1.6397116e-05,4.3999207e-06,3.0774405e-05
2.5642000539852696,32.77562025218833,19.986268846643274,1.4377541e-05,-2.829454e-05,1.6397116e-05,4.3999207e-06,3.0774405e-05
2.7191254386303165,32.35130682913662,19.573087571819688,1.4377541e-05,-2.829454e-05,1.6397116e-05,4.3999207e-06,3.0774405e-05
2.87771757991748,32.62335055720511,19.839086492114294,1.4377541e-05,-2.829454e-05,1.6397116e-05,4.3999207e-06,3.0774405e-05
3.0363043226776694,32.63851270581884,19.82046157405622,1.6751317e-05,-2.8106688e-05,1.1491192e-05,4.033216e-06,2.8241937e-05
3.190188177225928,32.48072918675047,19.642787567963598,1.6751317e-05,-2.8106688e-05,1.1491192e-05,4.033216e-06,2.8241937e-05
3.3336860370955925,32.68418347279528,19.84038907955115,1.6751317e-05,-2.8106688e-05,1.1491192e-05,4.033216e-06,2.8241937e-05
3.452698106659469,32.85404311109397,20.03834882196429,1.6751317e-05,-2.8106688e-05,1.1491192e-05,4.033216e-06,2.8241937e-05
3.836892762117765,32.46279412331778,19.65522191801951,1.8917777e-05,-2.886078e-05,1.7659415e-05,1.0179001e-05,3.657897e-05
3.869157444183087,32.59545829637913,19.775463309297034,1.8917777e-05,-2.886078e-05,1.7659415e-05,1.0179001e-05,3.657897e-05
3.2948609879304365,31.451537423360197,18.64679057571434,1.8917777e-05,-2.886078e-05,1.7659415e-05,1.0179001e-05,3.657897e-05
2.991773030501677,32.40913122276636,19.697169243820614,1.8917777e-05,-2.886078e-05,1.7659415e-05,1.0179001e-05,3.657897e-05
3.0759352947981333,32.47553657502024,19.837950102186404,1.981464e-05,-2.9145707e-05,1.7128115e-05,8.602144e-06,3.6941932e-05
3.2007469247676705,32.22828056915899,19.6236150850268,1.981464e-05,-2.9145707e-05,1.7128115e-05,8.602144e-06,3.6941932e-05
3.1681945783364824,32.37125091582154,19.786716538772993,1.981464e-05,-2.9145707e-05,1.7128115e-05,8.602144e-06,3.6941932e-05
3.0997508965410865,32.57162264296456,20.06612462885127,1.981464e-05,-2.9145707e-05,1.7128115e-05,8.602144e-06,3.6941932e-05
3.0996830293448503,33.06030154629237,20.67694559056029,2.085039e-05,-3.320443e-05,1.6627093e-05,1.10063565e-05,3.748034e-05
3.1284926541472253,32.70168395480662,20.415202637566033,2.085039e-05,-3.320443e-05,1.6627093e-05,1.10063565e-05,3.748034e-05
3.154267149963367,32.93943893880384,20.65502140130336,2.085039e-05,-3.320443e-05,1.6627093e-05,1.10063565e-05,3.748034e-05
3.2409154359310532,32.78546909343308,20.446294682450933,2.085039e-05,-3.320443e-05,1.6627093e-05,1.10063565e-05,3.748034e-05
3.498544325762542,32.41618401264798,19.94722862761732,2.8602866e-05,-3.200581e-05,3.079497e-05,2.6315229e-05,5.939771e-05
3.8608815023329353,32.256778236224115,19.676130412987316,2.8602866e-05,-3.200581e-05,3.079497e-05,2.6315229e-05,5.939771e-05
4.090309644082829,32.54762426252265,19.956730806308567,2.8602866e-05,-3.200581e-05,3.079497e-05,2.6315229e-05,5.939771e-05
4.151441792310955,32.894805074615356,20.481159912081132,2.8602866e-05,-3.200581e-05,3.079497e-05,2.6315229e-05,5.939771e-05
4.035996221031119,32.776512937184286,20.47429105772568,3.3415672e-05,-3.3083936e-05,3.1518353e-05,3.9866114e-05,6.493085e-05
3.875779123124976,31.271231635368064,18.984253268036866,3.3415672e-05,-3.3083936e-05,3.1518353e-05,3.9866114e-05,6.493085e-05
3.917410249489068,30.520359387652796,18.272101955037982,3.3415672e-05,-3.3083936e-05,3.1518353e-05,3.9866114e-05,6.493085e-05
4.106927081324953,33.6454359310531,21.77420622373038,3.3415672e-05,-3.3083936e-05,3.1518353e-05,3.9866114e-05,6.493085e-05
4.060738826977211,34.27197046234527,22.735176416149308,2.8140057e-05,-3.8031707e-05,2.641933e-05,3.0374058e-05,5.455774e-05
3.8611521998997413,34.82853121505418,23.46118536227972,2.8140057e-05,-3.8031707e-05,2.641933e-05,3.0374058e-05,5.455774e-05
3.9652319438553194,32.62396483245286,21.333730382138587,2.8140057e-05,-3.8031707e-05,2.641933e-05,3.0374058e-05,5.455774e-05
4.222584737593028,32.409791771102455,21.514666255350324,2.8140057e-05,-3.8031707e-05,2.641933e-05,3.0374058e-05,5.455774e-05
4.42165734778082,31.715674623067134,21.14052789881618,3.7716156e-05,-3.144206e-05,2.432371e-05,2.6460337e-05,6.2039864e-05
4.560474684764586,31.56747965912158,21.11921952724328,3.7716156e-05,-3.144206e-05,2.432371e-05,2.6460337e-05,6.2039864e-05
4.598636486330158,31.950018894844405,21.537550611190376,3.7716156e-05,-3.144206e-05,2.432371e-05,2.6460337e-05,6.2039864e-05
2.0484351983958664,33.61827517063201,22.363677939305134,2.489811e-06,-5.3524804e-05,2.159986e-06,0.0,4.6501777e-06
2.1676184783866117,33.7447881078163,22.515545829637915,7.793292e-06,-2.7342381e-05,5.1599595e-06,3.8946143e-07,1.2956361e-05
2.2465368449465934,33.81122160953226,22.601926888520417,7.793292e-06,-2.7342381e-05,5.1599595e-06,3.8946143e-07,1.2956361e-05
2.1239181737554467,33.56657540585355,22.298185323718812,7.793292e-06,-2.7342381e-05,5.1599595e-06,3.8946143e-07,1.2956361e-05
1.9047210118381983,32.98345235799946,21.407681332664946,7.793292e-06,-2.7342381e-05,5.1599595e-06,3.8946143e-07,1.2956361e-05
1.7880788956156248,32.87237149577758,20.913723055566265,6.845838e-06,-2.874083e-05,5.690815e-06,9.708131e-07,1.2535256e-05
1.7069552307870282,33.075504569467476,20.87370570315814,6.845838e-06,-2.874083e-05,5.690815e-06,9.708131e-07,1.2535256e-05
1.666146994177303,33.05856399182509,20.786423861489222,6.845838e-06,-2.874083e-05,5.690815e-06,9.708131e-07,1.2535256e-05
1.71354181930359,33.07086222187946,20.746376817182743,6.845838e-06,-2.874083e-05,5.690815e-06,9.708131e-07,1.2535256e-05
2.5841298731346165,34.61344618825435,21.736527204719856,8.435803e-06,-1.763502e-05,1.2549158e-05,9.1317617e-07,2.0986801e-05
2.8702710831758766,34.53346045578992,21.5485385416265,1.3548916e-05,-3.3071465e-05,3.1114512e-05,1.7101265e-05,4.466159e-05
3.0925974626923227,34.01021555546987,20.897638915667294,1.3548916e-05,-3.3071465e-05,3.1114512e-05,1.7101265e-05,4.466159e-05
3.1502521883314696,33.5954232059538,20.45840704893379,1.3548916e-05,-3.3071465e-05,3.1114512e-05,1.7101265e-05,4.466159e-05
2.7498199205645317,30.767501253229476,17.509005899818764,1.3548916e-05,-3.3071465e-05,3.1114512e-05,1.7101265e-05,4.466159e-05
2.318944973585779,33.176230285736324,19.806538001773802,1.4330632e-05,-3.0664392e-05,2.3709445e-05,1.0161259e-05,3.8037666e-05
2.1595526934793505,33.54891412486022,20.06411174950835,1.4330632e-05,-3.0664392e-05,2.3709445e-05,1.0161259e-05,3.8037666e-05
2.0953368295222305,33.31080785100066,19.797204334245944,1.4330632e-05,-3.0664392e-05,2.3709445e-05,1.0161259e-05,3.8037666e-05
2.0382871245131686,32.03413951336135,18.449959511047698,1.4330632e-05,-3.0664392e-05,2.3709445e-05,1.0161259e-05,3.8037666e-05
2.0679848070026607,33.39962248872094,19.756128099332894,1.1480654e-05,-2.7307433e-05,1.9249825e-05,9.5887945e-06,3.0729338e-05
2.070785485674623,33.13204488489569,19.453718428257435,1.1480654e-05,-2.7307433e-05,1.9249825e-05,9.5887945e-06,3.0729338e-05
2.163781282535765,34.77680137276829,21.09864535533876,1.1480654e-05,-2.7307433e-05,1.9249825e-05,9.5887945e-06,3.0729338e-05
2.2696140053214053,33.45791231249759,19.773936682990783,1.1480654e-05,-2.7307433e-05,1.9249825e-05,9.5887945e-06,3.0729338e-05
2.3502213396059077,33.10539197161917,19.455938765279758,2.0461532e-05,-2.5714053e-05,1.2011384e-05,6.3974067e-06,3.247228e-05
2.5773072918675046,33.222140901554006,19.632911348474916,2.0461532e-05,-2.5714053e-05,1.2011384e-05,6.3974067e-06,3.247228e-05
2.8920784328847415,33.34476998419003,19.762377665522692,2.0461532e-05,-2.5714053e-05,1.2011384e-05,6.3974067e-06,3.247228e-05
3.2218636486330157,34.15948598311032,20.620179308217327,2.0461532e-05,-2.5714053e-05,1.2011384e-05,6.3974067e-06,3.247228e-05
3.3488397023097987,34.80481895654186,21.412288589827632,1.7633834e-05,-2.9011073e-05,1.5876862e-05,7.4362347e-06,3.3510758e-05
3.0258038021054254,34.43720317741873,21.239576215632592,1.7633834e-05,-2.9011073e-05,1.5876862e-05,7.4362347e-06,3.3510758e-05
2.6458547025026027,33.962357613851076,20.799644854046964,1.7633834e-05,-2.9011073e-05,1.5876862e-05,7.4362347e-06,3.3510758e-05
2.5811741796167045,33.15609956426175,20.045295569351794,1.7633834e-05,-2.9011073e-05,1.5876862e-05,7.4362347e-06,3.3510758e-05
2.6095445956888907,31.74153665214206,18.7652789881618,1.6943335e-05,-2.511148e-05,1.4774906e-05,7.330197e-06,3.171856e-05
2.640345891335364,31.707571819689196,18.901891798095093,1.6943335e-05,-2.511148e-05,1.4774906e-05,7.330197e-06,3.171856e-05
2.741231635368064,32.41984459954498,19.628024910345893,1.6943335e-05,-2.511148e-05,1.4774906e-05,7.330197e-06,3.171856e-05
2.890964408282883,32.66717155747503,19.821872903250686,1.6943335e-05,-2.511148e-05,1.4774906e-05,7.330197e-06,3.171856e-05
3.0604920371727147,31.31308641499248,18.431068137122587,1.9685593e-05,-3.0828873e-05,1.2281414e-05,6.0901793e-06,3.1965355e-05
3.1808622218794587,31.94586704199283,19.089684957390197,1.9685593e-05,-3.0828873e-05,1.2281414e-05,6.0901793e-06,3.1965355e-05
3.2914556742374583,32.344726024756106,19.47889445879767,1.9685593e-05,-3.0828873e-05,1.2281414e-05,6.0901793e-06,3.1965355e-05
3.522031774187329,32.193253383719586,19.281653106081055,1.9685593e-05,-3.0828873e-05,1.2281414e-05,6.0901793e-06,3.1965355e-05
3.891731384722169,32.80478348050746,19.89808352292446,1.8673265e-05,-2.879453e-05,2.3039702e-05,1.40680295e-05,4.171005e-05
3.8643569968765665,32.56779971464929,19.711464543246056,1.8673265e-05,-2.879453e-05,2.3039702e-05,1.40680295e-05,4.171005e-05
3.2594624609570815,31.347065129371842,18.501158369644852,1.8673265e-05,-2.879453e-05,2.3039702e-05,1.40680295e-05,4.171005e-05
2.8785975398141366,30.90745690818648,18.093060193575752,1.8673265e-05,-2.879453e-05,2.3039702e-05,1.40680295e-05,4.171005e-05
2.9848177997146492,32.55285312150542,19.817915011761077,1.5853502e-05,-2.6961148e-05,1.7249482e-05,6.6095777e-06,3.3102224e-05
3.091385878995874,32.38567153819458,19.759117340839857,1.5853502e-05,-2.6961148e-05,1.7249482e-05,6.6095777e-06,3.3102224e-05
3.0611510430725333,32.471668916052906,19.86910577256777,1.5853502e-05,-2.6961148e-05,1.7249482e-05,6.6095777e-06,3.3102224e-05
3.0053811745652257,32.73687309605522,20.220253345158678,1.5853502e-05,-2.6961148e-05,1.7249482e-05,6.6095777e-06,3.3102224e-05
3.010470443064821,32.97485057648556,20.591193460070183,2.2632183e-05,-3.0030445e-05,1.59955e-05,1.0516125e-05,3.8629143e-05
3.0961612617128753,33.01904754559827,20.74949330968264,2.2632183e-05,-3.0030445e-05,1.59955e-05,1.0516125e-05,3.8629143e-05
3.1701727528631474,32.94569968765665,20.682646820653222,2.2632183e-05,-3.0030445e-05,1.59955e-05,1.0516125e-05,3.8629143e-05
3.3143018547796244,32.896570778544714,20.569701924189257,2.2632183e-05,-3.0030445e-05,1.59955e-05,1.0516125e-05,3.8629143e-05
3.6076936721551696,32.68047352793737,20.219941773030502,2.76676e-05,-2.8961078e-05,1.9766272e-05,1.678807e-05,4.743603e-05
3.8184220876875026,32.504092469054875,19.923892723556857,2.76676e-05,-2.8961078e-05,1.9766272e-05,1.678807e-05,4.743603e-05
3.9250676743917015,32.40077353179347,19.810262214167278,2.76676e-05,-2.8961078e-05,1.9766272e-05,1.678807e-05,4.743603e-05
3.9872980372498366,32.69314849805268,20.20434581421355,2.76676e-05,-2.8961078e-05,1.9766272e-05,1.678807e-05,4.743603e-05
4.071021864034242,32.4437226699572,20.056022828056918,3.14013e-05,-3.6317884e-05,2.6734682e-05,3.561876e-05,5.8136175e-05
4.0926545328346124,32.46750356688389,20.150760806694173,3.14013e-05,-3.6317884e-05,2.6734682e-05,3.561876e-05,5.8136175e-05
4.117266802915204,31.992831913006594,19.713099525700844,3.14013e-05,-3.6317884e-05,2.6734682e-05,3.561876e-05,5.8136175e-05
4.209709250761578,32.412654532834615,20.381244746076426,3.14013e-05,-3.6317884e-05,2.6734682e-05,3.561876e-05,5.8136175e-05
4.030806694173447,33.599762464813175,21.893189758223112,2.830497e-05,-4.01367e-05,2.8706523e-05,3.2921125e-05,5.700845e-05
3.781993984498515,32.452748621447576,21.027114101723672,2.830497e-05,-4.01367e-05,2.8706523e-05,3.2921125e-05,5.700845e-05
3.850298075810743,32.82768827362819,21.474153009678787,2.830497e-05,-4.01367e-05,2.8706523e-05,3.2921125e-05,5.700845e-05
4.210482011336906,32.672692322523424,21.54885319862723,2.830497e-05,-4.01367e-05,2.8706523e-05,3.2921125e-05,5.700845e-05
4.498656923610843,30.976629005514212,20.165578220799752,3.635204e-05,-3.2416858e-05,2.215198e-05,2.5057723e-05,5.8502563e-05
4.580032005552771,27.121224694404813,16.621949639455522,3.635204e-05,-3.2416858e-05,2.215198e-05,2.5057723e-05,5.8502563e-05
4.596572706590059,32.15605290556434,21.69475340300004,3.635204e-05,-3.2416858e-05,2.215198e-05,2.5057723e-05,5.8502563e-05
4.663586935564725,32.14458720549107,21.81066440442679,3.635204e-05,-3.2416858e-05,2.215198e-05,2.5057723e-05,5.8502563e-05
1.804355840049358,33.092088458720546,22.021387807041222,2.41402e-06,-5.0548562e-05,2.4955875e-06,0.0,4.9068776e-06
1.9185165619095361,33.09736474761886,21.824033085258165,2.41402e-06,-5.0548562e-05,2.4955875e-06,0.0,4.9068776e-06
1.944324220105657,33.209257316932096,21.936137353950564,4.058765e-06,-2.4096118e-05,4.9304276e-06,2.1553522e-07,8.993383e-06
1.8985211892183704,33.11750125322948,21.808667335055723,4.058765e-06,-2.4096118e-05,4.9304276e-06,2.1553522e-07,8.993383e-06
1.8828276713068293,33.15463309297034,21.74399760922377,4.058765e-06,-2.4096118e-05,4.9304276e-06,2.1553522e-07,8.993383e-06
1.8411834342343731,32.88332934870628,21.25213357498168,4.058765e-06,-2.4096118e-05,4.9304276e-06,2.1553522e-07,8.993383e-06
1.752053753904292,32.608396637488916,20.672446303937072,9.13392e-06,-2.6759173e-05,7.670401e-06,1.521918e-06,1.6802924e-05
1.67441907993676,33.00782709289322,20.861402460185865,9.13392e-06,-2.6759173e-05,7.670401e-06,1.521918e-06,1.6802924e-05
1.6544437589172099,33.55610226352524,21.191794624609575,9.13392e-06,-2.6759173e-05,7.670401e-06,1.521918e-06,1.6802924e-05
1.714636949061042,33.85616511780357,21.43037288397023,9.13392e-06,-2.6759173e-05,7.670401e-06,1.521918e-06,1.6802924e-05
2.2882905949947943,34.33745343770486,21.386428103188987,8.432502e-06,-2.2590275e-05,1.2278684e-05,7.932052e-07,2.0711821e-05
2.5066671808120926,34.435203408784176,21.346361778429028,1.2061784e-05,-3.0102408e-05,2.7312703e-05,1.0961478e-05,3.9372073e-05
2.7633200940886127,34.46062198742915,21.328345351482668,1.2061784e-05,-3.0102408e-05,2.7312703e-05,1.0961478e-05,3.9372073e-05
2.9004349670304244,34.44456368333783,21.246730420699492,1.2061784e-05,-3.0102408e-05,2.7312703e-05,1.0961478e-05,3.9372073e-05
2.6734145683106467,33.47964639648325,20.227416419234178,1.2061784e-05,-3.0102408e-05,2.7312703e-05,1.0961478e-05,3.9372073e-05
2.418970809393437,32.89231095515367,19.55505494929241,2.6990621e-05,-2.690754e-05,2.680692e-05,2.1769247e-05,5.3796397e-05
2.2310874175760613,31.164350827131454,17.7554764200054,2.6990621e-05,-2.690754e-05,2.680692e-05,2.1769247e-05,5.3796397e-05
2.0808240465815757,32.08901592565457,18.555130528670034,2.6990621e-05,-2.690754e-05,2.680692e-05,2.1769247e-05,5.3796397e-05
2.028160644738364,33.285708556665256,19.694920757336213,2.6990621e-05,-2.690754e-05,2.680692e-05,2.1769247e-05,5.3796397e-05
2.0770620444992867,34.25317741873289,20.59884548644584,1.21060275e-05,-2.2956794e-05,1.5059345e-05,6.1826013e-06,2.7165499e-05
2.084418694327691,34.83638568619134,21.13336173986812,1.21060275e-05,-2.2956794e-05,1.5059345e-05,6.1826013e-06,2.7165499e-05
2.169522615971928,35.0388801912621,21.27772567770794,1.21060275e-05,-2.2956794e-05,1.5059345e-05,6.1826013e-06,2.7165499e-05
2.25398025681564,34.354091697836736,20.587030810164656,1.21060275e-05,-2.2956794e-05,1.5059345e-05,6.1826013e-06,2.7165499e-05
2.3422122392318667,33.48656885049936,19.726771295260864,1.5616672e-05,-1.9078925e-05,9.426293e-06,2.8236668e-06,2.504436e-05
2.5017525932209925,33.309966837620024,19.56592025604442,1.5616672e-05,-1.9078925e-05,9.426293e-06,2.8236668e-06,2.504436e-05
2.781916477075541,33.54426599313616,19.861963906991093,1.5616672e-05,-1.9078925e-05,9.426293e-06,2.8236668e-06,2.504436e-05
3.1501634982454787,33.65672078047275,20.017435699687656,1.5616672e-05,-1.9078925e-05,9.426293e-06,2.8236668e-06,2.504436e-05
3.2668322214938494,32.91571858250106,19.37763313153125,1.9770461e-05,-2.8715049e-05,1.5858453e-05,1.0020023e-05,3.56319e-05
3.108806539929819,34.26332163652489,20.835876682219567,1.9770461e-05,-2.8715049e-05,1.5858453e-05,1.0020023e-05,3.56319e-05
3.0108467975166775,34.007720664790035,20.736142752477537,1.9770461e-05,-2.8715049e-05,1.5858453e-05,1.0020023e-05,3.56319e-05
2.9783229861566345,32.55363513669842,19.338737130297304,1.9770461e-05,-2.8715049e-05,1.5858453e-05,1.0020023e-05,3.56319e-05
2.994027686731192,30.623553001966606,17.507078625689278,1.789447e-05,-2.6560328e-05,1.4063777e-05,6.699619e-06,3.1959644e-05
2.980555662669186,30.5824952762889,17.560466972583196,1.789447e-05,-2.6560328e-05,1.4063777e-05,6.699619e-06,3.1959644e-05
2.9016569621717503,31.680525199552697,18.74683106466664,1.789447e-05,-2.6560328e-05,1.4063777e-05,6.699619e-06,3.1959644e-05
2.9311491150271856,30.871387035823084,17.925926425789534,1.789447e-05,-2.6560328e-05,1.4063777e-05,6.699619e-06,3.1959644e-05
3.113616627463078,31.204960089461302,18.251312998881733,1.930359e-05,-3.2381293e-05,1.36793615e-05,7.341877e-06,3.2981618e-05
3.2512582423938614,31.222425481047317,18.254227046620137,1.930359e-05,-3.2381293e-05,1.36793615e-05,7.341877e-06,3.2981618e-05
3.3489769791385493,30.932688852041803,17.962764045810356,1.930359e-05,-3.2381293e-05,1.36793615e-05,7.341877e-06,3.2981618e-05
3.6351598349593184,32.19221069679559,19.21545289785216,1.930359e-05,-3.2381293e-05,1.36793615e-05,7.341877e-06,3.2981618e-05
3.7516137739559636,32.71884163035514,19.740496664481547,2.0619334e-05,-2.7989288e-05,2.7092945e-05,1.6974724e-05,4.7712154e-05
3.5577087109088805,30.8703416496356,17.899646396483245,2.0619334e-05,-2.7989288e-05,2.7092945e-05,1.6974724e-05,4.7712154e-05
3.3027497782747854,31.04159295106621,18.116421933443874,2.0619334e-05,-2.7989288e-05,2.7092945e-05,1.6974724e-05,4.7712154e-05
3.0728778004858674,31.098445224231675,18.201677399452436,2.0619334e-05,-2.7989288e-05,2.7092945e-05,1.6974724e-05,4.7712154e-05
3.0579061427524774,32.8885346855358,20.062182547333514,2.0018148e-05,-2.1822294e-05,1.905838e-05,1.2311565e-05,3.9078812e-05
3.0738102032159795,33.11018007943547,20.372410442293603,2.0018148e-05,-2.1822294e-05,1.905838e-05,1.2311565e-05,3.9078812e-05
3.0851382408514247,33.22069910924305,20.627260633170092,2.0018148e-05,-2.1822294e-05,1.905838e-05,1.2311565e-05,3.9078812e-05
3.1159460918520803,33.24988701654263,20.72186056376046,2.0018148e-05,-2.1822294e-05,1.905838e-05,1.2311565e-05,3.9078812e-05
3.189044846334786,33.162105425519606,20.740384452242317,2.6249594e-05,-3.252465e-05,1.6426633e-05,1.4072378e-05,4.2678195e-05
3.3184128330698335,33.068503065592104,20.748161801565573,2.6249594e-05,-3.252465e-05,1.6426633e-05,1.4072378e-05,4.2678195e-05
3.3924112135117417,32.721025334515865,20.448997030810162,2.6249594e-05,-3.252465e-05,1.6426633e-05,1.4072378e-05,4.2678195e-05
3.5130143060964794,32.83658504608029,20.50836655998149,2.6249594e-05,-3.252465e-05,1.6426633e-05,1.4072378e-05,4.2678195e-05
3.710117610766205,32.68381521613389,20.283592334091697,2.8879562e-05,-3.2929624e-05,1.9497511e-05,1.641013e-05,4.837574e-05
3.7375355724366637,32.71440481240119,20.265294412524582,2.8879562e-05,-3.2929624e-05,1.9497511e-05,1.641013e-05,4.837574e-05
3.7745382331392436,32.29532603246828,19.85271391663132,2.8879562e-05,-3.2929624e-05,1.9497511e-05,1.641013e-05,4.837574e-05
3.864084371264412,32.50101492307099,20.09874831296032,2.8879562e-05,-3.2929624e-05,1.9497511e-05,1.641013e-05,4.837574e-05
3.926664095939536,32.5346855358038,20.19370261828558,3.2893702e-05,-3.5838253e-05,2.4095383e-05,3.1948948e-05,5.698839e-05
3.996522191801951,32.44414298384298,20.13437704854818,3.2893702e-05,-3.5838253e-05,2.4095383e-05,3.1948948e-05,5.698839e-05
4.03857864496973,29.580434967030428,17.458186480546022,3.2893702e-05,-3.5838253e-05,2.4095383e-05,3.1948948e-05,5.698839e-05
4.1339436239540355,33.37002236532604,21.4033494003779,3.2893702e-05,-3.5838253e-05,2.4095383e-05,3.1948948e-05,5.698839e-05
3.9885686191339222,31.555005976940578,19.79361469941773,3.444247e-05,-3.3739783e-05,2.9319455e-05,3.3680244e-05,6.376059e-05
3.7684051208884433,30.34499672232291,18.739420043959434,3.444247e-05,-3.3739783e-05,2.9319455e-05,3.3680244e-05,6.376059e-05
3.790678286353295,32.23895769868508,20.914533220221337,3.444247e-05,-3.3739783e-05,2.9319455e-05,3.3680244e-05,6.376059e-05
4.1069644854046965,31.797663209038678,20.606521420583814,3.444247e-05,-3.3739783e-05,2.9319455e-05,3.3680244e-05,6.376059e-05
4.358336868083137,28.032295145181816,17.047338911811206,2.9485764e-05,-3.0386034e-05,2.323394e-05,2.4591263e-05,5.2717547e-05
4.495048393938225,27.52527320402576,16.72065784907261,2.9485764e-05,-3.0386034e-05,2.323394e-05,2.4591263e-05,5.2717547e-05
4.564147996760884,32.016821038830834,21.433235645702386,2.9485764e-05,-3.0386034e-05,2.323394e-05,2.4591263e-05,5.2717547e-05
4.576965256622836,32.26982493348243,21.790618516947518,2.9485764e-05,-3.0386034e-05,2.323394e-05,2.4591263e-05,5.2717547e-05
4.6609566961014925,31.797858327227857,21.5887321173794,2.1327354e-05,-3.0879182e-05,2.2510434e-05,1.4492402e-05,4.3837663e-05
4.721309528400108,31.794869856939034,21.785390429182897,2.1327354e-05,-3.0879182e-05,2.2510434e-05,1.4492402e-05,4.3837663e-05
4.8861982801835495,31.770499749354105,21.91665561254001,2.1327354e-05,-3.0879182e-05,2.2510434e-05,1.4492402e-05,4.3837663e-05
4.969348706281572,31.62371457216674,21.948428257432614,2.1327354e-05,-3.0879182e-05,2.2510434e-05,1.4492402e-05,4.3837663e-05
4.8754548258975055,31.452069563876144,22.00732850036633,3.936452e-05,-2.6354552e-05,2.5075527e-05,0.0,6.443814e-05
1.4635591717117187,32.990024678980454,22.035964986696488,3.0105107e-06,-4.564094e-05,2.8769557e-06,0.0,5.8844194e-06
1.6171777272201442,32.71380133420738,21.77828558207689,3.0105107e-06,-4.564094e-05,2.8769557e-06,0.0,5.8844194e-06
1.704775768326071,32.57548413218679,21.623672540778156,3.0105107e-06,-4.564094e-05,2.8769557e-06,0.0,5.8844194e-06
1.7686808313731537,32.440450777002276,21.397711795781436,3.0105107e-06,-4.564094e-05,2.8769557e-06,0.0,5.8844194e-06
1.770990244090541,32.17731847453052,21.00952724328076,4.311974e-06,-1.7534216e-05,5.0722347e-06,1.7379928e-07,9.387446e-06
1.7992750549492924,32.44666525276674,21.218994717155745,4.311974e-06,-1.7534216e-05,5.0722347e-06,1.7379928e-07,9.387446e-06
1.891124050437666,32.34787066671808,21.019598966567695,4.311974e-06,-1.7534216e-05,5.0722347e-06,1.7379928e-07,9.387446e-06
1.8694886823738093,32.15674198897158,20.553478193807116,4.311974e-06,-1.7534216e-05,5.0722347e-06,1.7379928e-07,9.387446e-06
1.727417576061389,32.15160644738364,20.16587436856515,1.0022277e-05,-2.1995304e-05,1.0920599e-05,2.5998797e-06,2.0942241e-05
1.6430790884201596,32.78870088304477,20.527087494697874,1.0022277e-05,-2.1995304e-05,1.0920599e-05,2.5998797e-06,2.0942241e-05
1.6436227972081903,33.418385840434965,20.94969189835345,1.0022277e-05,-2.1995304e-05,1.0920599e-05,2.5998797e-06,2.0942241e-05
1.7270778544711372,33.8334492731269,21.30694443373308,1.0022277e-05,-2.1995304e-05,1.0920599e-05,2.5998797e-06,2.0942241e-05
1.8489549994215864,34.04217907685189,21.31479157829792,8.733953e-06,-1.7617152e-05,1.0736644e-05,3.1793588e-06,1.9467296e-05
2.294773454671654,34.25822195658042,21.28397370146146,8.733953e-06,-1.7617152e-05,1.0736644e-05,3.1793588e-06,1.9467296e-05
2.4978216943662517,34.380251417113335,21.328607180040876,1.5674308e-05,-3.0818723e-05,2.6779942e-05,1.3572689e-05,4.2455013e-05
2.7550198588670805,34.36676975282458,21.278908726333242,1.5674308e-05,-3.0818723e-05,2.6779942e-05,1.3572689e-05,4.2455013e-05
2.8582770986773607,34.300694867543285,21.14449041761462,1.5674308e-05,-3.0818723e-05,2.6779942e-05,1.3572689e-05,4.2455013e-05
2.710090232522269,33.81315813827941,20.585597501253233,1.5674308e-05,-3.0818723e-05,2.6779942e-05,1.3572689e-05,4.2455013e-05
2.4778791501176105,33.3284031928431,20.008178382755563,1.5171191e-05,-2.6349251e-05,2.5051217e-05,1.685234e-05,4.0227485e-05
2.2369078008714767,33.82103227547912,20.431775729765164,1.5171191e-05,-2.6349251e-05,2.5051217e-05,1.685234e-05,4.0227485e-05
2.0275957274515095,33.58237573747734,20.06414298384298,1.5171191e-05,-2.6349251e-05,2.5051217e-05,1.685234e-05,4.0227485e-05
1.9996714610727646,34.688809239193304,21.092356071414798,1.5171191e-05,-2.6349251e-05,2.5051217e-05,1.685234e-05,4.0227485e-05
2.0755122816488645,34.98072186017815,21.286415763698763,1.0472327e-05,-2.650883e-05,1.0758353e-05,2.977217e-06,2.1232203e-05
2.1564917286854586,35.166770909651795,21.390885358423628,1.0472327e-05,-2.650883e-05,1.0758353e-05,2.977217e-06,2.1232203e-05
2.23920371727143,35.06928546639417,21.219179423900048,1.0472327e-05,-2.650883e-05,1.0758353e-05,2.977217e-06,2.1232203e-05
2.2261562487949713,34.64851077777349,20.788588670805535,1.0472327e-05,-2.650883e-05,1.0758353e-05,2.977217e-06,2.1232203e-05
2.2678024139127753,34.164682450931245,20.274982069178268,1.3268984e-05,-2.5799445e-05,8.625789e-06,1.8566942e-06,2.1895788e-05
2.4156086839162456,33.60626614737979,19.678680445764083,1.3268984e-05,-2.5799445e-05,8.625789e-06,1.8566942e-06,2.1895788e-05
2.7159572745150964,33.517145336058306,19.647767709096517,1.3268984e-05,-2.5799445e-05,8.625789e-06,1.8566942e-06,2.1895788e-05
3.0982034473450817,33.48572475224618,19.692903250684456,1.3268984e-05,-2.5799445e-05,8.625789e-06,1.8566942e-06,2.1895788e-05
3.247779662977673,33.425081941927274,19.719468630702192,2.2795952e-05,-3.0361865e-05,1.7949187e-05,9.079108e-06,4.074787e-05
3.2168904484633476,31.896678749084177,18.247656653684494,2.2795952e-05,-3.0361865e-05,1.7949187e-05,9.079108e-06,4.074787e-05
3.2309937145721666,31.601623028573634,18.10583233717657,2.2795952e-05,-3.0361865e-05,1.7949187e-05,9.079108e-06,4.074787e-05
3.359462075348012,32.023520610804766,18.63180040874561,2.2795952e-05,-3.0361865e-05,1.7949187e-05,9.079108e-06,4.074787e-05
3.6522342189488297,32.82739289708094,19.53354181930359,1.576965e-05,-2.6946207e-05,1.4133283e-05,7.232348e-06,2.9903378e-05
3.7588443296186327,32.20909304746848,18.96074075502256,1.576965e-05,-2.6946207e-05,1.4133283e-05,7.232348e-06,2.9903378e-05
3.3356827208575943,30.040507461535494,16.888557822079974,1.576965e-05,-2.6946207e-05,1.4133283e-05,7.232348e-06,2.9903378e-05
2.9890768518875563,30.41001696679906,17.317890332780625,1.576965e-05,-2.6946207e-05,1.4133283e-05,7.232348e-06,2.9903378e-05
3.1029745883623185,31.259988431727916,18.204789264643505,2.025263e-05,-2.8050043e-05,1.4742533e-05,5.8255127e-06,3.4994973e-05
3.245685034512012,31.30259206416535,18.23606293140015,2.025263e-05,-2.8050043e-05,1.4742533e-05,5.8255127e-06,3.4994973e-05
3.389882774842864,31.416786719623648,18.354667797786604,2.025263e-05,-2.8050043e-05,1.4742533e-05,5.8255127e-06,3.4994973e-05
3.5615933366752786,31.903804033470866,18.848958855512283,2.025263e-05,-2.8050043e-05,1.4742533e-05,5.8255127e-06,3.4994973e-05
3.6099726217560635,32.60277060116454,19.535107006516792,2.7127731e-05,-2.6704654e-05,2.6443833e-05,2.0437887e-05,5.3571817e-05
3.58460610033548,30.860990629699607,17.767299194077044,2.7127731e-05,-2.6704654e-05,2.6443833e-05,2.0437887e-05,5.3571817e-05
3.510055142096942,31.548936875795317,18.496972968804226,2.7127731e-05,-2.6704654e-05,2.6443833e-05,2.0437887e-05,5.3571817e-05
3.282260054756488,30.392645663826013,17.40145374619211,2.7127731e-05,-2.6704654e-05,2.6443833e-05,2.0437887e-05,5.3571817e-05
3.106355994292986,31.95534454170362,19.050287664365865,2.3020024e-05,-2.3043796e-05,2.0829126e-05,1.6611637e-05,4.3849595e-05
3.0672745150965954,34.264565225774106,21.441666988007558,2.3020024e-05,-2.3043796e-05,2.0829126e-05,1.6611637e-05,4.3849595e-05
3.16397254463425,34.34202599005128,21.676325531176495,2.3020024e-05,-2.3043796e-05,2.0829126e-05,1.6611637e-05,4.3849595e-05
3.2903991053869586,33.97535726680292,21.400754251339993,2.3020024e-05,-2.3043796e-05,2.0829126e-05,1.6611637e-05,4.3849595e-05
3.432245401611846,33.21181968919909,20.765071530482395,2.3575827e-05,-2.7301545e-05,2.0126185e-05,1.1399563e-05,4.370563e-05
3.622755948019897,32.73931091659276,20.39494697875294,2.3575827e-05,-2.7301545e-05,2.0126185e-05,1.1399563e-05,4.370563e-05
3.6505591331508116,32.45551498091235,20.167372845409325,2.3575827e-05,-2.7301545e-05,2.0126185e-05,1.1399563e-05,4.370563e-05
3.6348937647013457,32.49565071530482,20.178210773917403,2.3575827e-05,-2.7301545e-05,2.0126185e-05,1.1399563e-05,4.370563e-05
3.6867234797362434,32.872651447962056,20.535698145220376,3.3009168e-05,-3.1798132e-05,2.073626e-05,2.0696332e-05,5.374295e-05
3.6679431612231523,32.93321636524891,20.60024447615008,3.3009168e-05,-3.1798132e-05,2.073626e-05,2.0696332e-05,5.374295e-05
3.6830775459838816,31.09518335711256,18.777860255273204,3.3009168e-05,-3.1798132e-05,2.073626e-05,2.0696332e-05,5.374295e-05
3.673618169899356,32.600474299155515,20.291350402961477,3.3009168e-05,-3.1798132e-05,2.073626e-05,2.0696332e-05,5.374295e-05
3.618302934485019,32.157230555662665,19.89359156287356,3.448132e-05,-3.225587e-05,2.089349e-05,2.6172946e-05,5.5377222e-05
3.6944368179539584,32.43940539081479,20.219321713646707,3.448132e-05,-3.225587e-05,2.089349e-05,2.6172946e-05,5.5377222e-05
3.7941256314348513,32.515600971734855,20.47041260170439,3.448132e-05,-3.225587e-05,2.089349e-05,2.6172946e-05,5.5377222e-05
3.872303242972275,33.06799020552963,21.129352947981335,3.448132e-05,-3.225587e-05,2.089349e-05,2.6172946e-05,5.5377222e-05
3.8409200632398877,31.62642964562526,19.825933366752786,3.2209107e-05,-2.7930218e-05,2.3419483e-05,2.5204132e-05,5.5627068e-05
3.7374657771950797,31.675090039717734,19.9742806462808,3.2209107e-05,-2.7930218e-05,2.3419483e-05,2.5204132e-05,5.5627068e-05
3.6994100181236265,31.753249142019822,20.309074152624067,3.2209107e-05,-2.7930218e-05,2.3419483e-05,2.5204132e-05,5.5627068e-05
3.8238572475224615,31.299067597269886,19.986099564261753,3.2209107e-05,-2.7930218e-05,2.3419483e-05,2.5204132e-05,5.5627068e-05
4.00532950294991,31.559058728261288,20.401004511626113,3.132094e-05,-3.0231477e-05,2.0724452e-05,2.421218e-05,5.2044186e-05
4.215509967994447,29.896113060579186,18.844783866116533,3.132094e-05,-3.0231477e-05,2.0724452e-05,2.421218e-05,5.2044186e-05
4.3569536883507505,32.063033200940886,21.25979177110246,3.132094e-05,-3.0231477e-05,2.0724452e-05,2.421218e-05,5.2044186e-05
4.4122172521497705,31.775442100798212,21.210014267535573,3.132094e-05,-3.0231477e-05,2.0724452e-05,2.421218e-05,5.2044186e-05
4.491327266417306,31.809853854162647,21.64471946940192,2.573613e-05,-3.3127777e-05,1.7784972e-05,1.8419296e-05,4.3522436e-05
4.5522311340762736,31.729725060733426,21.822172521497706,2.573613e-05,-3.3127777e-05,1.7784972e-05,1.8419296e-05,4.3522436e-05
4.713172020205915,31.6675047237111,21.91754791192689,2.573613e-05,-3.3127777e-05,1.7784972e-05,1.8419296e-05,4.3522436e-05
4.773136929780589,31.579792542320597,21.901538194578336,2.573613e-05,-3.3127777e-05,1.7784972e-05,1.8419296e-05,4.3522436e-05
4.801797323873057,31.43754444144526,21.934635021015694,3.8748225e-05,-3.6744503e-05,2.331678e-05,2.678686e-05,6.206538e-05
4.799335209964139,31.35605097751899,21.98251609917865,3.8748225e-05,-3.6744503e-05,2.331678e-05,2.678686e-05,6.206538e-05
1.333229861566344,32.87227740716462,21.921501176107665,4.823279e-06,-3.735107e-05,2.403673e-06,9.923634e-07,7.2256826e-06
1.6331866733505571,32.8097570662862,21.778950757721823,4.823279e-06,-3.735107e-05,2.403673e-06,9.923634e-07,7.2256826e-06
1.6844483862260442,32.47036748544326,21.462496047507038,3.7728662e-06,-1.9899524e-05,4.646877e-06,1.6424603e-07,8.4205685e-06
1.7206536073728453,32.45517795858559,21.457476959858095,3.7728662e-06,-1.9899524e-05,4.646877e-06,1.6424603e-07,8.4205685e-06
1.798025295954961,32.35362433964447,21.30632938726719,3.7728662e-06,-1.9899524e-05,4.646877e-06,1.6424603e-07,8.4205685e-06
1.8299946014730266,32.308535842363014,20.81319052944125,3.7728662e-06,-1.9899524e-05,4.646877e-06,1.6424603e-07,8.4205685e-06
1.6926128870551036,32.140270697566805,20.05621447576447,8.570882e-06,-2.0083527e-05,1.2888441e-05,4.1583603e-06,2.1455768e-05
1.589297420275325,33.068011028419384,20.518991632283193,8.570882e-06,-2.0083527e-05,1.2888441e-05,4.1583603e-06,2.1455768e-05
1.595696217175028,33.64060579184822,21.036748544325764,8.570882e-06,-2.0083527e-05,1.2888441e-05,4.1583603e-06,2.1455768e-05
1.7273770871090888,33.86404503913932,21.16886206763583,8.570882e-06,-2.0083527e-05,1.2888441e-05,4.1583603e-06,2.1455768e-05
1.8810029691898356,34.000704893379094,21.160332780627,1.1433682e-05,-1.4878395e-05,1.0700716e-05,4.3225427e-06,2.2133192e-05
2.3189175953418424,34.05313461612617,21.034983997223616,1.1433682e-05,-1.4878395e-05,1.0700716e-05,4.3225427e-06,2.2133192e-05
2.456891990899626,34.14764739906683,21.107891103998764,1.4260554e-05,-3.081095e-05,2.703423e-05,1.4848698e-05,4.1293133e-05
2.710415300967879,34.17956618979678,21.13348397794316,1.4260554e-05,-3.081095e-05,2.703423e-05,1.4848698e-05,4.1293133e-05
2.8952068792658,33.12779470173138,20.055135541587937,1.4260554e-05,-3.081095e-05,2.703423e-05,1.4848698e-05,4.1293133e-05
2.800013110708364,34.033598503836814,20.822632938726716,1.4260554e-05,-3.081095e-05,2.703423e-05,1.4848698e-05,4.1293133e-05
2.54561331122508,33.75124436046736,20.406032468283655,1.4419183e-05,-2.3790215e-05,2.7827942e-05,2.029919e-05,4.2247568e-05
2.3057390197817456,33.19475186056376,19.75374387845602,1.4419183e-05,-2.3790215e-05,2.7827942e-05,2.029919e-05,4.2247568e-05
2.18952878571704,33.44796398411291,19.973996066787493,1.4419183e-05,-2.3790215e-05,2.7827942e-05,2.029919e-05,4.2247568e-05
2.2142166351752595,33.6597431843597,20.064724482319825,1.4419183e-05,-2.3790215e-05,2.7827942e-05,2.029919e-05,4.2247568e-05
2.266307021941156,34.10970693710716,20.363158138279413,1.1158129e-05,-2.7188482e-05,1.105371e-05,4.464191e-06,2.2210634e-05
2.319833031272896,31.968717464234757,18.096956387614238,1.1158129e-05,-2.7188482e-05,1.105371e-05,4.464191e-06,2.2210634e-05
2.40159217984807,32.53710986002391,18.639526472062624,1.1158129e-05,-2.7188482e-05,1.105371e-05,4.464191e-06,2.2210634e-05
2.4007982107739174,33.50392202984614,19.580937415648016,1.1158129e-05,-2.7188482e-05,1.105371e-05,4.464191e-06,2.2210634e-05
2.389820691782671,33.633036285813446,19.646217175027957,1.6278605e-05,-2.9329976e-05,9.15182e-06,3.2639732e-06,2.5428903e-05
2.5168599853468554,32.92380711834342,18.865625265106235,1.6278605e-05,-2.9329976e-05,9.15182e-06,3.2639732e-06,2.5428903e-05
2.794684764585663,32.79621524698261,18.740977904600317,1.6278605e-05,-2.9329976e-05,9.15182e-06,3.2639732e-06,2.5428903e-05
3.0795573207881852,33.13586665638376,19.223352099641385,1.6278605e-05,-2.9329976e-05,9.15182e-06,3.2639732e-06,2.5428903e-05
3.248549338680446,32.77233062121621,18.97080245247368,2.1630964e-05,-3.2586195e-05,1.696295e-05,9.090787e-06,3.8591817e-05
3.289189449735858,32.255562025218836,18.48381637296109,2.1630964e-05,-3.2586195e-05,1.696295e-05,9.090787e-06,3.8591817e-05
3.316851116338256,31.29680600007712,17.555968071569044,2.1630964e-05,-3.2586195e-05,1.696295e-05,9.090787e-06,3.8591817e-05
3.5404110592681137,32.42214630008098,18.879667604982068,2.1630964e-05,-3.2586195e-05,1.696295e-05,9.090787e-06,3.8591817e-05
4.105559325955347,32.77842632938727,19.36891335364208,1.6801463e-05,-2.7859263e-05,1.35713235e-05,9.249924e-06,3.0372725e-05
4.342983071761848,29.47519878147534,16.099394593760845,1.6801463e-05,-2.7859263e-05,1.35713235e-05,9.249924e-06,3.0372725e-05
3.7355068831218907,31.846221031118652,18.495624879497164,1.6801463e-05,-2.7859263e-05,1.35713235e-05,9.249924e-06,3.0372725e-05
3.1282767130682916,28.837989434311492,15.627362048355378,1.6801463e-05,-2.7859263e-05,1.35713235e-05,9.249924e-06,3.0372725e-05
3.079608606794432,30.27400455018702,17.150834458026452,2.0341497e-05,-2.7967235e-05,1.528361e-05,8.353061e-06,3.5622503e-05
3.1563000809779047,31.04831296032083,17.913889253075233,2.0341497e-05,-2.7967235e-05,1.528361e-05,8.353061e-06,3.5622503e-05
3.2860906952531526,32.14272625612154,19.007744958161414,2.0341497e-05,-2.7967235e-05,1.528361e-05,8.353061e-06,3.5622503e-05
3.4730177765781054,32.287869124281805,19.18776655226931,2.0341497e-05,-2.7967235e-05,1.528361e-05,8.353061e-06,3.5622503e-05
3.581911464157637,32.149315543901594,19.022467126826825,2.6254036e-05,-2.7732469e-05,2.232032e-05,1.6127087e-05,4.8574802e-05
3.630658620290749,32.0725041452975,18.894121775344157,2.6254036e-05,-2.7732469e-05,2.232032e-05,1.6127087e-05,4.8574802e-05
3.567355107392126,30.685336443913158,17.50960976362164,2.6254036e-05,-2.7732469e-05,2.232032e-05,1.6127087e-05,4.8574802e-05
3.3753368295222304,31.15878841630355,18.092987699070683,2.6254036e-05,-2.7732469e-05,2.232032e-05,1.6127087e-05,4.8574802e-05
3.2216326688003702,30.840402961477654,17.897807812439748,2.556398e-05,-2.4640085e-05,2.4968062e-05,2.234314e-05,5.05276e-05
3.2264473836424634,34.77863610072109,21.921939999228783,2.556398e-05,-2.4640085e-05,2.4968062e-05,2.234314e-05,5.05276e-05
3.3326965642231907,33.86322253499402,21.052112366482863,2.556398e-05,-2.4640085e-05,2.4968062e-05,2.234314e-05,5.05276e-05
3.4290988316045197,33.0317094050052,20.40917865268191,2.556398e-05,-2.4640085e-05,2.4968062e-05,2.234314e-05,5.05276e-05
3.617463077931593,32.76706782863533,20.32947132996568,2.8434399e-05,-2.7397633e-05,2.4449457e-05,1.8633371e-05,5.2885887e-05
3.8451162611344616,32.0482373809432,19.73522307484672,2.8434399e-05,-2.7397633e-05,2.4449457e-05,1.8633371e-05,5.2885887e-05
3.807021555546987,32.20752786025527,19.911798480700266,2.8434399e-05,-2.7397633e-05,2.4449457e-05,1.8633371e-05,5.2885887e-05
3.7098843172791423,32.00057918482243,19.688921065823468,2.8434399e-05,-2.7397633e-05,2.4449457e-05,1.8633371e-05,5.2885887e-05
3.6855732078818493,32.87900204372807,20.571505032198356,2.9896459e-05,-2.9785544e-05,1.8930028e-05,1.8112449e-05,4.882579e-05
3.714337330814021,32.69337253692207,20.42501677399452,2.9896459e-05,-2.9785544e-05,1.8930028e-05,1.8112449e-05,4.882579e-05
3.7094212007866423,31.777092122006707,19.513640535225388,2.9896459e-05,-2.9785544e-05,1.8930028e-05,1.8112449e-05,4.882579e-05
3.6887012686538387,32.60763583079474,20.35016311263641,2.9896459e-05,-2.9785544e-05,1.8930028e-05,1.8112449e-05,4.882579e-05
3.730943199784059,32.262644506998804,20.068735587861028,3.483057e-05,-3.0646872e-05,2.1017207e-05,2.4105699e-05,5.5847584e-05
3.7821131377009984,31.785486060232138,19.683863417267574,3.483057e-05,-3.0646872e-05,2.1017207e-05,2.4105699e-05,5.5847584e-05
3.708511934600702,32.37528168742529,20.290884201596423,3.483057e-05,-3.0646872e-05,2.1017207e-05,2.4105699e-05,5.5847584e-05
3.6142829599352178,32.714160336251105,20.76387845602129,3.483057e-05,-3.0646872e-05,2.1017207e-05,2.4105699e-05,5.5847584e-05
3.628371187290325,32.61944472293989,20.815686576948288,2.517214e-05,-2.9498273e-05,1.703855e-05,1.5232922e-05,4.221202e-05
3.559340994100181,32.33772837697143,20.660840627771563,2.517214e-05,-2.9498273e-05,1.703855e-05,1.5232922e-05,4.221202e-05
3.5685855859329814,31.418872479080708,19.773406470520186,2.517214e-05,-2.9498273e-05,1.703855e-05,1.5232922e-05,4.221202e-05
3.6973072918675047,32.089665676936725,20.655300196660626,2.517214e-05,-2.9498273e-05,1.703855e-05,1.5232922e-05,4.221202e-05
3.813970230979833,31.50859484055065,20.254877183511354,2.7663727e-05,-2.9646992e-05,2.3208931e-05,2.7867902e-05,5.0870884e-05
3.9108922993868815,31.101970076736205,19.97445108548953,2.7663727e-05,-2.9646992e-05,2.3208931e-05,2.7867902e-05,5.0870884e-05
4.076131569814522,31.992944510854898,20.94221493849535,2.7663727e-05,-2.9646992e-05,2.3208931e-05,2.7867902e-05,5.0870884e-05
4.253121891026877,31.942434350055915,21.250467743801334,2.7663727e-05,-2.9646992e-05,2.3208931e-05,2.7867902e-05,5.0870884e-05
4.331270967493156,31.570434195812282,21.335956503296956,3.0076351e-05,-3.4423363e-05,1.8185383e-05,1.8883436e-05,4.825907e-05
4.34817221301045,31.54870859522616,21.74945436316662,3.0076351e-05,-3.4423363e-05,1.8185383e-05,1.8883436e-05,4.825907e-05
4.454121389735087,31.61242779470173,21.896881193845676,3.0076351e-05,-3.4423363e-05,1.8185383e-05,1.8883436e-05,4.825907e-05
4.5930952840010795,31.567356649828405,21.912806848417073,3.0076351e-05,-3.4423363e-05,1.8185383e-05,1.8883436e-05,4.825907e-05
4.649895114333089,31.402429722747076,21.92688080823661,3.336286e-05,-4.0771814e-05,2.1798034e-05,3.2120588e-05,5.5164448e-05
4.664950834843635,31.288597154205064,22.052448231982417,3.336286e-05,-4.0771814e-05,2.1798034e-05,3.2120588e-05,5.5164448e-05
4.665971542050669,31.263357883777427,22.047934677823623,3.336286e-05,-4.0771814e-05,2.1798034e-05,3.2120588e-05,5.5164448e-05
4.704163035514595,31.35746539158601,21.961899124667415,3.336286e-05,-4.0771814e-05,2.1798034e-05,3.2120588e-05,5.5164448e-05
0.8615397370146146,24.928639956811786,14.79892723556858,4.0885105e-05,-3.101435e-05,4.2965683e-05,2.2252465e-05,8.384933e-05
1.593007365133228,32.64197200478155,21.656733119962983,4.419884e-06,-3.689154e-05,5.7122706e-06,7.331562e-08,1.0132662e-05
1.6546095708171056,32.490925847375934,21.45104500057841,4.419884e-06,-3.689154e-05,5.7122706e-06,7.331562e-08,1.0132662e-05
1.7205090039717734,32.466059846527585,20.93539698453708,4.419884e-06,-3.689154e-05,5.7122706e-06,7.331562e-08,1.0132662e-05
1.6893926657154974,33.02138510777773,20.89208768750241,6.927469e-06,-2.2865606e-05,1.5722931e-05,5.273805e-06,2.264951e-05
1.5898334168819652,33.33694212007867,20.76183819843443,6.927469e-06,-2.2865606e-05,1.5722931e-05,5.273805e-06,2.264951e-05
1.5706590058998189,33.71839702309798,21.085786064088225,6.927469e-06,-2.2865606e-05,1.5722931e-05,5.273805e-06,2.264951e-05
1.698254347742259,33.88888597539814,21.081986272317124,6.927469e-06,-2.2865606e-05,1.5722931e-05,5.273805e-06,2.264951e-05
1.8773585778737516,33.94109590097559,21.02782323680253,1.1342783e-05,-1.5310847e-05,9.537188e-06,4.780305e-06,2.0879144e-05
2.034882967647399,34.000800910037405,21.04233949022481,1.1342783e-05,-1.5310847e-05,9.537188e-06,4.780305e-06,2.0879144e-05
2.237901901052713,33.93143677939305,20.963132302471756,1.1342783e-05,-1.5310847e-05,9.537188e-06,4.780305e-06,2.0879144e-05
2.3021466856900474,33.87797979408476,20.826320903867657,1.1342783e-05,-1.5310847e-05,9.537188e-06,4.780305e-06,2.0879144e-05
2.3104577179655266,33.9714930783172,20.88809239193306,1.2134528e-05,-3.123094e-05,2.2875614e-05,1.1327866e-05,3.5008936e-05
2.513097212046427,34.074053136929784,21.01388231211198,1.2134528e-05,-3.123094e-05,2.2875614e-05,1.1327866e-05,3.5008936e-05
2.6797242895152893,33.76425211120966,20.676511009138935,1.2134528e-05,-3.123094e-05,2.2875614e-05,1.1327866e-05,3.5008936e-05
2.6279196390699107,33.240776616666025,19.987814753403,1.2134528e-05,-3.123094e-05,2.2875614e-05,1.1327866e-05,3.5008936e-05
2.4193116878108976,33.31463733467011,19.927785061504647,1.5629303e-05,-2.2731476e-05,2.9315392e-05,2.2432294e-05,4.494584e-05
2.3076072957235954,32.528618748312965,19.070751166467435,1.5629303e-05,-2.2731476e-05,2.9315392e-05,2.2432294e-05,4.494584e-05
2.3757008444838625,33.01260016195581,19.524971657733392,1.5629303e-05,-2.2731476e-05,2.9315392e-05,2.2432294e-05,4.494584e-05
2.4740261442949136,32.08486253036671,18.459438167585702,1.5629303e-05,-2.2731476e-05,2.9315392e-05,2.2432294e-05,4.494584e-05
2.5003474337716423,32.225989665676934,18.452781012609414,1.512917e-05,-2.5190282e-05,1.1650645e-05,6.1471496e-06,2.677829e-05
2.4909347163845297,32.61459723132688,18.739541125207264,1.512917e-05,-2.5190282e-05,1.1650645e-05,6.1471496e-06,2.677829e-05
2.559082636023599,32.50002506458952,18.60044576408437,1.512917e-05,-2.5190282e-05,1.1650645e-05,6.1471496e-06,2.677829e-05
2.640099101530868,31.93921914163421,17.95447036594301,1.512917e-05,-2.5190282e-05,1.1650645e-05,6.1471496e-06,2.677829e-05
2.6216550341264027,31.75963714186558,17.703660586897005,1.8802695e-05,-2.4583795e-05,9.657921e-06,4.2154256e-06,2.845814e-05
2.6987417576061388,31.069857324644275,16.980707978251647,1.8802695e-05,-2.4583795e-05,9.657921e-06,4.2154256e-06,2.845814e-05
2.8710804766128097,32.553457370917364,18.471982801835498,1.8802695e-05,-2.4583795e-05,9.657921e-06,4.2154256e-06,2.845814e-05
3.0549207573362125,32.63158870936645,18.62935140554506,1.8802695e-05,-2.4583795e-05,9.657921e-06,4.2154256e-06,2.845814e-05
3.2286033239501792,32.424406354837465,18.533365210349746,2.2762055e-05,-3.367749e-05,1.5624099e-05,1.5962523e-05,3.838374e-05
3.304019974549801,32.25942698492268,18.46880731114796,2.2762055e-05,-3.367749e-05,1.5624099e-05,1.5962523e-05,3.838374e-05
3.3484860987930434,32.12495237727991,18.356337870666717,2.2762055e-05,-3.367749e-05,1.5624099e-05,1.5962523e-05,3.838374e-05
3.453554158793815,32.4807060502063,18.8329406547642,2.2762055e-05,-3.367749e-05,1.5624099e-05,1.5962523e-05,3.838374e-05
3.833048625303667,32.68166120387151,19.162642578953456,1.9186982e-05,-3.196615e-05,1.62522e-05,1.2810778e-05,3.5440706e-05
4.0039598195349555,32.8681968919909,19.45064126788262,1.9186982e-05,-3.196615e-05,1.62522e-05,1.2810778e-05,3.5440706e-05
3.567210889600123,32.98531060810551,19.595891335364207,1.9186982e-05,-3.196615e-05,1.62522e-05,1.2810778e-05,3.5440706e-05
3.1875051093201714,31.122556588130955,17.810561832414297,1.9186982e-05,-3.196615e-05,1.62522e-05,1.2810778e-05,3.5440706e-05
3.0798006401110554,31.376541472255425,18.155966529132765,1.876118e-05,-2.4958457e-05,1.598071e-05,8.294663e-06,3.4740937e-05
3.086372575482975,31.19622334477307,18.037842517256006,1.876118e-05,-2.4958457e-05,1.598071e-05,8.294663e-06,3.4740937e-05
3.1959133150811705,31.57919600509004,18.417185439401536,1.876118e-05,-2.4958457e-05,1.598071e-05,8.294663e-06,3.4740937e-05
3.410392550032777,31.65404388231211,18.46307137623877,1.876118e-05,-2.4958457e-05,1.598071e-05,8.294663e-06,3.4740937e-05
3.594879882774843,31.71344580264528,18.493189372614044,2.7773289e-05,-2.8630915e-05,1.9047524e-05,1.49993275e-05,4.6819543e-05
3.662244630393707,32.160166197508964,18.946698029537654,2.7773289e-05,-2.8630915e-05,1.9047524e-05,1.49993275e-05,4.6819543e-05
3.59598696641345,31.731552847722977,18.522554274476537,2.7773289e-05,-2.8630915e-05,1.9047524e-05,1.49993275e-05,4.6819543e-05
3.462982300543709,31.791918790729955,18.627919253460842,2.7773289e-05,-2.8630915e-05,1.9047524e-05,1.49993275e-05,4.6819543e-05
3.3711240504376665,31.139296649057187,18.094560984074345,2.9686858e-05,-2.3375975e-05,2.8608452e-05,2.7846414e-05,5.8294994e-05
3.4265430146917053,31.649897042378438,18.755006748158717,2.9686858e-05,-2.3375975e-05,2.8608452e-05,2.7846414e-05,5.8294994e-05
3.542114294528207,30.796755870898085,17.947381328808852,2.9686858e-05,-2.3375975e-05,2.8608452e-05,2.7846414e-05,5.8294994e-05
3.5691693980642425,32.591239733158524,19.86287702926773,2.9686858e-05,-2.3375975e-05,2.8608452e-05,2.7846414e-05,5.8294994e-05
3.671060810550264,30.848541626499056,18.306957544441445,3.0349936e-05,-2.4943976e-05,2.5962108e-05,2.5202704e-05,5.6313504e-05
3.8335514595303284,31.739328654609956,19.388901399760922,3.0349936e-05,-2.4943976e-05,2.5962108e-05,2.5202704e-05,5.6313504e-05
3.799744341186905,31.78689816064474,19.456787105232713,3.0349936e-05,-2.4943976e-05,2.5962108e-05,2.5202704e-05,5.6313504e-05
3.7322843481278682,31.667066671808122,19.28977249064898,3.0349936e-05,-2.4943976e-05,2.5962108e-05,2.5202704e-05,5.6313504e-05
3.7316322831913005,32.65451625342228,20.287130297304593,2.840958e-05,-2.6040669e-05,1.7636437e-05,1.7609746e-05,4.604843e-05
3.79233949022481,31.69531909150503,19.416164346585433,2.840958e-05,-2.6040669e-05,1.7636437e-05,1.7609746e-05,4.604843e-05
3.868004858674276,32.18771141017237,19.912412370338952,2.840958e-05,-2.6040669e-05,1.7636437e-05,1.7609746e-05,4.604843e-05
3.923225619866579,32.33816758570161,20.05874330004242,2.840958e-05,-2.6040669e-05,1.7636437e-05,1.7609746e-05,4.604843e-05
3.9978737515906375,31.52791115567038,19.318670805537348,3.209326e-05,-2.8134145e-05,2.4115125e-05,2.376137e-05,5.621029e-05
3.939216827979794,31.495903289245362,19.393227547911927,3.209326e-05,-2.8134145e-05,2.4115125e-05,2.376137e-05,5.621029e-05
3.696903944780781,30.399061427524774,18.313910461574057,3.209326e-05,-2.8134145e-05,2.4115125e-05,2.376137e-05,5.621029e-05
3.546806000077122,31.56997802028304,19.571631126364093,3.209326e-05,-2.8134145e-05,2.4115125e-05,2.376137e-05,5.621029e-05
3.539882774842864,31.488255890178536,19.627072070335092,3.4452754e-05,-3.0874304e-05,1.4318889e-05,1.4563719e-05,4.8773865e-05
3.5070265684648905,31.95436200979447,20.250099101530868,3.4452754e-05,-3.0874304e-05,1.4318889e-05,1.4563719e-05,4.8773865e-05
3.5709462846566153,31.89813018162187,20.22202599005129,3.4452754e-05,-3.0874304e-05,1.4318889e-05,1.4563719e-05,4.8773865e-05
3.733935140554506,32.547928893687576,20.95479350634327,3.4452754e-05,-3.0874304e-05,1.4318889e-05,1.4563719e-05,4.8773865e-05
3.7659275826167433,31.968607565649943,20.54066633247214,2.5867465e-05,-3.1919226e-05,2.5146051e-05,2.8760987e-05,5.101231e-05
3.8113500173524084,31.798331855165234,20.592919446265377,2.5867465e-05,-3.1919226e-05,2.5146051e-05,2.8760987e-05,5.101231e-05
3.948225041452975,31.600562218023367,20.470898854741062,2.5867465e-05,-3.1919226e-05,2.5146051e-05,2.8760987e-05,5.101231e-05
4.130915050321984,31.830561446805227,20.93926040180465,2.5867465e-05,-3.1919226e-05,2.5146051e-05,2.8760987e-05,5.101231e-05
4.170513245671538,31.478207689044847,21.0790332780627,3.15466e-05,-3.4892917e-05,2.133294e-05,2.0386407e-05,5.2877254e-05
4.189174025373077,31.50677862183319,21.65328346122701,3.15466e-05,-3.4892917e-05,2.133294e-05,2.0386407e-05,5.2877254e-05
4.213791308371573,31.61511009138935,21.838782632167508,3.15466e-05,-3.4892917e-05,2.133294e-05,2.0386407e-05,5.2877254e-05
4.453999151660047,31.523410712219953,21.74605097751899,3.15466e-05,-3.4892917e-05,2.133294e-05,2.0386407e-05,5.2877254e-05
4.617866810627386,31.453976015115874,21.860547950487796,3.0622887e-05,-3.8750502e-05,2.0275798e-05,2.2502372e-05,5.0898685e-05
4.544690548721706,31.284508926849963,21.980505533490145,3.0622887e-05,-3.8750502e-05,2.0275798e-05,2.2502372e-05,5.0898685e-05
4.524190028149462,31.24909844599545,21.969778660394095,3.0622887e-05,-3.8750502e-05,2.0275798e-05,2.2502372e-05,5.0898685e-05
4.539758994331547,31.413024331932284,21.91841437550611,3.0622887e-05,-3.8750502e-05,2.0275798e-05,2.2502372e-05,5.0898685e-05
5.299492538464504,29.90076157791231,19.78951259013612,3.8571885e-05,-3.0507497e-05,3.5577563e-05,3.65645e-05,7.414678e-05
2.5127250992943355,25.777717579917482,15.64907338140593,3.8571885e-05,-3.0507497e-05,3.5577563e-05,3.65645e-05,7.414678e-05
1.5161909536112288,32.84743994138742,21.514788107816297,4.156837e-06,-4.2526113e-05,5.8920364e-06,3.1103596e-08,1.0050397e-05
1.624423321636525,32.836707284155324,21.173197470404507,4.156837e-06,-4.2526113e-05,5.8920364e-06,3.1103596e-08,1.0050397e-05
1.6810588825049166,33.03766822195658,20.9550854124089,7.271703e-06,-2.265999e-05,1.5855725e-05,5.8595365e-06,2.3125713e-05
1.6438279412331778,33.14155670381367,20.752301700535995,7.271703e-06,-2.265999e-05,1.5855725e-05,5.8595365e-06,2.3125713e-05
1.5769228396251878,33.486111903751976,20.670679828789574,7.271703e-06,-2.265999e-05,1.5855725e-05,5.8595365e-06,2.3125713e-05
1.6700096402267381,33.70277021555547,20.811183819843446,7.271703e-06,-2.265999e-05,1.5855725e-05,5.8595365e-06,2.3125713e-05
1.858206917826707,33.70957621563259,20.720417614622296,1.1626016e-05,-2.008592e-05,9.433276e-06,4.602507e-06,2.1056752e-05
2.026126942505688,33.692442833455445,20.648365017545213,1.1626016e-05,-2.008592e-05,9.433276e-06,4.602507e-06,2.1056752e-05
2.1988339181737553,33.75179269656422,20.615660355531563,1.1626016e-05,-2.008592e-05,9.433276e-06,4.602507e-06,2.1056752e-05
2.271484980526742,33.74620753480122,20.58724598002545,1.1626016e-05,-2.008592e-05,9.433276e-06,4.602507e-06,2.1056752e-05
2.232170207843289,33.63635252381136,20.46841553233332,1.2503709e-05,-3.126675e-05,1.6871416e-05,6.6079588e-06,2.9373094e-05
2.3597620792041027,33.951280222110825,20.784815871669302,1.2503709e-05,-3.126675e-05,1.6871416e-05,6.6079588e-06,2.9373094e-05
2.4594115605599045,33.67945397755755,20.43981336521035,1.2503709e-05,-3.126675e-05,1.6871416e-05,6.6079588e-06,2.9373094e-05
2.3957818223884626,33.51320518258589,20.181942698492268,1.2503709e-05,-3.126675e-05,1.6871416e-05,6.6079588e-06,2.9373094e-05
2.3045594416380673,32.6888624532449,19.26306327844831,1.4455364e-05,-2.313982e-05,2.3070552e-05,1.500777e-05,3.7526424e-05
2.3466428874407126,33.17262754019975,19.698842015964217,1.4455364e-05,-2.313982e-05,2.3070552e-05,1.500777e-05,3.7526424e-05
2.522293217136467,33.31546099564262,19.724746847645857,1.4455364e-05,-2.313982e-05,2.3070552e-05,1.500777e-05,3.7526424e-05
2.586293140014653,32.235474491960055,18.56893764701346,1.4455364e-05,-2.313982e-05,2.3070552e-05,1.500777e-05,3.7526424e-05
2.524999421586396,32.449366444298775,18.697889175953417,1.5170747e-05,-2.3816443e-05,1.1154257e-05,4.81636e-06,2.6323418e-05
2.4962950680600007,32.46299425442486,18.652060694867544,1.5170747e-05,-2.3816443e-05,1.1154257e-05,4.81636e-06,2.6323418e-05
2.567665137084024,32.4773161608761,18.55224193113022,1.5170747e-05,-2.3816443e-05,1.1154257e-05,4.81636e-06,2.6323418e-05
2.679404619596653,32.24878841630355,18.26981375081942,1.5170747e-05,-2.3816443e-05,1.1154257e-05,4.81636e-06,2.6323418e-05
2.7021304901091274,31.931010681371227,17.884758030308873,1.6306663e-05,-2.3533072e-05,1.1089828e-05,5.579477e-06,2.7395285e-05
2.753099525700845,31.89520803609301,17.806216018200747,1.6306663e-05,-2.3533072e-05,1.1089828e-05,5.579477e-06,2.7395285e-05
2.908026838391239,31.36290826360236,17.308896772452087,1.6306663e-05,-2.3533072e-05,1.1089828e-05,5.579477e-06,2.7395285e-05
3.0802838082751705,31.475009061813136,17.50663787452281,1.6306663e-05,-2.3533072e-05,1.1089828e-05,5.579477e-06,2.7395285e-05
3.2093255697374,31.610295376547256,17.739442023676396,2.3137203e-05,-3.0233852e-05,1.6241725e-05,1.9355832e-05,3.9377912e-05
3.2650703736551887,31.994635792233833,18.174998650368256,2.3137203e-05,-3.0233852e-05,1.6241725e-05,1.9355832e-05,3.9377912e-05
3.307599583542205,31.482790652836155,17.799597809740483,2.3137203e-05,-3.0233852e-05,1.6241725e-05,1.9355832e-05,3.9377912e-05
3.3104257124127563,32.8181741410558,19.1909755909459,2.3137203e-05,-3.0233852e-05,1.6241725e-05,1.9355832e-05,3.9377912e-05
3.39272124320364,33.130229051787296,19.582699649095748,2.0494985e-05,-3.6055797e-05,2.2556645e-05,1.7304295e-05,4.3053344e-05
3.4184891836655997,33.2802290517873,19.798833918173756,2.0494985e-05,-3.6055797e-05,2.2556645e-05,1.7304295e-05,4.3053344e-05
3.30224231673929,33.23446689546138,19.85876682219566,2.0494985e-05,-3.6055797e-05,2.2556645e-05,1.7304295e-05,4.3053344e-05
3.1846138125168704,33.157009601665834,19.839768634558283,2.0494985e-05,-3.6055797e-05,2.2556645e-05,1.7304295e-05,4.3053344e-05
3.1378120541395136,32.983610072108895,19.722556973740023,1.7313721e-05,-2.7922075e-05,1.6675844e-05,6.2244326e-06,3.398455e-05
3.1829356418462966,32.65286160490495,19.408426714996335,1.7313721e-05,-2.7922075e-05,1.6675844e-05,6.2244326e-06,3.398455e-05
3.2903293101453746,32.216290055142096,18.983398372729727,1.7313721e-05,-2.7922075e-05,1.6675844e-05,6.2244326e-06,3.398455e-05
3.422031388578259,31.76557359349092,18.50384375120503,1.7313721e-05,-2.7922075e-05,1.6675844e-05,6.2244326e-06,3.398455e-05
3.616633632823044,31.657999460147302,18.372662245016002,2.6632739e-05,-2.91548e-05,1.7213872e-05,1.5376316e-05,4.384477e-05
3.6803177418732886,31.297072841553234,18.006191724829367,2.6632739e-05,-2.91548e-05,1.7213872e-05,1.5376316e-05,4.384477e-05
3.5840893841823163,31.1253777040836,17.870791655419737,2.6632739e-05,-2.91548e-05,1.7213872e-05,1.5376316e-05,4.384477e-05
3.480320055527706,31.12730343577681,17.918483399529556,2.6632739e-05,-2.91548e-05,1.7213872e-05,1.5376316e-05,4.384477e-05
3.422930243319323,31.786172058766823,18.65812169822234,3.067443e-05,-2.5298752e-05,3.2863933e-05,3.132643e-05,6.354071e-05
3.4583611614545173,31.980102186403425,18.92666178228512,3.067443e-05,-2.5298752e-05,3.2863933e-05,3.132643e-05,6.354071e-05
3.5362499517988666,31.22662360698724,18.32662669185979,3.067443e-05,-2.5298752e-05,3.2863933e-05,3.132643e-05,6.354071e-05
3.5424000308487256,32.601810434581424,19.797264489260787,3.067443e-05,-2.5298752e-05,3.2863933e-05,3.132643e-05,6.354071e-05
3.5604149153588094,32.01846874638491,19.341659661435237,2.3322238e-05,-2.4002724e-05,2.1400543e-05,1.6220589e-05,4.4720622e-05
3.632335634134115,32.41092970346663,19.843348629159756,2.3322238e-05,-2.4002724e-05,2.1400543e-05,1.6220589e-05,4.4720622e-05
3.6378267072841552,32.23249373385262,19.764712528438668,2.3322238e-05,-2.4002724e-05,2.1400543e-05,1.6220589e-05,4.4720622e-05
3.6594115605599047,31.589739328269,19.128332626383372,2.3322238e-05,-2.4002724e-05,2.1400543e-05,1.6220589e-05,4.4720622e-05
3.7215952647206265,30.823502101569428,18.37383295415108,2.883151e-05,-2.5261694e-05,1.7463082e-05,1.6587737e-05,4.6292305e-05
3.7846581575598655,28.86895846990321,16.42552346431188,2.883151e-05,-2.5261694e-05,1.7463082e-05,1.6587737e-05,4.6292305e-05
3.8878413604287974,31.536770524042723,19.151937299965294,2.883151e-05,-2.5261694e-05,1.7463082e-05,1.6587737e-05,4.6292305e-05
3.9204515482204143,32.16578066556125,19.81191801951182,2.883151e-05,-2.5261694e-05,1.7463082e-05,1.6587737e-05,4.6292305e-05
3.900850653607373,30.075868198820036,17.77914009177496,2.7233356e-05,-2.595832e-05,2.659313e-05,2.3201854e-05,5.3825217e-05
3.826195195310994,30.80968457178113,18.573220221339607,2.7233356e-05,-2.595832e-05,2.659313e-05,2.3201854e-05,5.3825217e-05
3.6327258705124743,29.556979138549337,17.45922646820653,2.7233356e-05,-2.595832e-05,2.659313e-05,2.3201854e-05,5.3825217e-05
3.594656229514518,31.460433424594147,19.42743222920603,2.7233356e-05,-2.595832e-05,2.659313e-05,2.3201854e-05,5.3825217e-05
3.6210099101530866,31.5081425211121,19.57956079126981,3.8218255e-05,-3.019848e-05,1.2747967e-05,1.3535681e-05,5.0968254e-05
3.5061778429028654,30.545840434967033,18.699434311495008,3.8218255e-05,-3.019848e-05,1.2747967e-05,1.3535681e-05,5.0968254e-05
3.498369644854047,31.550773146184397,19.847618092777545,3.8218255e-05,-3.019848e-05,1.2747967e-05,1.3535681e-05,5.0968254e-05
3.6383788994717157,31.755444800061696,20.104795048779547,3.8218255e-05,-3.019848e-05,1.2747967e-05,1.3535681e-05,5.0968254e-05
3.6563201326495203,32.525978483013915,20.969803339374543,2.9597992e-05,-3.3439792e-05,2.0103269e-05,2.1021524e-05,4.970164e-05
3.738542012108125,31.378176454710214,19.910211313770102,2.9597992e-05,-3.3439792e-05,2.0103269e-05,2.1021524e-05,4.970164e-05
3.855119731616088,31.599126981066597,20.354175760613888,2.9597992e-05,-3.3439792e-05,2.0103269e-05,2.1021524e-05,4.970164e-05
3.9240851424825514,31.60358886361007,20.53157829792157,2.9597992e-05,-3.3439792e-05,2.0103269e-05,2.1021524e-05,4.970164e-05
3.8916396097636214,31.79148845100837,21.001655419735474,3.6900226e-05,-3.5224806e-05,1.9064028e-05,1.5694302e-05,5.596438e-05
3.9155419735472177,31.877226699571974,21.353756603555315,3.6900226e-05,-3.5224806e-05,1.9064028e-05,1.5694302e-05,5.596438e-05
4.008125554313038,31.6761736012031,21.477500096402267,3.6900226e-05,-3.5224806e-05,1.9064028e-05,1.5694302e-05,5.596438e-05
4.180313114564455,31.71254309181352,21.594301469170556,3.6900226e-05,-3.5224806e-05,1.9064028e-05,1.5694302e-05,5.596438e-05
4.303478579416188,31.591198472988086,21.64086145066132,3.5234534e-05,-3.7976766e-05,1.6874652e-05,1.5389234e-05,5.2107283e-05
4.227459993059036,31.503003509042532,21.717210118381985,3.5234534e-05,-3.7976766e-05,1.6874652e-05,1.5389234e-05,5.2107283e-05
4.1828234296070645,31.48520919292022,21.73394709443566,3.5234534e-05,-3.7976766e-05,1.6874652e-05,1.5389234e-05,5.2107283e-05
6.771855936451626,30.34823043997995,20.234093625882082,3.9751347e-05,-3.4863766e-05,3.6441543e-05,4.073422e-05,7.619594e-05
4.45392357228242,27.784057378629544,17.66106312420468,3.9751347e-05,-3.4863766e-05,3.6441543e-05,4.073422e-05,7.619594e-05
1.1646311649249992,32.319742798750625,21.315246596999962,1.791821e-06,-4.137347e-05,7.02243e-07,0.0,2.4923502e-06
1.1878567847915782,31.38024447615008,20.404610727644314,5.4125335e-06,-3.3067387e-05,2.6424725e-06,1.7608444e-07,8.051007e-06
1.2007072070335094,31.498570547179273,20.50185285157907,5.4125335e-06,-3.3067387e-05,2.6424725e-06,1.7608444e-07,8.051007e-06
1.2046893918944974,31.481457987891876,20.465134770369797,5.4125335e-06,-3.3067387e-05,2.6424725e-06,1.7608444e-07,8.051007e-06
1.1899282767130683,31.79855435159835,20.77070527898816,5.4125335e-06,-3.3067387e-05,2.6424725e-06,1.7608444e-07,8.051007e-06
1.2125774110207073,32.53610419157059,21.40501908764894,4.1657872e-06,-1.0250566e-05,3.7700097e-06,3.4280606e-07,7.9354795e-06
1.5053588092391934,33.13977326186712,21.398340724173835,4.1657872e-06,-1.0250566e-05,3.7700097e-06,3.4280606e-07,7.9354795e-06
1.6192503759688426,33.094667412177536,20.952516484787722,8.509309e-06,-1.9653651e-05,1.6761855e-05,8.775943e-06,2.52711e-05
1.6078868622990012,33.17734816642888,20.725740947827095,8.509309e-06,-1.9653651e-05,1.6761855e-05,8.775943e-06,2.52711e-05
1.5381367369760537,33.37326495199167,20.489041375853162,8.509309e-06,-1.9653651e-05,1.6761855e-05,8.775943e-06,2.52711e-05
1.6106917826707283,33.40434427177727,20.42913816372961,8.509309e-06,-1.9653651e-05,1.6761855e-05,8.775943e-06,2.52711e-05
1.8386453553387576,33.40749161300274,20.276893533335905,1.2916307e-05,-2.4695719e-05,1.1216845e-05,4.652336e-06,2.4133089e-05
2.0468380056298923,33.29625072301701,20.037981722130105,1.2916307e-05,-2.4695719e-05,1.1216845e-05,4.652336e-06,2.4133089e-05
2.1322434735664983,33.34687772336405,19.991939228010644,1.2916307e-05,-2.4695719e-05,1.1216845e-05,4.652336e-06,2.4133089e-05
2.2058049589326343,33.420848339952954,20.10627848687001,1.2916307e-05,-2.4695719e-05,1.1216845e-05,4.652336e-06,2.4133089e-05
2.25771757991748,33.37291559017468,20.087648555894035,1.1615733e-05,-2.85022e-05,1.1637251e-05,3.4245693e-06,2.3253047e-05
2.2726957930050515,33.14231134076274,19.852710446149693,1.1615733e-05,-2.85022e-05,1.1637251e-05,3.4245693e-06,2.3253047e-05
2.353303898507693,33.564653915860106,20.21404388231211,1.1615733e-05,-2.85022e-05,1.1637251e-05,3.4245693e-06,2.3253047e-05
2.369575058805383,33.13667373616627,19.722466355608685,1.1615733e-05,-2.85022e-05,1.1637251e-05,3.4245693e-06,2.3253047e-05
2.4112254656229513,32.529669918636486,19.025984267149962,1.2973817e-05,-2.373277e-05,1.4498084e-05,4.2881384e-06,2.747095e-05
2.541724443758917,32.57090618131339,18.997146107276443,1.2973817e-05,-2.373277e-05,1.4498084e-05,4.2881384e-06,2.747095e-05
2.6987139937531333,32.48193267265646,18.798563606216018,1.2973817e-05,-2.373277e-05,1.4498084e-05,4.2881384e-06,2.747095e-05
2.7323537577603827,32.829056028997805,19.1170188562835,1.2973817e-05,-2.373277e-05,1.4498084e-05,4.2881384e-06,2.747095e-05
2.5855762927544057,32.526039409246906,18.782393475494544,1.1438823e-05,-2.4274277e-05,1.011984e-05,2.0970172e-06,2.1557838e-05
2.5242390005012916,32.519644468437896,18.751564415995066,1.1438823e-05,-2.4274277e-05,1.011984e-05,2.0970172e-06,2.1557838e-05
2.556949446650985,32.53847800100258,18.661736012031003,1.1438823e-05,-2.4274277e-05,1.011984e-05,2.0970172e-06,2.1557838e-05
2.658425558169128,32.348634943893884,18.392865846604714,1.1438823e-05,-2.4274277e-05,1.011984e-05,2.0970172e-06,2.1557838e-05
2.7135965757914624,32.129607064358154,18.070208614506612,1.3799586e-05,-2.3814951e-05,1.16512165e-05,5.164149e-06,2.544858e-05
2.7518428257432612,32.38578220799753,18.252105811128676,1.3799586e-05,-2.3814951e-05,1.16512165e-05,5.164149e-06,2.544858e-05
2.9186017815139014,31.979091505032198,17.880342035244666,1.3799586e-05,-2.3814951e-05,1.16512165e-05,5.164149e-06,2.544858e-05
3.1526098021825475,31.783382948366945,17.803954421007983,1.3799586e-05,-2.3814951e-05,1.16512165e-05,5.164149e-06,2.544858e-05
3.2373871129448966,31.375919484826284,17.538316045193383,2.121005e-05,-2.7655971e-05,1.7205493e-05,1.6557999e-05,3.8415987e-05
3.224994794277561,31.59481818532372,17.842287433000422,2.121005e-05,-2.7655971e-05,1.7205493e-05,1.6557999e-05,3.8415987e-05
3.2608228897543667,32.10554814329233,18.485823468167972,2.121005e-05,-2.7655971e-05,1.7205493e-05,1.6557999e-05,3.8415987e-05
3.2789735086569234,32.4673554930012,18.871141402845794,2.121005e-05,-2.7655971e-05,1.7205493e-05,1.6557999e-05,3.8415987e-05
3.248194192727413,32.81436046735819,19.259030964408282,1.9732503e-05,-3.543044e-05,2.5924148e-05,1.7676617e-05,4.565665e-05
3.2261944240928546,33.241151043072534,19.731386650214013,1.9732503e-05,-3.543044e-05,2.5924148e-05,1.7676617e-05,4.565665e-05
3.2164543246057145,33.23743377164231,19.827337754983997,1.9732503e-05,-3.543044e-05,2.5924148e-05,1.7676617e-05,4.565665e-05
3.205925268962326,33.12581768403193,19.774538233139243,1.9732503e-05,-3.543044e-05,2.5924148e-05,1.7676617e-05,4.565665e-05
3.1935745960745,32.19805730150773,18.89561331122508,2.1181739e-05,-3.217878e-05,1.8759023e-05,1.0938595e-05,3.9936254e-05
3.2358377357035435,32.58391547449196,19.280624301083563,2.1181739e-05,-3.217878e-05,1.8759023e-05,1.0938595e-05,3.9936254e-05
3.3767832491420195,32.37085605213435,19.07574364709058,2.1181739e-05,-3.217878e-05,1.8759023e-05,1.0938595e-05,3.9936254e-05
3.4840701037288397,32.28969035591717,18.973966760498207,2.1181739e-05,-3.217878e-05,1.8759023e-05,1.0938595e-05,3.9936254e-05
3.6088358462191032,32.25672000925462,18.90535302510315,2.2086091e-05,-3.264144e-05,1.5440904e-05,1.5536023e-05,3.752782e-05
3.636095708171056,31.026369105001347,17.648137122585123,2.2086091e-05,-3.264144e-05,1.5440904e-05,1.5536023e-05,3.752782e-05
3.472121235491459,30.692784868700112,17.35070913507886,2.2086091e-05,-3.264144e-05,1.5440904e-05,1.5536023e-05,3.752782e-05
3.301078548567462,30.76757953187059,17.486445455597114,2.2086091e-05,-3.264144e-05,1.5440904e-05,1.5536023e-05,3.752782e-05
3.2365804187714495,30.498480700266068,17.287412177534417,3.127581e-05,-2.5767366e-05,3.31902e-05,3.2849013e-05,6.4468615e-05
3.277913083715729,32.5470277252921,19.378177611537424,3.127581e-05,-2.5767366e-05,3.31902e-05,3.2849013e-05,6.4468615e-05
3.361384336559596,32.88249951798866,19.854740677900743,3.127581e-05,-2.5767366e-05,3.31902e-05,3.2849013e-05,6.4468615e-05
3.4413658273242587,32.697103690278794,19.775154050823275,3.127581e-05,-2.5767366e-05,3.31902e-05,3.2849013e-05,6.4468615e-05
3.4663355570123007,32.54630856437743,19.723853391431767,2.2350028e-05,-2.6026362e-05,1.7767326e-05,9.229326e-06,4.0111958e-05
3.4552940269155132,32.33916091466471,19.573438861682025,2.2350028e-05,-2.6026362e-05,1.7767326e-05,9.229326e-06,4.0111958e-05
3.473294643890024,32.245096980680984,19.580484324991325,2.2350028e-05,-2.6026362e-05,1.7767326e-05,9.229326e-06,4.0111958e-05
3.5946866926310106,31.958082751706318,19.348541240889986,2.2350028e-05,-2.6026362e-05,1.7767326e-05,9.229326e-06,4.0111958e-05
3.6989268499595114,31.846315119731617,19.259548837388657,2.8659551e-05,-2.6429107e-05,1.7508532e-05,1.5108127e-05,4.616662e-05
3.662325993907377,31.50544210079821,18.89619789457448,2.8659551e-05,-2.6429107e-05,1.7508532e-05,1.5108127e-05,4.616662e-05
3.689798712065708,29.028904099024405,16.48668376200208,2.8659551e-05,-2.6429107e-05,1.7508532e-05,1.5108127e-05,4.616662e-05
3.632762503374079,30.15095322561987,17.681643851463388,2.8659551e-05,-2.6429107e-05,1.7508532e-05,1.5108127e-05,4.616662e-05
3.587687888019126,29.235824624995182,16.842108124783095,2.7457238e-05,-2.5721698e-05,2.3545485e-05,2.2745138e-05,5.1000756e-05
3.5935584004935794,30.566739289708092,18.210650522500288,2.7457238e-05,-2.5721698e-05,2.3545485e-05,2.2745138e-05,5.1000756e-05
3.5498338024910345,31.60752323294644,19.39190799367601,2.7457238e-05,-2.5721698e-05,2.3545485e-05,2.2745138e-05,5.1000756e-05
3.6678965025257395,31.363627424517023,19.246193652874716,2.7457238e-05,-2.5721698e-05,2.3545485e-05,2.2745138e-05,5.1000756e-05
3.652305171017622,30.814840165040682,18.81477769637142,3.25256e-05,-2.7952774e-05,1.1716725e-05,1.1085575e-05,4.4241882e-05
3.345793005051479,31.810605406239155,19.88449890101415,3.25256e-05,-2.7952774e-05,1.1716725e-05,1.1085575e-05,4.4241882e-05
3.2935086569236107,32.76103227547912,20.971985115489915,3.25256e-05,-2.7952774e-05,1.1716725e-05,1.1085575e-05,4.4241882e-05
3.4969255388886746,32.72487294181159,20.97983573053638,3.25256e-05,-2.7952774e-05,1.1716725e-05,1.1085575e-05,4.4241882e-05
3.613449273126904,31.834351598349592,20.130139590483168,3.1753407e-05,-3.2918182e-05,1.39471695e-05,1.3328494e-05,4.570172e-05
3.706254579107701,31.762181390506306,20.072653761616472,3.1753407e-05,-3.2918182e-05,1.39471695e-05,1.3328494e-05,4.570172e-05
3.8442096942120076,31.62878803069448,20.118402807234027,3.1753407e-05,-3.2918182e-05,1.39471695e-05,1.3328494e-05,4.570172e-05
3.799915551613774,31.788543168935334,20.41545058419774,3.1753407e-05,-3.2918182e-05,1.39471695e-05,1.3328494e-05,4.570172e-05
3.69891952338719,31.787965526549186,20.52147765395442,3.8239268e-05,-3.5245794e-05,1.4698988e-05,8.21922e-06,5.293908e-05
3.744786179770948,32.042062237303824,20.81009948713994,3.8239268e-05,-3.5245794e-05,1.4698988e-05,8.21922e-06,5.293908e-05
3.8622866617822846,31.931710561832418,21.007984035784524,3.8239268e-05,-3.5245794e-05,1.4698988e-05,8.21922e-06,5.293908e-05
3.886189025565881,31.842947981336522,21.187771565187212,3.8239268e-05,-3.5245794e-05,1.4698988e-05,8.21922e-06,5.293908e-05
3.862080360930089,31.797554081672,21.386471291404774,4.2505602e-05,-3.920394e-05,1.3255146e-05,1.534426e-05,5.5761127e-05
3.8400852196043647,31.794751860563764,21.481501176107663,4.2505602e-05,-3.920394e-05,1.3255146e-05,1.534426e-05,5.5761127e-05
3.868533143099526,31.768912582423937,21.52142868160259,4.2505602e-05,-3.920394e-05,1.3255146e-05,1.534426e-05,5.5761127e-05
6.5572367254077815,29.39412601704392,19.288012956464737,3.8915423e-05,-3.3923105e-05,3.411823e-05,3.7157813e-05,7.303543e-05
5.514637334670112,27.249413874214323,17.127900358616436,3.8915423e-05,-3.3923105e-05,3.411823e-05,3.7157813e-05,7.303543e-05
1.138994331546678,32.13409902440905,21.125957660124165,1.7896627e-06,-3.989798e-05,7.772725e-07,0.0,2.5661102e-06
1.1386619365287471,31.443142328307562,20.45143793622026,5.567353e-06,-9.879789e-06,1.426322e-06,5.65895e-07,6.993104e-06
1.1260918520803609,31.540783943238345,20.549915166004702,5.567353e-06,-9.879789e-06,1.426322e-06,5.65895e-07,6.993104e-06
1.1185188755639532,31.93143909304747,20.910724945050706,5.567353e-06,-9.879789e-06,1.426322e-06,5.65895e-07,6.993104e-06
1.1321393591177265,32.05760421085104,20.962806848417074,5.567353e-06,-9.879789e-06,1.426322e-06,5.65895e-07,6.993104e-06
1.1757783519068368,32.688494582192575,21.507248679288935,4.487995e-06,-1.0292755e-05,4.089488e-06,5.467568e-07,8.574943e-06
1.2222654532834611,32.84593298114371,21.600809393436936,4.487995e-06,-1.0292755e-05,4.089488e-06,5.467568e-07,8.574943e-06
1.2806798287895733,32.40524813943624,21.09518451393977,4.487995e-06,-1.0292755e-05,4.089488e-06,5.467568e-07,8.574943e-06
1.392040643195928,33.08977171943084,21.361355030270314,4.487995e-06,-1.0292755e-05,4.089488e-06,5.467568e-07,8.574943e-06
1.5040951683183588,33.04538850113755,20.763348629159758,8.20297e-06,-1.7100812e-05,1.721146e-05,1.067888e-05,2.5414176e-05
1.5044028843558401,32.97421316469364,20.222312497589943,8.20297e-06,-1.7100812e-05,1.721146e-05,1.067888e-05,2.5414176e-05
1.4789519145490304,32.927888404735285,20.110011953881155,8.20297e-06,-1.7100812e-05,1.721146e-05,1.067888e-05,2.5414176e-05
1.555819612077276,33.06753094512783,20.05750318127482,8.20297e-06,-1.7100812e-05,1.721146e-05,1.067888e-05,2.5414176e-05
1.7791967763081789,33.14799174796591,19.878535842363014,1.1620366e-05,-2.4199126e-05,1.2462703e-05,5.7025586e-06,2.4082181e-05
1.9929796012802221,32.96083754289901,19.448679288936876,1.1620366e-05,-2.4199126e-05,1.2462703e-05,5.7025586e-06,2.4082181e-05
2.0682119307446114,32.89229206030926,19.364131801179965,1.1620366e-05,-2.4199126e-05,1.2462703e-05,5.7025586e-06,2.4082181e-05
2.1826136582732425,33.01683492075733,19.57384529364131,1.1620366e-05,-2.4199126e-05,1.2462703e-05,5.7025586e-06,2.4082181e-05
2.2652188331469554,33.15500790498592,19.78049357960899,1.1054218e-05,-2.6692613e-05,1.0469406e-05,3.605002e-06,2.1523054e-05
2.2317074769598584,33.0189067982879,19.635873982956078,1.1054218e-05,-2.6692613e-05,1.0469406e-05,3.605002e-06,2.1523054e-05
2.2104604172290134,32.88648787259476,19.496413450044344,1.1054218e-05,-2.6692613e-05,1.0469406e-05,3.605002e-06,2.1523054e-05
2.2641325723981027,33.252774457255235,19.809744726795973,1.1054218e-05,-2.6692613e-05,1.0469406e-05,3.605002e-06,2.1523054e-05
2.4530760035476034,33.256548798827744,19.69091042301315,1.193902e-05,-2.3224475e-05,1.1148734e-05,2.8429956e-06,2.3087881e-05
2.631171480353218,32.859386110361314,19.156049820691784,1.193902e-05,-2.3224475e-05,1.1148734e-05,2.8429956e-06,2.3087881e-05
2.716478232368025,32.42949330968265,18.707024254810474,1.193902e-05,-2.3224475e-05,1.1148734e-05,2.8429956e-06,2.3087881e-05
2.7019222612115836,32.321572899394596,18.583929742027532,1.193902e-05,-2.3224475e-05,1.1148734e-05,2.8429956e-06,2.3087881e-05
2.596056761655034,32.33313076003547,18.58918019511819,1.0114064e-05,-2.3751638e-05,9.683438e-06,1.8727538e-06,1.9793693e-05
2.5241213897350865,32.57992480623144,18.808336868083135,1.0114064e-05,-2.3751638e-05,9.683438e-06,1.8727538e-06,1.9793693e-05
2.530999884317279,32.60907646627849,18.82286777465006,1.0114064e-05,-2.3751638e-05,9.683438e-06,1.8727538e-06,1.9793693e-05
2.640961323410327,32.352693479350634,18.44529749739714,1.0114064e-05,-2.3751638e-05,9.683438e-06,1.8727538e-06,1.9793693e-05
2.696251108626075,32.238519261173025,18.1623383333976,1.5933927e-05,-2.8321423e-05,1.19993865e-05,5.2885953e-06,2.7933567e-05
2.70888713222535,32.45723325492616,18.268963482821118,1.5933927e-05,-2.8321423e-05,1.19993865e-05,5.2885953e-06,2.7933567e-05
2.86242085373848,32.41452473682181,18.232888211930746,1.5933927e-05,-2.8321423e-05,1.19993865e-05,5.2885953e-06,2.7933567e-05
3.056270774688621,32.032131261327265,18.009661435236957,1.5933927e-05,-2.8321423e-05,1.19993865e-05,5.2885953e-06,2.7933567e-05
3.11658851656191,31.943871900667105,18.1500670959781,1.8956816e-05,-2.918378e-05,1.6425618e-05,7.788848e-06,3.5379133e-05
3.1888030694481935,31.60920333166236,17.993261095900976,1.8956816e-05,-2.918378e-05,1.6425618e-05,7.788848e-06,3.5379133e-05
3.3513430763891567,31.628545868198817,18.026170130721475,1.8956816e-05,-2.918378e-05,1.6425618e-05,7.788848e-06,3.5379133e-05
3.3404268692399643,32.03778159102302,18.457709096517952,1.8956816e-05,-2.918378e-05,1.6425618e-05,7.788848e-06,3.5379133e-05
3.2817151891412486,31.99890101415185,18.450784328847416,1.9729265e-05,-3.470158e-05,2.1445103e-05,1.3696436e-05,4.11724e-05
3.2521987429144334,32.013815216133885,18.50789765935295,1.9729265e-05,-3.470158e-05,2.1445103e-05,1.3696436e-05,4.11724e-05
3.2135472178305635,31.55687425288243,18.070303859946787,1.9729265e-05,-3.470158e-05,2.1445103e-05,1.3696436e-05,4.11724e-05
3.2267057417190452,32.193913546446616,18.797170015038756,1.9729265e-05,-3.470158e-05,2.1445103e-05,1.3696436e-05,4.11724e-05
3.2234708672347976,32.22077893032044,18.891329580071723,2.2424423e-05,-3.087756e-05,2.0280306e-05,1.4416548e-05,4.2701173e-05
3.226992634866772,32.013385647630436,18.71236956773223,2.2424423e-05,-3.087756e-05,2.0280306e-05,1.4416548e-05,4.2701173e-05
3.2985485674623063,30.98460648594455,17.675049165156363,2.2424423e-05,-3.087756e-05,2.0280306e-05,1.4416548e-05,4.2701173e-05
3.34451663903135,32.17674738749855,18.848100489723517,2.2424423e-05,-3.087756e-05,2.0280306e-05,1.4416548e-05,4.2701173e-05
3.3702159410789343,32.46409902440905,19.078871707862568,2.1375152e-05,-2.9280123e-05,1.3396762e-05,1.01380265e-05,3.4773693e-05
3.3857671692438207,32.50949947942775,19.05535919484826,2.1375152e-05,-2.9280123e-05,1.3396762e-05,1.01380265e-05,3.4773693e-05
3.2964844021131374,32.13001195388115,18.681207727605752,2.1375152e-05,-2.9280123e-05,1.3396762e-05,1.01380265e-05,3.4773693e-05
3.104734122546563,32.44959549608607,19.116932865460996,2.1375152e-05,-2.9280123e-05,1.3396762e-05,1.01380265e-05,3.4773693e-05
3.0209667219372998,32.489965680792814,19.247805498785333,3.1219566e-05,-2.4221767e-05,2.6598018e-05,2.5770503e-05,5.7813333e-05
3.119121968148691,32.708238152161336,19.496704584891837,3.1219566e-05,-2.4221767e-05,2.6598018e-05,2.5770503e-05,5.7813333e-05
3.2351293718428256,32.31874137199707,19.131785369991903,3.1219566e-05,-2.4221767e-05,2.6598018e-05,2.5770503e-05,5.7813333e-05
3.323124204681294,32.126540701037285,19.09821154513554,3.1219566e-05,-2.4221767e-05,2.6598018e-05,2.5770503e-05,5.7813333e-05
3.3686426560752705,32.105703158138276,19.190973662900554,2.7486374e-05,-2.5992284e-05,1.6159207e-05,1.1306538e-05,4.3646978e-05
3.382917132610959,31.772629853854163,18.903253383719587,2.7486374e-05,-2.5992284e-05,1.6159207e-05,1.1306538e-05,4.3646978e-05
3.425994292985771,31.198962325993904,18.352612887055102,2.7486374e-05,-2.5992284e-05,1.6159207e-05,1.1306538e-05,4.3646978e-05
3.5257455751359275,32.74869972621756,20.00497204334246,2.7486374e-05,-2.5992284e-05,1.6159207e-05,1.1306538e-05,4.3646978e-05
3.546014344657386,32.67604943508271,19.974390544865614,2.3740167e-05,-2.532746e-05,1.5108793e-05,1.0517014e-05,3.8847757e-05
3.433145413180118,32.69181351945398,19.962245787220915,2.3740167e-05,-2.532746e-05,1.5108793e-05,1.0517014e-05,3.8847757e-05
3.4084637334670114,31.703146955616393,18.991082790267228,2.3740167e-05,-2.532746e-05,1.5108793e-05,1.0517014e-05,3.8847757e-05
3.4441961978945743,29.280193961361974,16.733040913122277,2.3740167e-05,-2.532746e-05,1.5108793e-05,1.0517014e-05,3.8847757e-05
3.42463000809779,31.419143562256586,18.98358924921914,3.2833716e-05,-2.7648823e-05,1.6352811e-05,2.2120845e-05,4.918456e-05
3.4124459183279994,32.18552616357537,19.78882851964678,3.2833716e-05,-2.7648823e-05,1.6352811e-05,2.2120845e-05,4.918456e-05
3.515065746346354,31.89504762272009,19.517459221840898,3.2833716e-05,-2.7648823e-05,1.6352811e-05,2.2120845e-05,4.918456e-05
3.679180195118189,31.132885127058188,18.92487486985694,3.2833716e-05,-2.7648823e-05,1.6352811e-05,2.2120845e-05,4.918456e-05
3.5640087918867853,30.80605367678248,18.774603015462926,2.9132389e-05,-2.8318673e-05,1.3298501e-05,1.4056064e-05,4.2428477e-05
3.256658697412563,31.15413334361624,19.224139513361354,2.9132389e-05,-2.8318673e-05,1.3298501e-05,1.4056064e-05,4.2428477e-05
3.115068060000771,31.93380904638877,20.021929202174835,2.9132389e-05,-2.8318673e-05,1.3298501e-05,1.4056064e-05,4.2428477e-05
3.335233871900667,32.80958816951375,20.990915435931054,2.9132389e-05,-2.8318673e-05,1.3298501e-05,1.4056064e-05,4.2428477e-05
3.5379809509119657,31.90164886438129,20.106364092083446,3.0395258e-05,-3.0536157e-05,1.07113165e-05,9.173403e-06,4.1104606e-05
3.6120290749238424,31.50265761770717,19.677552924844793,3.0395258e-05,-3.0536157e-05,1.07113165e-05,9.173403e-06,4.1104606e-05
3.7447202406200595,31.846364477692514,20.0287359734701,3.0395258e-05,-3.0536157e-05,1.07113165e-05,9.173403e-06,4.1104606e-05
3.689766706512937,31.876201365056108,20.24441175336444,3.0395258e-05,-3.0536157e-05,1.07113165e-05,9.173403e-06,4.1104606e-05
3.5866471291404776,31.98194462653762,20.37953572668029,3.819166e-05,-3.539732e-05,1.2085841e-05,5.2551113e-06,5.0276612e-05
3.6961404388231207,32.09964254039255,20.418719006671036,3.819166e-05,-3.539732e-05,1.2085841e-05,5.2551113e-06,5.0276612e-05
3.770367871052327,32.13328500366328,20.503220221339607,3.819166e-05,-3.539732e-05,1.2085841e-05,5.2551113e-06,5.0276612e-05
3.6965622951451818,32.063839123896194,20.93711525855088,3.819166e-05,-3.539732e-05,1.2085841e-05,5.2551113e-06,5.0276612e-05
3.6220013110708362,31.94471831257471,21.208732888597538,4.1443192e-05,-3.817023e-05,1.7520339e-05,1.887525e-05,5.8965816e-05
3.632263139629044,31.923495546215246,21.26814599159372,4.1443192e-05,-3.817023e-05,1.7520339e-05,1.887525e-05,5.8965816e-05
3.7106462808005247,31.94136042879729,21.315490687540972,4.1443192e-05,-3.817023e-05,1.7520339e-05,1.887525e-05,5.8965816e-05
6.417599197933136,28.316989935603285,17.985276288898316,3.997726e-05,-3.6201887e-05,3.199595e-05,2.6402413e-05,7.196699e-05
6.54578413604288,28.35646743531408,18.032475224617283,3.997726e-05,-3.6201887e-05,3.199595e-05,2.6402413e-05,7.196699e-05
6.438089692669572,27.777380171981648,17.701002969189833,3.475763e-05,-3.1421983e-05,3.219222e-05,2.7940645e-05,6.694827e-05
6.268333397601512,28.226143138086606,18.118564763043228,3.475763e-05,-3.1421983e-05,3.219222e-05,2.7940645e-05,6.694827e-05
5.877922723942468,25.367077854471137,15.207254077815909,3.09974e-05,-2.6238089e-05,4.346461e-05,3.9044502e-05,7.446302e-05
1.0699822619828019,32.24320826745845,21.213532179076854,1.7821725e-06,-4.0221203e-05,8.463352e-07,0.0,2.6299676e-06
1.0694886823738095,31.679086877723364,20.647386727335828,1.7821725e-06,-4.0221203e-05,8.463352e-07,0.0,2.6299676e-06
1.0913885782593606,31.810441907993674,20.791376238769136,4.659065e-06,-9.392937e-06,1.4327966e-06,6.759319e-07,6.093004e-06
1.0879231095515367,32.35813210966722,21.346168973894265,4.659065e-06,-9.392937e-06,1.4327966e-06,6.759319e-07,6.093004e-06
1.097447653568812,32.38332240774303,21.31433655959588,4.659065e-06,-9.392937e-06,1.4327966e-06,6.759319e-07,6.093004e-06
1.1267049705009062,32.54405275132071,21.33056607411406,4.659065e-06,-9.392937e-06,1.4327966e-06,6.759319e-07,6.093004e-06
1.1748374657771952,32.79643697219758,21.507525160991786,3.908897e-06,-8.705198e-06,5.3832705e-06,8.50969e-07,9.289565e-06
1.2258311803493618,32.991752978830064,21.683400300775073,3.908897e-06,-8.705198e-06,5.3832705e-06,8.50969e-07,9.289565e-06
1.2732275479119268,32.790160798981994,21.419266957158833,3.908897e-06,-8.705198e-06,5.3832705e-06,8.50969e-07,9.289565e-06
1.3494400956310493,32.61891759534184,20.740382524196967,3.908897e-06,-8.705198e-06,5.3832705e-06,8.50969e-07,9.289565e-06
1.4183673311996297,32.892770986773606,20.46360660162727,8.007208e-06,-1.3798413e-05,1.9890305e-05,1.3311545e-05,2.7900052e-05
1.4561547063586935,32.884176917441096,20.097422588979292,8.007208e-06,-1.3798413e-05,1.9890305e-05,1.3311545e-05,2.7900052e-05
1.4837191994755716,32.811961593336676,19.958829290864923,8.007208e-06,-1.3798413e-05,1.9890305e-05,1.3311545e-05,2.7900052e-05
1.5391231249758994,32.87591639995373,19.754852890139976,8.007208e-06,-1.3798413e-05,1.9890305e-05,1.3311545e-05,2.7900052e-05
1.6961111325338372,32.988859368372346,19.60634326919369,9.459174e-06,-2.4391773e-05,1.23026775e-05,6.0492366e-06,2.1763502e-05
1.8501156827208578,32.908663478965025,19.35275247753827,9.459174e-06,-2.4391773e-05,1.23026775e-05,6.0492366e-06,2.1763502e-05
2.0307557937762697,32.734493502487176,19.160849496780163,9.459174e-06,-2.4391773e-05,1.23026775e-05,6.0492366e-06,2.1763502e-05
2.22157598426715,32.95142713916631,19.38590753094513,9.459174e-06,-2.4391773e-05,1.23026775e-05,6.0492366e-06,2.1763502e-05
2.2984552500674815,32.83508001388193,19.340842941425983,1.1077958e-05,-3.1915668e-05,1.0087784e-05,3.7453806e-06,2.1166186e-05
2.1824544017275285,32.73655034126403,19.31484710600393,1.1077958e-05,-3.1915668e-05,1.0087784e-05,3.7453806e-06,2.1166186e-05
2.0116812555431305,32.45199089962596,19.026080283808277,1.1077958e-05,-3.1915668e-05,1.0087784e-05,3.7453806e-06,2.1166186e-05
2.0836575020244474,33.01391316083755,19.50705163305441,1.1077958e-05,-3.1915668e-05,1.0087784e-05,3.7453806e-06,2.1166186e-05
2.3619222612115838,33.60454363166622,19.98396598928007,1.0945355e-05,-2.219967e-05,9.103578e-06,1.350499e-06,2.0051155e-05
2.5791061581768404,33.31990861065052,19.61110399876605,1.0945355e-05,-2.219967e-05,9.103578e-06,1.350499e-06,2.0051155e-05
2.6184830139204873,32.37127598041106,18.646274245170247,1.0945355e-05,-2.219967e-05,9.103578e-06,1.350499e-06,2.0051155e-05
2.5133374464967413,31.499606293140015,17.776545328346124,1.0945355e-05,-2.219967e-05,9.103578e-06,1.350499e-06,2.0051155e-05
2.4213523310068252,32.33715728993946,18.6163444260209,9.53084e-06,-2.0214178e-05,9.085234e-06,1.3546885e-06,1.8614677e-05
2.445538888674662,32.674008406277714,18.920827131454132,9.53084e-06,-2.0214178e-05,9.085234e-06,1.3546885e-06,1.8614677e-05
2.492089229938688,32.75643234488875,18.98942312883199,9.53084e-06,-2.0214178e-05,9.085234e-06,1.3546885e-06,1.8614677e-05
2.5879840357845216,32.497844830910424,18.666615123587707,9.53084e-06,-2.0214178e-05,9.085234e-06,1.3546885e-06,1.8614677e-05
2.638603709559249,32.53376778621833,18.53887247908071,1.8414345e-05,-2.5513002e-05,9.7018465e-06,4.633293e-06,2.8114857e-05
2.6467570277252923,32.53632090386766,18.386892376508698,1.8414345e-05,-2.5513002e-05,9.7018465e-06,4.633293e-06,2.8114857e-05
2.7666976439285853,32.51723171248988,18.372946053291173,1.8414345e-05,-2.5513002e-05,9.7018465e-06,4.633293e-06,2.8114857e-05
2.9147746114988626,32.295184513939766,18.318004858674275,1.8414345e-05,-2.5513002e-05,9.7018465e-06,4.633293e-06,2.8114857e-05
2.9056059846527593,32.289955654957005,18.529451278294065,2.096706e-05,-2.8008379e-05,1.5058584e-05,7.816238e-06,3.6025835e-05
3.0615640303859943,32.0099456291212,18.38783403385648,2.096706e-05,-2.8008379e-05,1.5058584e-05,7.816238e-06,3.6025835e-05
3.2760143446573866,32.248278641113636,18.640651293718427,2.096706e-05,-2.8008379e-05,1.5058584e-05,7.816238e-06,3.6025835e-05
3.341217753441561,32.58619442409285,18.936201750665177,2.096706e-05,-2.8008379e-05,1.5058584e-05,7.816238e-06,3.6025835e-05
3.347697142636795,32.19013110708364,18.562790267227086,1.9958034e-05,-3.3758923e-05,1.6624936e-05,7.693506e-06,3.658189e-05
3.29795318705896,32.33743492846951,18.797330428411676,1.9958034e-05,-3.3758923e-05,1.6624936e-05,7.693506e-06,3.658189e-05
3.246478232368025,32.04839162457101,18.52385878995874,1.9958034e-05,-3.3758923e-05,1.6624936e-05,7.693506e-06,3.658189e-05
3.2289195233871903,32.039427370531754,18.53883700304631,1.9958034e-05,-3.3758923e-05,1.6624936e-05,7.693506e-06,3.658189e-05
3.235233100682528,32.29779354490418,18.87418308718621,1.9501193e-05,-2.7323389e-05,1.6078782e-05,6.8029276e-06,3.5575657e-05
3.1949184436817957,31.858281725986192,18.54280337793545,1.9501193e-05,-2.7323389e-05,1.6078782e-05,6.8029276e-06,3.5575657e-05
3.095592873944395,32.246266532988855,18.92784675895577,1.9501193e-05,-2.7323389e-05,1.6078782e-05,6.8029276e-06,3.5575657e-05
3.0310627385956117,32.06452435121274,18.6870732271623,1.9501193e-05,-2.7323389e-05,1.6078782e-05,6.8029276e-06,3.5575657e-05
3.0677110245632977,32.3079994601473,18.871394748004473,2.1244263e-05,-2.7388496e-05,1.3017172e-05,7.202418e-06,3.4259912e-05
3.1112879342922146,32.368909111942315,18.906567308063085,2.1244263e-05,-2.7388496e-05,1.3017172e-05,7.202418e-06,3.4259912e-05
3.1305386958701265,32.60421123664829,19.145278602552732,2.1244263e-05,-2.7388496e-05,1.3017172e-05,7.202418e-06,3.4259912e-05
3.044131801179964,32.36740060926233,18.97973894265993,2.1244263e-05,-2.7388496e-05,1.3017172e-05,7.202418e-06,3.4259912e-05
3.0121050399105385,32.53500019280454,19.234450699880462,3.0464067e-05,-2.6650472e-05,1.943213e-05,1.8781557e-05,4.9894483e-05
3.112793737708711,32.65051980102572,19.417598041105926,3.0464067e-05,-2.6650472e-05,1.943213e-05,1.8781557e-05,4.9894483e-05
3.172130490109127,32.247866425018316,19.033507114487332,3.0464067e-05,-2.6650472e-05,1.943213e-05,1.8781557e-05,4.9894483e-05
3.1869197547526316,32.14653915860101,19.00191801951182,3.0464067e-05,-2.6650472e-05,1.943213e-05,1.8781557e-05,4.9894483e-05
3.2319010527127596,31.0779362202599,18.03717387112945,3.2095482e-05,-2.3240074e-05,1.6369504e-05,1.5301985e-05,4.8466256e-05
3.237809740485096,31.49677515135156,18.572787567963598,3.2095482e-05,-2.3240074e-05,1.6369504e-05,1.5301985e-05,4.8466256e-05
3.248376971426368,32.28278795357267,19.381994370107584,3.2095482e-05,-2.3240074e-05,1.6369504e-05,1.5301985e-05,4.8466256e-05
3.2799097674777307,32.20113638992789,19.31817298422859,3.2095482e-05,-2.3240074e-05,1.6369504e-05,1.5301985e-05,4.8466256e-05
3.265068060000771,32.60728878263217,19.772812632553116,2.6423393e-05,-2.6470942e-05,1.250739e-05,9.437878e-06,3.8929258e-05
3.21452473682181,32.80030964408283,20.033610843327036,2.6423393e-05,-2.6470942e-05,1.250739e-05,9.437878e-06,3.8929258e-05
3.235827709867736,32.865318320286896,20.11984498515405,2.6423393e-05,-2.6470942e-05,1.250739e-05,9.437878e-06,3.8929258e-05
3.3571569043303895,32.94638684301855,20.31100991015309,2.6423393e-05,-2.6470942e-05,1.250739e-05,9.437878e-06,3.8929258e-05
3.3903215979639842,32.84171673157753,20.320524428334554,2.9019908e-05,-2.652496e-05,1.625239e-05,1.8549994e-05,4.527287e-05
3.3531708633787067,31.336047507037364,18.917218216172444,2.9019908e-05,-2.652496e-05,1.625239e-05,1.8549994e-05,4.527287e-05
3.401668530443836,33.04351405545058,20.64858558593298,2.9019908e-05,-2.652496e-05,1.625239e-05,1.8549994e-05,4.527287e-05
3.4866764354297612,32.04853121505418,19.78127598041106,2.9019908e-05,-2.652496e-05,1.625239e-05,1.8549994e-05,4.527287e-05
3.4752500674815874,31.376446226815254,19.28705163305441,2.609141e-05,-2.9517638e-05,1.8734012e-05,1.9103543e-05,4.482574e-05
3.350580341649636,32.78059152431265,20.835255851617628,2.609141e-05,-2.9517638e-05,1.8734012e-05,1.9103543e-05,4.482574e-05
3.290831373153897,33.117082867389044,21.189376470134576,2.609141e-05,-2.9517638e-05,1.8734012e-05,1.9103543e-05,4.482574e-05
3.3441244746076424,31.982174835152122,20.101995526934793,2.609141e-05,-2.9517638e-05,1.8734012e-05,1.9103543e-05,4.482574e-05
3.5079061427524776,32.22434619982262,20.365754444144525,3.083198e-05,-3.0699026e-05,9.173148e-06,7.4535956e-06,4.0005063e-05
3.57411059268114,32.17407164616512,20.329497551382406,3.083198e-05,-3.0699026e-05,9.173148e-06,7.4535956e-06,4.0005063e-05
3.63613349785987,32.14358462191031,20.297396367562566,3.083198e-05,-3.0699026e-05,9.173148e-06,7.4535956e-06,4.0005063e-05
3.6555820768904486,32.16915011761076,20.350507847144563,3.083198e-05,-3.0699026e-05,9.173148e-06,7.4535956e-06,4.0005063e-05
3.724796976824895,32.10507422974588,20.292052211468015,3.795648e-05,-3.508929e-05,1.13312935e-05,5.1189854e-06,4.928625e-05
3.7474545945320634,32.07575058805383,20.289093047468477,3.795648e-05,-3.508929e-05,1.13312935e-05,5.1189854e-06,4.928625e-05
3.7020252188331466,32.18631473412255,20.44805730150773,3.795648e-05,-3.508929e-05,1.13312935e-05,5.1189854e-06,4.928625e-05
3.6248760266841478,32.219580071723286,20.74987159217985,3.795648e-05,-3.508929e-05,1.13312935e-05,5.1189854e-06,4.928625e-05
3.5631238190722248,32.07300659391509,20.989835344927315,3.9266575e-05,-3.69651e-05,1.735384e-05,1.6883063e-05,5.6619716e-05
3.5677476574249023,31.923955577835187,21.190696409979562,3.9266575e-05,-3.69651e-05,1.735384e-05,1.6883063e-05,5.6619716e-05
6.140656692245401,28.301616473219447,17.982837697142635,4.266582e-05,-3.6055255e-05,2.8973443e-05,2.3306431e-05,7.163907e-05
6.384013804804689,28.407630046658696,18.095078471445646,4.266582e-05,-3.6055255e-05,2.8973443e-05,2.3306431e-05,7.163907e-05
6.586592372652605,29.655036054448,19.57853738479929,3.9162725e-05,-3.265834e-05,3.0706993e-05,2.8212991e-05,6.986566e-05
6.5735117417961675,25.487909227625032,15.411139474800448,3.9162725e-05,-3.265834e-05,3.0706993e-05,2.8212991e-05,6.986566e-05
6.420726487486986,30.535664597231328,20.417167701384336,3.9162725e-05,-3.265834e-05,3.0706993e-05,2.8212991e-05,6.986566e-05
6.023865730921991,26.107519762464815,15.942224578722092,3.9481572e-05,-2.7862665e-05,4.0533127e-05,4.4701737e-05,8.000911e-05
1.0827031195773724,32.49926387228628,21.404737978637254,2.302745e-06,-3.8759237e-05,9.647828e-07,0.0,3.2667663e-06
1.0987972853121506,32.496852658774536,21.38603709559249,4.235167e-06,-1.0417098e-05,1.6818793e-06,1.9239795e-07,5.9170466e-06
1.0795079628272857,32.50293371380095,21.389694212007864,4.235167e-06,-1.0417098e-05,1.6818793e-06,1.9239795e-07,5.9170466e-06
1.0842698492268539,32.55429375698917,21.329007056645974,4.235167e-06,-1.0417098e-05,1.6818793e-06,1.9239795e-07,5.9170466e-06
1.1367161531639223,31.552247329657195,20.213950564917287,4.235167e-06,-1.0417098e-05,1.6818793e-06,1.9239795e-07,5.9170466e-06
1.1927370531754906,32.70360467358192,21.28297998688929,4.6141868e-06,-1.3343472e-05,6.26528e-06,1.9485767e-06,1.0879022e-05
1.2305059190992171,32.47912698106659,21.03355724366637,4.6141868e-06,-1.3343472e-05,6.26528e-06,1.9485767e-06,1.0879022e-05
1.2789711950025064,32.71827671306829,20.928946516022055,4.6141868e-06,-1.3343472e-05,6.26528e-06,1.9485767e-06,1.0879022e-05
1.3353792465198782,32.677601511587554,20.58445301353488,4.6141868e-06,-1.3343472e-05,6.26528e-06,1.9485767e-06,1.0879022e-05
1.3916264990552578,32.62524891065438,20.16269733544133,1.0360862e-05,-1.12931675e-05,1.943213e-05,1.4518746e-05,2.9790897e-05
1.4381459915937225,32.688995873982954,19.97498862453245,1.0360862e-05,-1.12931675e-05,1.943213e-05,1.4518746e-05,2.9790897e-05
1.4632784483091041,32.82139629044075,19.714075502255813,1.0360862e-05,-1.12931675e-05,1.943213e-05,1.4518746e-05,2.9790897e-05
1.5527146878494584,32.87176878880191,19.646748544325764,1.0360862e-05,-1.12931675e-05,1.943213e-05,1.4518746e-05,2.9790897e-05
1.7204172290132265,32.84621794624609,19.4550765434003,9.33311e-06,-2.75986e-05,1.0734866e-05,4.536174e-06,2.0067913e-05
1.800427254849034,32.68505919099217,19.17701114410211,9.33311e-06,-2.75986e-05,1.0734866e-05,4.536174e-06,2.0067913e-05
1.9943365595958815,32.81774457255234,19.20208807311148,9.33311e-06,-2.75986e-05,1.0734866e-05,4.536174e-06,2.0067913e-05
2.2438337253692207,32.32962942968419,18.730655535418194,9.33311e-06,-2.75986e-05,1.0734866e-05,4.536174e-06,2.0067913e-05
2.2535356495584775,32.85658466047121,19.295301353487833,1.1922325e-05,-3.0056506e-05,1.110246e-05,4.1340168e-06,2.3023389e-05
2.004227432229206,31.870070952068794,18.34560521343462,1.1922325e-05,-3.0056506e-05,1.110246e-05,4.1340168e-06,2.3023389e-05
1.8011815061890255,32.650183164308025,19.128569004742992,1.1922325e-05,-3.0056506e-05,1.110246e-05,4.1340168e-06,2.3023389e-05
1.8981367369760536,32.872159410789344,19.302704276404583,1.1922325e-05,-3.0056506e-05,1.110246e-05,4.1340168e-06,2.3023389e-05
2.1388281340377127,33.42213781668145,19.80208614506613,8.726526e-06,-2.4054647e-05,1.0744261e-05,2.3322618e-06,1.9471992e-05
2.3634137970925075,33.14228049203717,19.49403000038561,8.726526e-06,-2.4054647e-05,1.0744261e-05,2.3322618e-06,1.9471992e-05
2.4976794046195967,31.452579339066055,17.774032699649094,8.726526e-06,-2.4054647e-05,1.0744261e-05,2.3322618e-06,1.9471992e-05
2.4625619866579265,31.962511857478887,18.28184166891605,8.726526e-06,-2.4054647e-05,1.0744261e-05,2.3322618e-06,1.9471992e-05
2.3631157212817646,32.135797632360315,18.449669918636484,1.0363655e-05,-1.813087e-05,8.366486e-06,1.4157848e-06,1.873122e-05
2.4026865383873828,32.730652836154704,19.04618092777542,1.0363655e-05,-1.813087e-05,8.366486e-06,1.4157848e-06,1.873122e-05
2.464567925037597,32.70005167161531,18.96747348937647,1.0363655e-05,-1.813087e-05,8.366486e-06,1.4157848e-06,1.873122e-05
2.5601692823815214,32.12004820113369,18.32745613696834,1.0363655e-05,-1.813087e-05,8.366486e-06,1.4157848e-06,1.873122e-05
2.5812755948019896,32.626634018432114,18.755621023406473,1.7424234e-05,-3.0361458e-05,7.2505018e-06,2.286273e-06,2.4676323e-05
2.567066671808121,32.492277792773685,18.56091774958547,1.7424234e-05,-3.0361458e-05,7.2505018e-06,2.286273e-06,2.4676323e-05
2.672853892723557,32.28467936605869,18.34747426059461,1.7424234e-05,-3.0361458e-05,7.2505018e-06,2.286273e-06,2.4676323e-05
2.823397215902518,32.38974009948714,18.52127366675664,1.7424234e-05,-3.0361458e-05,7.2505018e-06,2.286273e-06,2.4676323e-05
2.8115551613773957,32.22133767786218,18.43946246095708,1.882618e-05,-3.665131e-05,1.0442429e-05,4.415568e-06,2.9268102e-05
2.871921104384375,31.756016658311804,18.03003200555277,1.882618e-05,-3.665131e-05,1.0442429e-05,4.415568e-06,2.9268102e-05
3.011682026761269,32.266656383758146,18.555201866347897,1.882618e-05,-3.665131e-05,1.0442429e-05,4.415568e-06,2.9268102e-05
3.1547186981837814,32.64727181583311,18.9111780357074,1.882618e-05,-3.665131e-05,1.0442429e-05,4.415568e-06,2.9268102e-05
3.269563876142367,32.637993676011256,18.905734778081978,1.8950468e-05,-3.882795e-05,1.1915089e-05,6.1575597e-06,3.086365e-05
3.251133690664404,32.56935526163575,18.87173909690356,1.8950468e-05,-3.882795e-05,1.1915089e-05,6.1575597e-06,3.086365e-05
3.1563444260208997,31.919509505263566,18.29389310916593,1.8950468e-05,-3.882795e-05,1.1915089e-05,6.1575597e-06,3.086365e-05
3.0853337446496742,32.002979215671154,18.4109755909459,1.8950468e-05,-3.882795e-05,1.1915089e-05,6.1575597e-06,3.086365e-05
3.1404334245941463,32.42674160336251,18.912204141441407,2.154857e-05,-3.222942e-05,1.3634166e-05,5.1299667e-06,3.5182482e-05
3.082906335557012,32.56179770948213,19.130635098137507,2.154857e-05,-3.222942e-05,1.3634166e-05,5.1299667e-06,3.5182482e-05
2.920583426522192,32.06766513708403,18.697127983650176,2.154857e-05,-3.222942e-05,1.3634166e-05,5.1299667e-06,3.5182482e-05
2.8802645278216943,32.0980526741989,18.683650946670266,2.154857e-05,-3.222942e-05,1.3634166e-05,5.1299667e-06,3.5182482e-05
2.9418802298230053,31.9384486947133,18.490647052018662,2.3558752e-05,-2.6260555e-05,1.4373416e-05,1.3413393e-05,3.793204e-05
3.0038356534145683,32.50520880731115,19.039118497667065,2.3558752e-05,-2.6260555e-05,1.4373416e-05,1.3413393e-05,3.793204e-05
3.0260286121929587,32.717099448579035,19.28338796128485,2.3558752e-05,-2.6260555e-05,1.4373416e-05,1.3413393e-05,3.793204e-05
3.009103844522423,32.52016272702734,19.127432229206033,2.3558752e-05,-2.6260555e-05,1.4373416e-05,1.3413393e-05,3.793204e-05
3.0487267188524276,32.50743415725138,19.170132263910848,3.067043e-05,-2.9181223e-05,1.9157276e-05,2.3085977e-05,4.982885e-05
3.118259360660163,32.442758261674314,19.14511086260749,3.067043e-05,-2.9181223e-05,1.9157276e-05,2.3085977e-05,4.982885e-05
3.1298739058342653,32.599459376084525,19.37716461651178,3.067043e-05,-2.9181223e-05,1.9157276e-05,2.3085977e-05,4.982885e-05
3.0965665368449464,32.06314271391663,18.875235799946015,3.067043e-05,-2.9181223e-05,1.9157276e-05,2.3085977e-05,4.982885e-05
3.049842671499634,32.31599005128601,19.19358230825589,2.6545142e-05,-2.087809e-05,1.46278935e-05,9.118622e-06,4.1172654e-05
2.972683067905757,32.063279219527246,19.008598311032276,2.6545142e-05,-2.087809e-05,1.46278935e-05,9.118622e-06,4.1172654e-05
2.8999402305942232,32.89300929317858,19.92459106158177,2.6545142e-05,-2.087809e-05,1.46278935e-05,9.118622e-06,4.1172654e-05
2.8851424825511893,32.517201634982456,19.582300543708786,2.6545142e-05,-2.087809e-05,1.46278935e-05,9.118622e-06,4.1172654e-05
2.950839085335287,32.481576369876215,19.591200401033433,2.9688636e-05,-2.6797565e-05,1.5221592e-05,1.3561326e-05,4.490864e-05
3.086636332086531,32.0185435545444,19.166973740022364,2.9688636e-05,-2.6797565e-05,1.5221592e-05,1.3561326e-05,4.490864e-05
3.1190506304708285,32.61844522423167,19.885226930937417,2.9688636e-05,-2.6797565e-05,1.5221592e-05,1.3561326e-05,4.490864e-05
3.0797705626036325,32.56376855743647,19.89290672116608,2.9688636e-05,-2.6797565e-05,1.5221592e-05,1.3561326e-05,4.490864e-05
3.111043843751205,33.36982146300081,20.789147418347277,2.6984273e-05,-2.472704e-05,9.3514545e-06,5.9211725e-06,3.633573e-05
3.1782678440596923,32.75583349400378,20.242188717078626,2.6984273e-05,-2.472704e-05,9.3514545e-06,5.9211725e-06,3.633573e-05
3.184428720163498,31.969951413257238,19.62803416496356,2.6984273e-05,-2.472704e-05,9.3514545e-06,5.9211725e-06,3.633573e-05
3.3121474569081863,31.201616473219453,18.971040758878647,2.6984273e-05,-2.472704e-05,9.3514545e-06,5.9211725e-06,3.633573e-05
3.471899124667412,32.03484672039487,19.92317626190568,1.9696383e-05,-2.6484708e-05,2.0221081e-05,1.4189936e-05,3.9916704e-05
3.4400474299155515,31.194219720047812,19.151449118883278,1.9696383e-05,-2.6484708e-05,2.0221081e-05,1.4189936e-05,3.9916704e-05
3.4384278718235453,30.951654262908264,19.042311340762733,1.9696383e-05,-2.6484708e-05,2.0221081e-05,1.4189936e-05,3.9916704e-05
3.50420815177573,31.808302163266877,19.942202984614198,1.9696383e-05,-2.6484708e-05,2.0221081e-05,1.4189936e-05,3.9916704e-05
3.602541934986311,32.04673157752671,20.21673273435391,2.4716757e-05,-2.9280833e-05,8.157521e-06,4.377355e-06,3.287434e-05
3.604748004473065,31.70127328114757,19.875439401534724,2.4716757e-05,-2.9280833e-05,8.157521e-06,4.377355e-06,3.287434e-05
3.600265684648903,31.677544827054334,19.89052712759804,2.4716757e-05,-2.9280833e-05,8.157521e-06,4.377355e-06,3.287434e-05
3.738990089846913,31.92366174372421,20.14523078702811,2.4716757e-05,-2.9280833e-05,8.157521e-06,4.377355e-06,3.287434e-05
3.894170747695986,32.03868430185478,20.268412833069835,2.9208433e-05,-3.4132856e-05,9.626626e-06,4.288678e-06,3.8831888e-05
3.8612620984845565,32.18606254579108,20.42468784945822,2.9208433e-05,-3.4132856e-05,9.626626e-06,4.288678e-06,3.8831888e-05
3.743519839586627,32.12472216866541,20.52047969768249,2.9208433e-05,-3.4132856e-05,9.626626e-06,4.288678e-06,3.8831888e-05
3.6705055334901475,32.15573979099989,20.723692978058846,2.9208433e-05,-3.4132856e-05,9.626626e-06,4.288678e-06,3.8831888e-05
3.605453283461227,32.1215285543516,20.916462036787106,3.856827e-05,-3.3984175e-05,1.8319066e-05,2.2871838e-05,5.6886824e-05
3.588079666833764,32.01083060193576,20.975862800293065,3.856827e-05,-3.3984175e-05,1.8319066e-05,2.2871838e-05,5.6886824e-05
6.20839201018008,28.309179809509118,18.143389503721128,4.355887e-05,-3.7550428e-05,3.032372e-05,2.8414976e-05,7.3878655e-05
6.454463424979756,28.45936413064435,18.298264373578068,4.355887e-05,-3.7550428e-05,3.032372e-05,2.8414976e-05,7.3878655e-05
6.710275324875641,28.529709250761577,18.41245401611846,4.355887e-05,-3.7550428e-05,3.032372e-05,2.8414976e-05,7.3878655e-05
6.728185323718813,28.559947171557475,18.48324220105657,3.7392805e-05,-3.1140742e-05,2.8192553e-05,2.1388356e-05,6.557755e-05
6.772039871977789,26.297930821732926,16.231474954690935,3.7392805e-05,-3.1140742e-05,2.8192553e-05,2.1388356e-05,6.557755e-05
6.765835807658196,29.244211236648287,19.15279489453592,3.7392805e-05,-3.1140742e-05,2.8192553e-05,2.1388356e-05,6.557755e-05
6.6153530251031505,26.086855743647092,15.956492499903597,3.7392805e-05,-3.1140742e-05,2.8192553e-05,2.1388356e-05,6.557755e-05
6.008750241005669,28.6256561138318,18.456657926194424,3.4185836e-05,-3.0453459e-05,3.2064887e-05,3.3904314e-05,6.625079e-05
1.0752226892376509,32.47675085798018,21.311257856784792,1.3135873e-06,-1.5472864e-05,3.3331628e-07,2.4352846e-07,1.6464593e-06
1.0432337176570392,32.51952107353565,21.27644352755177,3.5044866e-06,-5.7983514e-05,2.535451e-06,4.221202e-09,6.03816e-06
1.0443084101338063,32.55315273975244,21.235675008676203,3.5044866e-06,-5.7983514e-05,2.535451e-06,4.221202e-09,6.03816e-06
1.0679173254154937,32.65349438938804,21.270092546176688,3.5044866e-06,-5.7983514e-05,2.535451e-06,4.221202e-09,6.03816e-06
1.1018744456869625,32.63459723132688,21.138283268422473,3.5044866e-06,-5.7983514e-05,2.535451e-06,4.221202e-09,6.03816e-06
1.181630355145953,32.602505687733775,20.986054448000615,4.6547484e-06,-7.988458e-06,5.7913626e-06,1.5132216e-06,1.04457295e-05
1.2219573516369104,32.55962441676628,20.82143755061119,4.6547484e-06,-7.988458e-06,5.7913626e-06,1.5132216e-06,1.04457295e-05
1.2500215941078934,32.584508926849956,20.50599660664019,4.6547484e-06,-7.988458e-06,5.7913626e-06,1.5132216e-06,1.04457295e-05
1.2862603632437433,32.63797246751244,20.3416272702734,4.6547484e-06,-7.988458e-06,5.7913626e-06,1.5132216e-06,1.04457295e-05
1.3329144333474723,32.68977711795782,20.085944549415803,1.1978503e-05,-1.1054688e-05,1.3241054e-05,1.013444e-05,2.5219812e-05
1.34843211352331,32.71061851694752,19.855443643234487,1.1978503e-05,-1.1054688e-05,1.3241054e-05,1.013444e-05,2.5219812e-05
1.3649346392627153,32.793697219758606,19.556072186017815,1.1978503e-05,-1.1054688e-05,1.3241054e-05,1.013444e-05,2.5219812e-05
1.554219334438746,32.73171750279567,19.418225427062044,1.1978503e-05,-1.1054688e-05,1.3241054e-05,1.013444e-05,2.5219812e-05
1.7596699186364861,32.73833416881965,19.29479042147071,1.0369304e-05,-3.0465038e-05,7.2223183e-06,3.7192601e-06,1.759359e-05
1.8592114294528208,32.58540084062777,19.03832028689315,1.0369304e-05,-3.0465038e-05,7.2223183e-06,3.7192601e-06,1.759359e-05
2.004291057725678,32.695262406971814,19.044138742143215,1.0369304e-05,-3.0465038e-05,7.2223183e-06,3.7192601e-06,1.759359e-05
2.132202213396059,31.601436008174915,17.959426599313616,1.0369304e-05,-3.0465038e-05,7.2223183e-06,3.7192601e-06,1.759359e-05
2.0965742490263373,32.954611113253385,19.319890487024253,1.1523184e-05,-2.8658174e-05,8.303644e-06,3.907151e-06,1.9826193e-05
1.9265372305556627,31.646978752940267,18.013029344850192,1.1523184e-05,-2.8658174e-05,8.303644e-06,3.907151e-06,1.9826193e-05
1.7523923186673351,32.6082551189604,18.98078818493811,1.1523184e-05,-2.8658174e-05,8.303644e-06,3.907151e-06,1.9826193e-05
1.7672668029152045,33.46377048548182,19.841424825511897,1.1523184e-05,-2.8658174e-05,8.303644e-06,3.907151e-06,1.9826193e-05
1.9654016118459108,32.876957930050516,19.271783827555623,7.5589355e-06,-2.4726784e-05,9.721714e-06,2.3951038e-06,1.7279888e-05
2.1939224154552113,33.2559090733814,19.67360544480006,7.5589355e-06,-2.4726784e-05,9.721714e-06,2.3951038e-06,1.7279888e-05
2.3692048740986387,32.76224231673929,19.16018046504454,7.5589355e-06,-2.4726784e-05,9.721714e-06,2.3951038e-06,1.7279888e-05
2.389434697104076,32.15620753480122,18.52442794894536,7.5589355e-06,-2.4726784e-05,9.721714e-06,2.3951038e-06,1.7279888e-05
2.3813588863610073,32.62551729456677,18.976072571626883,1.6218113e-05,-2.1521815e-05,5.917364e-06,2.9184694e-06,2.2136239e-05
2.3982381521613387,32.66608683916246,19.01865075386573,1.6218113e-05,-2.1521815e-05,5.917364e-06,2.9184694e-06,2.2136239e-05
2.453478579416188,32.465178344194655,18.78670304245556,1.6218113e-05,-2.1521815e-05,5.917364e-06,2.9184694e-06,2.2136239e-05
2.5539185593645164,32.720611961593335,19.01658928778005,1.6218113e-05,-2.1521815e-05,5.917364e-06,2.9184694e-06,2.2136239e-05
2.5852076504839396,32.62283268422473,18.926790575714342,2.213719e-05,-3.0874908e-05,6.409372e-06,2.875083e-06,2.854726e-05
2.5925322947595726,32.36592873944395,18.7092445918328,2.213719e-05,-3.0874908e-05,6.409372e-06,2.875083e-06,2.854726e-05
2.6572698877877605,32.11278525430918,18.436071800408747,2.213719e-05,-3.0874908e-05,6.409372e-06,2.875083e-06,2.854726e-05
2.7513307368989315,32.61384876412293,18.876868468746384,2.213719e-05,-3.0874908e-05,6.409372e-06,2.875083e-06,2.854726e-05
2.747000732657232,32.41879342922145,18.61887942004396,1.8389524e-05,-3.3564327e-05,8.432502e-06,4.105262e-06,2.6823105e-05
2.760643581537038,31.940225195696602,18.09960050900397,1.8389524e-05,-3.3564327e-05,8.432502e-06,4.105262e-06,2.6823105e-05
2.8151428681602595,32.03324759958354,18.181623028573632,1.8389524e-05,-3.3564327e-05,8.432502e-06,4.105262e-06,2.6823105e-05
2.9061759148575175,32.59293911232792,18.733662129333283,1.8389524e-05,-3.3564327e-05,8.432502e-06,4.105262e-06,2.6823105e-05
3.031725214977056,32.76679983033201,18.88443411869047,1.9987297e-05,-3.5608777e-05,1.1463516e-05,5.1734482e-06,3.1448275e-05
3.0802278949600894,32.547309605521924,18.63774225889793,1.9987297e-05,-3.5608777e-05,1.1463516e-05,5.1734482e-06,3.1448275e-05
2.978953456985308,32.293255697374,18.453673311996297,1.9987297e-05,-3.5608777e-05,1.1463516e-05,5.1734482e-06,3.1448275e-05
2.9422909034820495,32.27698762194887,18.536987621948867,1.9987297e-05,-3.5608777e-05,1.1463516e-05,5.1734482e-06,3.1448275e-05
3.008329541510816,32.5035973470096,18.88085103921644,2.2565215e-05,-2.6107651e-05,1.3872331e-05,6.739927e-06,3.6435893e-05
2.982705818840859,32.84807889561562,19.309790228666177,2.2565215e-05,-2.6107651e-05,1.3872331e-05,6.739927e-06,3.6435893e-05
2.896558053445417,32.92187753055952,19.456502140130336,2.2565215e-05,-2.6107651e-05,1.3872331e-05,6.739927e-06,3.6435893e-05
2.909402691551305,32.79349593182432,19.318648440211316,2.2565215e-05,-2.6107651e-05,1.3872331e-05,6.739927e-06,3.6435893e-05
2.93221802336791,32.36737477345467,18.89390969035592,2.5132531e-05,-2.4890152e-05,1.4046891e-05,1.1491699e-05,3.9177456e-05
2.959476728492654,32.32086492114294,18.84389118112058,2.5132531e-05,-2.4890152e-05,1.4046891e-05,1.1491699e-05,3.9177456e-05
2.9771700150387534,32.48466895461382,19.044828982377666,2.5132531e-05,-2.4890152e-05,1.4046891e-05,1.1491699e-05,3.9177456e-05
2.9627297266031696,32.44516330544094,19.040460031619943,2.5132531e-05,-2.4890152e-05,1.4046891e-05,1.1491699e-05,3.9177456e-05
3.032735125130143,32.532115451355416,19.171306057918482,2.8554243e-05,-2.4753157e-05,2.1976022e-05,1.9685656e-05,5.053141e-05
3.0855176801758377,32.23606524505456,18.90144449157444,2.8554243e-05,-2.4753157e-05,2.1976022e-05,1.9685656e-05,5.053141e-05
3.091970076736205,32.2932152084217,19.027453437704857,2.8554243e-05,-2.4753157e-05,2.1976022e-05,1.9685656e-05,5.053141e-05
3.033686422704662,32.65897312304786,19.423495931824316,2.8554243e-05,-2.4753157e-05,2.1976022e-05,1.9685656e-05,5.053141e-05
2.9413642848879804,31.947246751243586,18.747447653568813,2.7418962e-05,-2.7224743e-05,1.530189e-05,1.1005151e-05,4.2721615e-05
2.8352832298615662,31.79545906759727,18.627253692206843,2.7418962e-05,-2.7224743e-05,1.530189e-05,1.1005151e-05,4.2721615e-05
2.7308664635792232,32.17206455095824,19.087768480314654,2.7418962e-05,-2.7224743e-05,1.530189e-05,1.1005151e-05,4.2721615e-05
2.6560004627308835,32.73407665908302,19.71466162804149,2.7418962e-05,-2.7224743e-05,1.530189e-05,1.1005151e-05,4.2721615e-05
2.726467049705009,32.14241969691127,19.186916284271007,2.7404933e-05,-3.1874348e-05,1.5618067e-05,1.1412798e-05,4.3025288e-05
2.8976169359503334,32.181029961824706,19.259443566112676,2.7404933e-05,-3.1874348e-05,1.5618067e-05,1.1412798e-05,4.3025288e-05
2.9775903289245367,32.34549068754097,19.545503027031195,2.7404933e-05,-3.1874348e-05,1.5618067e-05,1.1412798e-05,4.3025288e-05
2.882975359580457,32.869826861527784,20.15239039062199,2.7404933e-05,-3.1874348e-05,1.5618067e-05,1.1412798e-05,4.3025288e-05
2.8579817221301043,32.85553040527513,20.2493028188023,2.4364525e-05,-3.09549e-05,6.9835824e-06,3.590783e-06,3.134544e-05
2.9749327112173676,32.428838545482584,19.902879728531214,2.4364525e-05,-3.09549e-05,6.9835824e-06,3.590783e-06,3.134544e-05
3.0739378398179924,31.86836655998149,19.52042301314927,2.4364525e-05,-3.09549e-05,6.9835824e-06,3.590783e-06,3.134544e-05
3.2151201172251573,31.236227200863762,18.990643967146106,2.4364525e-05,-3.09549e-05,6.9835824e-06,3.590783e-06,3.134544e-05
3.383924343500559,31.194413295800715,19.05345158678132,2.6728843e-05,-3.0715484e-05,1.4540233e-05,1.5012214e-05,4.127003e-05
3.3270562603632436,30.57124166120387,18.479907453823316,2.6728843e-05,-3.0715484e-05,1.4540233e-05,1.5012214e-05,4.127003e-05
3.3039675317163457,30.821417113330508,18.871376624378204,2.6728843e-05,-3.0715484e-05,1.4540233e-05,1.5012214e-05,4.127003e-05
3.408243165079243,31.48071607604211,19.608597539814138,2.6728843e-05,-3.0715484e-05,1.4540233e-05,1.5012214e-05,4.127003e-05
3.465721281764547,31.672319824162265,19.882844638105887,2.491455e-05,-3.4371395e-05,5.9922663e-06,5.836209e-06,3.090453e-05
3.4337542899008984,31.6635518451394,19.91841398989704,2.491455e-05,-3.4371395e-05,5.9922663e-06,5.836209e-06,3.090453e-05
3.5230964408282883,31.32206185169475,19.626212547719124,2.491455e-05,-3.4371395e-05,5.9922663e-06,5.836209e-06,3.090453e-05
3.755159063741179,31.61355647244823,19.912604789264645,2.491455e-05,-3.4371395e-05,5.9922663e-06,5.836209e-06,3.090453e-05
3.9360579184822426,32.01360737284541,20.324716384529363,2.5674113e-05,-3.3971148e-05,7.673003e-06,4.263922e-06,3.334826e-05
3.957516677592257,31.918181082019046,20.258656152392703,2.5674113e-05,-3.3971148e-05,7.673003e-06,4.263922e-06,3.334826e-05
3.8939443951721744,32.11857594570625,20.595510739212585,2.5674113e-05,-3.3971148e-05,7.673003e-06,4.263922e-06,3.334826e-05
3.755644545559712,32.24255118960398,20.81902479466317,2.5674113e-05,-3.3971148e-05,7.673003e-06,4.263922e-06,3.334826e-05
3.682364554814329,31.975093895808428,20.662764045810356,3.966978e-05,-3.377879e-05,1.6578533e-05,1.7163313e-05,5.6248504e-05
3.6354679366058686,31.92337022326765,20.684381675857015,3.966978e-05,-3.377879e-05,1.6578533e-05,1.7163313e-05,5.6248504e-05
6.844958932634095,28.316679134693246,18.312361084332704,4.810882e-05,-3.7946935e-05,2.8503715e-05,3.2595646e-05,7.661476e-05
6.791613002737824,28.63188292908649,18.60010681371226,4.359264e-05,-3.3294797e-05,2.4706156e-05,2.7647606e-05,6.8299814e-05
6.940503219835731,28.434003007750743,18.380871476497127,4.359264e-05,-3.3294797e-05,2.4706156e-05,2.7647606e-05,6.8299814e-05
6.986147379786373,29.698574788879036,19.6072162881271,4.359264e-05,-3.3294797e-05,2.4706156e-05,2.7647606e-05,6.8299814e-05
6.777726063317009,30.00309297034666,19.867857556009717,4.359264e-05,-3.3294797e-05,2.4706156e-05,2.7647606e-05,6.8299814e-05
5.990087147649713,25.99185400840628,15.804659699996144,4.2038286e-05,-3.0642295e-05,2.7178132e-05,3.3050743e-05,6.921337e-05
5.082541549377241,25.107883391817374,14.88515019473258,4.2038286e-05,-3.0642295e-05,2.7178132e-05,3.3050743e-05,6.921337e-05
4.700812092700421,26.378712065707784,16.153035128986232,4.2038286e-05,-3.0642295e-05,2.7178132e-05,3.3050743e-05,6.921337e-05
4.260267227085181,25.291571742567385,15.087438013342075,4.2038286e-05,-3.0642295e-05,2.7178132e-05,3.3050743e-05,6.921337e-05
1.2605525777966298,32.804040026221415,19.64304708286739,1.28042075e-05,-1.0400779e-05,1.4875707e-05,1.377118e-05,2.7679787e-05
1.2929344850190876,32.61502332934871,19.403214822812632,1.28042075e-05,-1.0400779e-05,1.4875707e-05,1.377118e-05,2.7679787e-05
1.4598897158061157,32.60504260980218,19.24796205606756,1.28042075e-05,-1.0400779e-05,1.4875707e-05,1.377118e-05,2.7679787e-05
1.6781664288744071,32.73956811784213,19.215860872247713,1.304853e-05,-2.8096258e-05,5.9317094e-06,3.7572509e-06,1.8982715e-05
2.0265210349747425,32.854010719932134,19.18207920410288,1.304853e-05,-2.8096258e-05,5.9317094e-06,3.7572509e-06,1.8982715e-05
2.1704091312227662,32.80309451278294,19.119889715806114,1.304853e-05,-2.8096258e-05,5.9317094e-06,3.7572509e-06,1.8982715e-05
2.10144603401072,29.97561601048857,16.29997802028304,1.304853e-05,-2.8096258e-05,5.9317094e-06,3.7572509e-06,1.8982715e-05
2.0608591370069025,33.27691474183473,19.59449967223229,8.845418e-06,-2.5781552e-05,5.5032415e-06,3.601828e-06,1.4345613e-05
1.9514040026221418,32.669385724752246,18.96042224193113,8.845418e-06,-2.5781552e-05,5.5032415e-06,3.601828e-06,1.4345613e-05
1.7866610110669805,32.29610110669803,18.587042764045812,8.845418e-06,-2.5781552e-05,5.5032415e-06,3.601828e-06,1.4345613e-05
1.7709150503219835,32.93917788146377,19.27743994138742,8.845418e-06,-2.5781552e-05,5.5032415e-06,3.601828e-06,1.4345613e-05
1.9713091427910383,32.87297805884394,19.277785832722785,1.0490671e-05,-2.3163653e-05,6.3634147e-06,1.6019304e-06,1.685231e-05
2.1688296764739907,32.132656460879964,18.56969074152624,1.0490671e-05,-2.3163653e-05,6.3634147e-06,1.6019304e-06,1.685231e-05
2.2975309451278294,32.256407280299236,18.694267921181506,1.0490671e-05,-2.3163653e-05,6.3634147e-06,1.6019304e-06,1.685231e-05
2.346745845062276,32.29471368526588,18.68580881502333,1.0490671e-05,-2.3163653e-05,6.3634147e-06,1.6019304e-06,1.685231e-05
2.402966876180928,32.64615663440404,18.999786372575485,1.8419676e-05,-1.9434669e-05,4.8427028e-06,3.0286014e-06,2.3264347e-05
2.4013550302703117,32.77302124705973,19.153725369220684,1.8419676e-05,-1.9434669e-05,4.8427028e-06,3.0286014e-06,2.3264347e-05
2.4416623606987233,32.945959973778585,19.34085528091621,1.8419676e-05,-1.9434669e-05,4.8427028e-06,3.0286014e-06,2.3264347e-05
2.5464153780896925,32.87666718081209,19.261484209308602,1.8419676e-05,-1.9434669e-05,4.8427028e-06,3.0286014e-06,2.3264347e-05
2.5893799406162032,32.6349589326341,19.086825666139667,2.006988e-05,-2.5214065e-05,5.244447e-06,2.4192884e-06,2.5314392e-05
2.556066787490842,31.970632784483094,18.502878957313076,2.006988e-05,-2.5214065e-05,5.244447e-06,2.4192884e-06,2.5314392e-05
2.6186241468399336,32.431172637180424,18.9468973894266,2.006988e-05,-2.5214065e-05,5.244447e-06,2.4192884e-06,2.5314392e-05
2.708130181621872,31.964635021015695,18.319271198858598,2.006988e-05,-2.5214065e-05,5.244447e-06,2.4192884e-06,2.5314392e-05
2.7755439015925654,32.541254386303166,18.71831103227548,1.6243885e-05,-3.2976277e-05,9.753453e-06,3.272003e-06,2.5993973e-05
2.7437199706937108,32.04574133343616,18.1190193961362,1.6243885e-05,-3.2976277e-05,9.753453e-06,3.272003e-06,2.5993973e-05
2.691245517294567,32.093293101453746,18.145227702155555,1.6243885e-05,-3.2976277e-05,9.753453e-06,3.272003e-06,2.5993973e-05
2.6867273358269386,32.583097597655495,18.649799097674777,1.6243885e-05,-3.2976277e-05,9.753453e-06,3.272003e-06,2.5993973e-05
2.7529310145374617,32.72585238884819,18.740622758647284,1.978982e-05,-3.2109012e-05,1.0789139e-05,4.8894217e-06,3.057585e-05
2.8034716384529363,32.72921451432538,18.655884008791887,1.978982e-05,-3.2109012e-05,1.0789139e-05,4.8894217e-06,3.057585e-05
2.7738021054255193,32.63305518065785,18.56990282651448,1.978982e-05,-3.2109012e-05,1.0789139e-05,4.8894217e-06,3.057585e-05
2.830751552076505,32.80960937801257,18.935016388385456,1.978982e-05,-3.2109012e-05,1.0789139e-05,4.8894217e-06,3.057585e-05
2.93800987159218,33.00030810164655,19.314432961863265,2.4892652e-05,-2.8361525e-05,1.4351961e-05,8.841038e-06,3.9239025e-05
2.9497674777310765,32.24326263833726,18.639034434889908,2.4892652e-05,-2.8361525e-05,1.4351961e-05,8.841038e-06,3.9239025e-05
2.9514290672116608,32.076720394863685,18.487599197933136,2.4892652e-05,-2.8361525e-05,1.4351961e-05,8.841038e-06,3.9239025e-05
3.0205020630085215,33.14002467898045,19.605785678479158,2.4892652e-05,-2.8361525e-05,1.4351961e-05,8.841038e-06,3.9239025e-05
2.949278525430918,32.79249334824355,19.287505109320172,2.7295055e-05,-3.0072995e-05,1.2038805e-05,1.1806226e-05,3.9332972e-05
2.8711622257355494,32.50255273204026,19.01027763853006,2.7295055e-05,-3.0072995e-05,1.2038805e-05,1.1806226e-05,3.9332972e-05
2.906099949870821,31.44312960320827,17.962260825974628,2.7295055e-05,-3.0072995e-05,1.2038805e-05,1.1806226e-05,3.9332972e-05
2.9432499132379593,32.589981105155594,19.173131916862687,2.7295055e-05,-3.0072995e-05,1.2038805e-05,1.1806226e-05,3.9332972e-05
2.982194886823738,32.46575367292639,19.103994138742145,2.6960406e-05,-2.7451815e-05,1.9713903e-05,1.6854625e-05,4.6675577e-05
3.017711024563298,31.195691589866193,17.87021247059731,2.6960406e-05,-2.7451815e-05,1.9713903e-05,1.6854625e-05,4.6675577e-05
3.035105464080515,32.61274939266572,19.2957598426715,2.6960406e-05,-2.7451815e-05,1.9713903e-05,1.6854625e-05,4.6675577e-05
3.0168322214938494,32.50823313924344,19.24605946091852,2.6960406e-05,-2.7451815e-05,1.9713903e-05,1.6854625e-05,4.6675577e-05
2.96277831334593,32.30203563027802,19.069751667759224,2.8079565e-05,-3.1374744e-05,1.4963051e-05,1.3580242e-05,4.304344e-05
2.8705880538310264,31.342675741333437,18.114236686846876,2.8079565e-05,-3.1374744e-05,1.4963051e-05,1.3580242e-05,4.304344e-05
2.7838584043496706,31.32553001966606,18.11578297921567,2.8079565e-05,-3.1374744e-05,1.4963051e-05,1.3580242e-05,4.304344e-05
2.71489029421972,32.087800871476496,18.991183434234372,2.8079565e-05,-3.1374744e-05,1.4963051e-05,1.3580242e-05,4.304344e-05
2.705772567770794,32.19808236609725,19.199053329734316,2.8268343e-05,-3.2307646e-05,1.5667198e-05,1.1653216e-05,4.3936176e-05
2.728304476921297,31.636635560868392,18.692548490340492,2.8268343e-05,-3.2307646e-05,1.5667198e-05,1.1653216e-05,4.3936176e-05
2.7685026799830332,31.426542243473566,18.50650753865731,2.8268343e-05,-3.2307646e-05,1.5667198e-05,1.1653216e-05,4.3936176e-05
2.832092700420314,32.049884702888214,19.27671692438206,2.8268343e-05,-3.2307646e-05,1.5667198e-05,1.1653216e-05,4.3936176e-05
2.7923950179308217,32.162690780087146,19.561255928739442,2.5189405e-05,-3.2259286e-05,6.83803e-06,5.0413532e-06,3.2025404e-05
2.8399290479312076,31.89566806771295,19.435837350094474,2.5189405e-05,-3.2259286e-05,6.83803e-06,5.0413532e-06,3.2025404e-05
2.9246843789765933,32.17098021825473,19.74638530058227,2.5189405e-05,-3.2259286e-05,6.83803e-06,5.0413532e-06,3.2025404e-05
2.9858674276018973,31.584975513824087,19.284469209115798,2.5189405e-05,-3.2259286e-05,6.83803e-06,5.0413532e-06,3.2025404e-05
3.1409000115682724,31.567866039409246,19.401838584043496,2.6458432e-05,-3.1311494e-05,1.0647268e-05,8.595098e-06,3.7104302e-05
3.1610133806347123,30.98394053908148,18.941018779161688,2.6458432e-05,-3.1311494e-05,1.0647268e-05,8.595098e-06,3.7104302e-05
3.1356661396676047,31.147977866039408,19.135162148613734,2.6458432e-05,-3.1311494e-05,1.0647268e-05,8.595098e-06,3.7104302e-05
3.2603732695793,31.019029036362934,19.125006362549648,2.6458432e-05,-3.1311494e-05,1.0647268e-05,8.595098e-06,3.7104302e-05
3.320112212239232,31.120615817684033,19.375413951336135,2.3842302e-05,-3.1533313e-05,5.468647e-06,5.923521e-06,2.9309997e-05
3.292527281841669,31.254447229398835,19.618353063664056,2.3842302e-05,-3.1533313e-05,5.468647e-06,5.923521e-06,2.9309997e-05
3.4810843327035053,31.625228087764626,20.003205568194964,2.3842302e-05,-3.1533313e-05,5.468647e-06,5.923521e-06,2.9309997e-05
3.8327397524389775,31.49440481240119,19.876396097636217,2.3842302e-05,-3.1533313e-05,5.468647e-06,5.923521e-06,2.9309997e-05
4.127817067057417,31.894700188948445,20.293487448424788,2.698313e-05,-3.1728985e-05,8.057482e-06,3.457958e-06,3.504004e-05
4.11251841283307,31.40723633979871,19.854837080168124,2.698313e-05,-3.1728985e-05,8.057482e-06,3.457958e-06,3.504004e-05
3.881318397408707,32.30679288936876,20.770962480237536,2.698313e-05,-3.1728985e-05,8.057482e-06,3.457958e-06,3.504004e-05
3.7598233910461576,32.19666101106698,20.763766629391124,2.698313e-05,-3.1728985e-05,8.057482e-06,3.457958e-06,3.504004e-05
3.7430891142559672,31.963344773069064,20.616727721436007,4.005521e-05,-3.3621945e-05,1.1596563e-05,8.981766e-06,5.1650757e-05
7.301286391855937,28.103391431766475,18.06720626229129,3.6896672e-05,-3.4319317e-05,2.2805283e-05,1.9636684e-05,5.9703416e-05
7.398067712952608,28.406163189758225,18.350101800794356,3.6896672e-05,-3.4319317e-05,2.2805283e-05,1.9636684e-05,5.9703416e-05
6.960249103458914,29.674651602205685,19.5445501870204,3.6896672e-05,-3.4319317e-05,2.2805283e-05,1.9636684e-05,5.9703416e-05
5.866756256507153,30.025373847992906,19.817007288011414,4.5306067e-05,-3.169883e-05,2.7608567e-05,3.4780103e-05,7.291546e-05
4.880716847260247,29.425915243126518,19.157703312381905,4.5306067e-05,-3.169883e-05,2.7608567e-05,3.4780103e-05,7.291546e-05
4.588304862530366,23.943285003663284,13.67040566074114,4.5306067e-05,-3.169883e-05,2.7608567e-05,3.4780103e-05,7.291546e-05
4.383933983727297,26.501192688852043,16.276306636332087,4.5306067e-05,-3.169883e-05,2.7608567e-05,3.4780103e-05,7.291546e-05
4.089180580727259,23.382986927852542,13.185072687309605,3.131929e-05,-2.5464073e-05,2.0925483e-05,2.1337002e-05,5.224401e-05
1.1906659468630703,32.798772606331696,19.75462306713454,1.1084813e-05,-9.68383e-06,1.2977753e-05,1.1203102e-05,2.4061741e-05
1.2163795164462268,32.80355917171172,19.59130721474569,1.1084813e-05,-9.68383e-06,1.2977753e-05,1.1203102e-05,2.4061741e-05
1.2538398951143332,32.650315428218875,19.387238653453128,1.1084813e-05,-9.68383e-06,1.2977753e-05,1.1203102e-05,2.4061741e-05
1.3435371919947556,32.748784560212854,19.273176261905682,1.1084813e-05,-9.68383e-06,1.2977753e-05,1.1203102e-05,2.4061741e-05
1.5477434157251377,32.69611923032429,19.06015578606409,1.0067726e-05,-2.1483424e-05,5.1864927e-06,2.0445218e-06,1.525498e-05
1.952756333628967,32.33828326842247,18.64485790305788,1.0067726e-05,-2.1483424e-05,5.1864927e-06,2.0445218e-06,1.525498e-05
2.2456595843134233,32.6468746384915,18.942493733852622,1.0067726e-05,-2.1483424e-05,5.1864927e-06,2.0445218e-06,1.525498e-05
2.1754629236879652,32.67148112443605,18.931659661435237,1.0067726e-05,-2.1483424e-05,5.1864927e-06,2.0445218e-06,1.525498e-05
2.041024948906798,31.961021478425174,18.21227547911927,5.9639556e-06,-2.4836645e-05,5.369496e-06,2.0557889e-06,1.1331992e-05
1.8969810665946865,32.04536844946593,18.3086195195311,5.9639556e-06,-2.4836645e-05,5.369496e-06,2.0557889e-06,1.1331992e-05
1.7553877299194078,31.52006632475996,17.78156750086762,5.9639556e-06,-2.4836645e-05,5.369496e-06,2.0557889e-06,1.1331992e-05
1.7639355261635754,32.28370184706744,18.590548721705936,5.9639556e-06,-2.4836645e-05,5.369496e-06,2.0557889e-06,1.1331992e-05
1.9199895885551226,32.30619403848379,18.68509466702657,1.1685303e-05,-2.3268694e-05,3.7132615e-06,1.5460391e-06,1.5395772e-05
2.118644198511549,32.347316160876105,18.781134076273474,1.1685303e-05,-2.3268694e-05,3.7132615e-06,1.5460391e-06,1.5395772e-05
2.228900242933714,32.472700805922955,18.907212432036403,1.1685303e-05,-2.3268694e-05,3.7132615e-06,1.5460391e-06,1.5395772e-05
2.293068291366213,32.39475108934562,18.814569853082943,1.1685303e-05,-2.3268694e-05,3.7132615e-06,1.5460391e-06,1.5395772e-05
2.36444337330814,32.12923765086955,18.518330698338026,2.2276967e-05,-2.1836026e-05,4.1680087e-06,3.5247674e-06,2.6444404e-05
2.3649142019820304,32.35932441291019,18.75095862414684,2.2276967e-05,-2.1836026e-05,4.1680087e-06,3.5247674e-06,2.6444404e-05
2.3740165040681758,32.94572051054641,19.35953032815332,2.2276967e-05,-2.1836026e-05,4.1680087e-06,3.5247674e-06,2.6444404e-05
2.4609987274900704,32.65336790961324,19.118896772452086,2.2276967e-05,-2.1836026e-05,4.1680087e-06,3.5247674e-06,2.6444404e-05
2.475007904985925,32.569001658119,19.10925307523233,1.6589642e-05,-2.5164665e-05,4.838323e-06,1.4981777e-06,2.1428092e-05
2.4650052057224388,32.52870628157174,19.100972891682414,1.6589642e-05,-2.5164665e-05,4.838323e-06,1.4981777e-06,2.1428092e-05
2.531359271970077,31.845298654224347,18.39481471484209,1.6589642e-05,-2.5164665e-05,4.838323e-06,1.4981777e-06,2.1428092e-05
2.676099949870821,32.50533567269502,18.847552153626655,1.6589642e-05,-2.5164665e-05,4.838323e-06,1.4981777e-06,2.1428092e-05
2.7950738441368137,32.467851386264606,18.609053329734316,1.5977155e-05,-2.898571e-05,9.083393e-06,3.0104788e-06,2.5059215e-05
2.73822079975321,32.213259553464695,18.24207149192149,1.5977155e-05,-2.898571e-05,9.083393e-06,3.0104788e-06,2.5059215e-05
2.6337481201557864,32.17927042764046,18.188636871939227,1.5977155e-05,-2.898571e-05,9.083393e-06,3.0104788e-06,2.5059215e-05
2.602334862915976,32.34249450507076,18.273278062700033,1.5977155e-05,-2.898571e-05,9.083393e-06,3.0104788e-06,2.5059215e-05
2.606621678941889,32.3066405737863,18.18641036517179,2.039577e-05,-2.9015275e-05,9.853619e-06,3.7075804e-06,3.0247802e-05
2.6329988817336982,32.69256969883932,18.582402730112214,2.039577e-05,-2.9015275e-05,9.853619e-06,3.7075804e-06,3.0247802e-05
2.6525643003123434,32.87461766860756,18.771973161608763,2.039577e-05,-2.9015275e-05,9.853619e-06,3.7075804e-06,3.0247802e-05
2.7064350441522382,32.631077391740256,18.651564415995065,2.039577e-05,-2.9015275e-05,9.853619e-06,3.7075804e-06,3.0247802e-05
2.8210808622218795,33.189222612115834,19.396369105001348,2.5583406e-05,-2.8772574e-05,1.3139301e-05,8.41384e-06,3.8719914e-05
2.8903123433463156,33.316494427948946,19.677193922801063,2.5583406e-05,-2.8772574e-05,1.3139301e-05,8.41384e-06,3.8719914e-05
2.9590780087147652,32.812618671191146,19.187030038946517,2.5583406e-05,-2.8772574e-05,1.3139301e-05,8.41384e-06,3.8719914e-05
3.0830613504029616,33.182068792658,19.6055890178537,2.5583406e-05,-2.8772574e-05,1.3139301e-05,8.41384e-06,3.8719914e-05
3.0127104461496934,31.633336289669536,18.09912351058497,3.0559284e-05,-3.1211854e-05,1.1547115e-05,1.2247802e-05,4.2107033e-05
2.8461442949138163,32.3532329464389,18.861567500867622,3.0559284e-05,-3.1211854e-05,1.1547115e-05,1.2247802e-05,4.2107033e-05
2.777179655265492,32.47966760498207,19.00325184128331,3.0559284e-05,-3.1211854e-05,1.1547115e-05,1.2247802e-05,4.2107033e-05
2.833944780781244,32.24238923379478,18.838124397485828,3.0559284e-05,-3.1211854e-05,1.1547115e-05,1.2247802e-05,4.2107033e-05
2.936056761655034,32.22967570277253,18.882716615894804,2.7281598e-05,-3.0451252e-05,1.7168359e-05,1.4424451e-05,4.44511e-05
2.935690433038985,32.27414992480623,18.95384105194154,2.7281598e-05,-3.0451252e-05,1.7168359e-05,1.4424451e-05,4.44511e-05
2.905169475186056,32.13548721705934,18.824826668723247,2.7281598e-05,-3.0451252e-05,1.7168359e-05,1.4424451e-05,4.44511e-05
2.886111518142907,31.63351559788686,18.379598966567695,2.7281598e-05,-3.0451252e-05,1.7168359e-05,1.4424451e-05,4.44511e-05
2.8658678132109667,31.82398758338796,18.597762310569546,2.8759336e-05,-3.0626084e-05,1.871478e-05,1.7908404e-05,4.7475893e-05
2.832090001156827,31.80887556395326,18.58289939459376,2.8759336e-05,-3.0626084e-05,1.871478e-05,1.7908404e-05,4.7475893e-05
2.797168858211545,31.296227200863765,18.085237727991363,2.8759336e-05,-3.0626084e-05,1.871478e-05,1.7908404e-05,4.7475893e-05
2.746398025681564,31.904616897389428,18.81088497281456,2.8759336e-05,-3.0626084e-05,1.871478e-05,1.7908404e-05,4.7475893e-05
2.7467940461959666,30.98871746423476,17.992422010565686,2.9866815e-05,-3.37811e-05,1.4460062e-05,1.22748115e-05,4.432694e-05
2.7424270234835926,30.190058612578568,17.245948791115566,2.9866815e-05,-3.37811e-05,1.4460062e-05,1.22748115e-05,4.432694e-05
2.708457178112829,29.71351829715035,16.795413180117997,2.9866815e-05,-3.37811e-05,1.4460062e-05,1.22748115e-05,4.432694e-05
2.7386322446303937,29.47060771989357,16.710162341418272,2.9866815e-05,-3.37811e-05,1.4460062e-05,1.22748115e-05,4.432694e-05
2.7422268923765087,32.17969421200787,19.595990051286005,3.0938303e-05,-3.6631554e-05,6.485544e-06,6.7834403e-06,3.742207e-05
2.7359032892453627,32.38423090271083,19.935570508618362,3.0938303e-05,-3.6631554e-05,6.485544e-06,6.7834403e-06,3.742207e-05
2.7816157020013113,32.38701307214746,19.973037442640653,3.0938303e-05,-3.6631554e-05,6.485544e-06,6.7834403e-06,3.742207e-05
2.799604365094667,32.24165194925385,19.94423244514711,3.0938303e-05,-3.6631554e-05,6.485544e-06,6.7834403e-06,3.742207e-05
2.8841726757413335,32.15333783210581,19.99234604557899,2.9283146e-05,-3.2041247e-05,8.514895e-06,6.6505836e-06,3.7796963e-05
2.9674919986118073,32.18934909189064,20.154561755292484,2.9283146e-05,-3.2041247e-05,8.514895e-06,6.6505836e-06,3.7796963e-05
2.9787429144333477,30.83015540045502,18.827558708980835,2.9283146e-05,-3.2041247e-05,8.514895e-06,6.6505836e-06,3.7796963e-05
3.1256738518489957,31.848029923263795,19.979045617552927,2.9283146e-05,-3.2041247e-05,8.514895e-06,6.6505836e-06,3.7796963e-05
3.2409644082828826,30.88940963251456,19.172991169552308,2.5010782e-05,-3.359312e-05,5.3295694e-06,4.7475514e-06,3.033743e-05
3.2549014768827362,31.62536150850268,20.017636602012878,2.5010782e-05,-3.359312e-05,5.3295694e-06,4.7475514e-06,3.033743e-05
3.3269459761693594,31.61617244437589,20.027227856399183,2.5010782e-05,-3.359312e-05,5.3295694e-06,4.7475514e-06,3.033743e-05
3.579418501523156,31.659854625380788,20.151362356842633,2.5010782e-05,-3.359312e-05,5.3295694e-06,4.7475514e-06,3.033743e-05
3.958268229668762,31.351424825511895,19.86543477422589,3.083509e-05,-3.36763e-05,1.0474675e-05,5.733091e-06,4.131027e-05
3.9775926425789536,31.178006786719624,19.681736783249143,3.083509e-05,-3.36763e-05,1.0474675e-05,5.733091e-06,4.131027e-05
3.793000809779046,32.23058766822196,20.74982339104616,3.083509e-05,-3.36763e-05,1.0474675e-05,5.733091e-06,4.131027e-05
3.7829784444530135,32.126390313500174,20.77735279373771,3.083509e-05,-3.36763e-05,1.0474675e-05,5.733091e-06,4.131027e-05
7.857499325184128,28.382194886823736,18.3590648980064,7.079305e-05,-3.4513963e-05,2.6412285e-05,4.845775e-05,9.720077e-05
7.877212046427331,28.614630008097787,18.570663247599583,7.079305e-05,-3.4513963e-05,2.6412285e-05,4.845775e-05,9.720077e-05
7.440866463579223,29.780266070257973,19.679234565996993,7.079305e-05,-3.4513963e-05,2.6412285e-05,4.845775e-05,9.720077e-05
5.998079281224695,30.66929163613928,20.48556433887325,6.155084e-05,-3.0623258e-05,3.2359545e-05,5.368563e-05,9.39067e-05
4.6374707901129835,28.837831334592988,18.57356457023869,6.155084e-05,-3.0623258e-05,3.2359545e-05,5.368563e-05,9.39067e-05
4.3254262908263605,26.65496047507037,16.385865885165618,6.155084e-05,-3.0623258e-05,3.2359545e-05,5.368563e-05,9.39067e-05
4.2141553233332045,26.506211005282843,16.255813827941235,6.155084e-05,-3.0623258e-05,3.2359545e-05,5.368563e-05,9.39067e-05
3.998442139359118,24.85060116453939,14.651045000578414,2.6545966e-05,-2.8997552e-05,2.2317972e-05,1.5508696e-05,4.8862985e-05
1.0618073497088651,32.707357421046545,19.515795318705894,1.3310117e-05,-8.874471e-06,7.906788e-06,6.4358733e-06,2.1216207e-05
1.1349388809624803,32.86355801488451,19.55368565148652,1.3310117e-05,-8.874471e-06,7.906788e-06,6.4358733e-06,2.1216207e-05
1.1815489916322832,33.07191493463926,19.562002082288977,1.3310117e-05,-8.874471e-06,7.906788e-06,6.4358733e-06,2.1216207e-05
1.2446307793159295,33.00067250221725,19.40880692553889,1.3310117e-05,-8.874471e-06,7.906788e-06,6.4358733e-06,2.1216207e-05
1.351317626190568,32.508565919870435,18.82612038715151,7.9200545e-06,-1.8838e-05,4.4415933e-06,1.06314e-06,1.2361331e-05
1.5713770099872748,32.293286160490496,18.55643080245247,7.9200545e-06,-1.8838e-05,4.4415933e-06,1.06314e-06,1.2361331e-05
1.853281147572591,32.47611267497012,18.690783557629278,7.9200545e-06,-1.8838e-05,4.4415933e-06,1.06314e-06,1.2361331e-05
1.8561971233563415,32.41324258666564,18.6273200169668,7.9200545e-06,-1.8838e-05,4.4415933e-06,1.06314e-06,1.2361331e-05
1.8024081286391855,32.365992364940425,18.578817722592834,5.2299742e-06,-2.405594e-05,6.698445e-06,2.8951733e-06,1.1927785e-05
1.8260455789920178,29.734706358693558,15.944486561523927,5.2299742e-06,-2.405594e-05,6.698445e-06,2.8951733e-06,1.1927785e-05
1.7231249758994334,30.91133574981684,17.16811668530444,5.2299742e-06,-2.405594e-05,6.698445e-06,2.8951733e-06,1.1927785e-05
1.6769347935063432,31.834465353025102,18.120062083060194,5.2299742e-06,-2.405594e-05,6.698445e-06,2.8951733e-06,1.1927785e-05
1.8244711371611462,32.24437704854818,18.581118651910693,1.00219595e-05,-2.3179677e-05,2.9657594e-06,1.3424692e-06,1.2987338e-05
2.0036682990783943,32.43442370724559,18.81048471060039,1.00219595e-05,-2.3179677e-05,2.9657594e-06,1.3424692e-06,1.2987338e-05
2.0568592141287163,32.7161824702117,19.13558130567231,1.00219595e-05,-2.3179677e-05,2.9657594e-06,1.3424692e-06,1.2987338e-05
2.13182778698955,32.15414067018856,18.569549994215865,1.00219595e-05,-2.3179677e-05,2.9657594e-06,1.3424692e-06,1.2987338e-05
2.2590857208961554,32.11113291944626,18.52601935757529,2.151588e-05,-2.357808e-05,3.553808e-06,3.0820172e-06,2.506607e-05
2.288041491535881,32.28775884008792,18.72151891412486,2.151588e-05,-2.357808e-05,3.553808e-06,3.0820172e-06,2.506607e-05
2.232022133960591,32.265772567770796,18.720483168164115,2.151588e-05,-2.357808e-05,3.553808e-06,3.0820172e-06,2.506607e-05
2.2881151428681603,31.899893571896808,18.385375776038252,2.151588e-05,-2.357808e-05,3.553808e-06,3.0820172e-06,2.506607e-05
2.28896001233949,32.785577449581616,19.305345698530832,1.615489e-05,-2.6338303e-05,4.5770526e-06,1.4721205e-06,2.0731626e-05
2.328065013689122,32.546745845062276,19.09726911656962,1.615489e-05,-2.6338303e-05,4.5770526e-06,1.4721205e-06,2.0731626e-05
2.419853082944511,32.59281147572591,19.006207149192146,1.615489e-05,-2.6338303e-05,4.5770526e-06,1.4721205e-06,2.0731626e-05
2.5283862260440366,32.43441753750048,18.69026876952146,1.615489e-05,-2.6338303e-05,4.5770526e-06,1.4721205e-06,2.0731626e-05
2.639758223113408,32.25507037365519,18.347887633517143,1.5347656e-05,-3.0984163e-05,6.735896e-06,3.2230625e-06,2.2082664e-05
2.6218509235337217,32.71202213396059,18.709850769290092,1.5347656e-05,-3.0984163e-05,6.735896e-06,3.2230625e-06,2.2082664e-05
2.5602772529209887,32.45787490841784,18.328186094936953,1.5347656e-05,-3.0984163e-05,6.735896e-06,3.2230625e-06,2.2082664e-05
2.5423074846720395,32.11637218987391,17.96399568117842,1.5347656e-05,-3.0984163e-05,6.735896e-06,3.2230625e-06,2.2082664e-05
2.53952068792658,32.87962480237535,18.711703235260092,2.073061e-05,-2.6777961e-05,8.863509e-06,3.0418682e-06,2.9594754e-05
2.541287163074075,32.726049049473644,18.554332317896115,2.073061e-05,-2.6777961e-05,8.863509e-06,3.0418682e-06,2.9594754e-05
2.5525211120965565,32.77102726256122,18.704312266224502,2.073061e-05,-2.6777961e-05,8.863509e-06,3.0418682e-06,2.9594754e-05
2.5822106967955887,32.46326996490957,18.482674584506228,2.073061e-05,-2.6777961e-05,8.863509e-06,3.0418682e-06,2.9594754e-05
2.708271314541318,32.97487872594763,19.11854509698068,2.52565e-05,-2.9792174e-05,1.1575869e-05,7.2697353e-06,3.683237e-05
2.807330042802607,33.27719315158292,19.508158716693018,2.52565e-05,-2.9792174e-05,1.1575869e-05,7.2697353e-06,3.683237e-05
2.857159989202946,32.76664712914047,19.146737361662748,2.52565e-05,-2.9792174e-05,1.1575869e-05,7.2697353e-06,3.683237e-05
2.982930628928392,33.050039332125095,19.46150117610766,2.52565e-05,-2.9792174e-05,1.1575869e-05,7.2697353e-06,3.683237e-05
2.9736146994177304,33.170471985501095,19.629435468322217,2.5762092e-05,-2.8095505e-05,9.527984e-06,7.799893e-06,3.529268e-05
2.755400455018702,32.74381521613388,19.241005668453322,2.5762092e-05,-2.8095505e-05,9.527984e-06,7.799893e-06,3.529268e-05
2.5785049936374502,31.846738132880883,18.429953341302586,2.5762092e-05,-2.8095505e-05,9.527984e-06,7.799893e-06,3.529268e-05
2.584884895692747,31.518417074769598,18.14542436278101,2.5762092e-05,-2.8095505e-05,9.527984e-06,7.799893e-06,3.529268e-05
2.7488439440095633,31.45203138857826,18.122820730343577,2.766671e-05,-3.174774e-05,1.6031046e-05,1.2901644e-05,4.369865e-05
2.8093352099641384,32.936837620020825,19.63656229514518,2.766671e-05,-3.174774e-05,1.6031046e-05,1.2901644e-05,4.369865e-05
2.654163806732734,31.508419388424013,18.26978830062083,2.766671e-05,-3.174774e-05,1.6031046e-05,1.2901644e-05,4.369865e-05
2.567464620367871,32.91086106505225,19.700052442833456,2.766671e-05,-3.174774e-05,1.6031046e-05,1.2901644e-05,4.369865e-05
2.600401419041376,32.52382601318783,19.344123317780436,2.68212e-05,-2.9688925e-05,1.8416884e-05,1.6269434e-05,4.5239987e-05
2.6503740407974394,32.4308857440327,19.27249296263448,2.68212e-05,-2.9688925e-05,1.8416884e-05,1.6269434e-05,4.5239987e-05
2.663102610573401,31.586962942968416,18.50912968033008,2.68212e-05,-2.9688925e-05,1.8416884e-05,1.6269434e-05,4.5239987e-05
2.625683106466664,31.193075232329466,18.17109782902094,2.68212e-05,-2.9688925e-05,1.8416884e-05,1.6269434e-05,4.5239987e-05
2.655302124705973,31.231109782902095,18.274267149963368,2.9464944e-05,-3.2327574e-05,1.3370547e-05,1.1746559e-05,4.283435e-05
2.7589480584583352,31.188373115335672,18.274001079705393,2.9464944e-05,-3.2327574e-05,1.3370547e-05,1.1746559e-05,4.283435e-05
2.7719218756025144,30.666890834072415,17.885982339104615,2.9464944e-05,-3.2327574e-05,1.3370547e-05,1.1746559e-05,4.283435e-05
2.7624594146454324,32.088136351366984,19.397591485751743,2.9464944e-05,-3.2327574e-05,1.3370547e-05,1.1746559e-05,4.283435e-05
2.761444105965372,32.03163421123665,19.462758261674317,3.3235145e-05,-3.7237416e-05,6.2216077e-06,8.25591e-06,3.9455863e-05
2.7106786719623646,32.23638915667296,19.768801912620987,3.3235145e-05,-3.7237416e-05,6.2216077e-06,8.25591e-06,3.9455863e-05
2.7509389580842942,32.197689430455405,19.89227470790113,3.3235145e-05,-3.7237416e-05,6.2216077e-06,8.25591e-06,3.9455863e-05
2.763205182585894,32.13285659198704,19.894704430648208,3.3235145e-05,-3.7237416e-05,6.2216077e-06,8.25591e-06,3.9455863e-05
2.800598079666834,32.11495160606177,19.97676743917017,2.868399e-05,-3.3681426e-05,7.731212e-06,6.381188e-06,3.6414818e-05
2.8229086492114295,32.166653298885585,20.122471368526586,2.868399e-05,-3.3681426e-05,7.731212e-06,6.381188e-06,3.6414818e-05
2.7749354104808543,32.11662129333282,20.237616164732195,2.868399e-05,-3.3681426e-05,7.731212e-06,6.381188e-06,3.6414818e-05
2.907904985925269,30.82303011606833,19.00264797748043,2.868399e-05,-3.3681426e-05,7.731212e-06,6.381188e-06,3.6414818e-05
3.070905410095245,31.363732695793008,19.649329425828096,2.3594615e-05,-3.340727e-05,5.1894126e-06,3.170726e-06,2.8783013e-05
3.1249519916708444,32.06642964562526,20.442005938379673,2.3594615e-05,-3.340727e-05,5.1894126e-06,3.170726e-06,2.8783013e-05
3.113782439362974,31.762794123317782,20.28149230709906,2.3594615e-05,-3.340727e-05,5.1894126e-06,3.170726e-06,2.8783013e-05
3.2038857825936065,31.833652103497474,20.386863070219412,2.3594615e-05,-3.340727e-05,5.1894126e-06,3.170726e-06,2.8783013e-05
3.5329510662090775,31.913739636756258,20.509111556703814,2.8334169e-05,-3.30161e-05,9.562896e-06,4.675791e-06,3.7895858e-05
3.8558481471484214,31.563685651486526,20.187006902402345,2.8334169e-05,-3.30161e-05,9.562896e-06,4.675791e-06,3.7895858e-05
3.8912759804110597,31.688167585701617,20.41264990552578,2.8334169e-05,-3.30161e-05,9.562896e-06,4.675791e-06,3.7895858e-05
3.883602359927506,31.793459298962713,20.590492808390852,2.8334169e-05,-3.30161e-05,9.562896e-06,4.675791e-06,3.7895858e-05
7.884404041183049,30.130719546523732,20.115364207766167,0.000108016946,-3.3570992e-05,4.443885e-05,9.517103e-05,0.0001524542
7.542118536227973,30.60535186827594,20.52677399452435,0.000108016946,-3.3570992e-05,4.443885e-05,9.517103e-05,0.0001524542
6.197709867736089,30.925114718698183,20.784865615239273,4.5339457e-05,-3.1335294e-05,4.611032e-05,4.9762803e-05,9.1446476e-05
4.59583272278564,30.08649057185825,19.9042717772722,4.5339457e-05,-3.1335294e-05,4.611032e-05,4.9762803e-05,9.1446476e-05
4.117740716461651,28.46519916708441,18.22346238383527,4.5339457e-05,-3.1335294e-05,4.611032e-05,4.9762803e-05,9.1446476e-05
4.040025450198589,26.781199244206224,16.536941734469597,4.5339457e-05,-3.1335294e-05,4.611032e-05,4.9762803e-05,9.1446476e-05
3.943416110746925,26.150851424825515,15.908915667296494,2.3732868e-05,-2.8912482e-05,2.2692295e-05,1.1951017e-05,4.642129e-05
3.8686696487101377,26.962537693286546,16.725834265221916,2.3732868e-05,-2.8912482e-05,2.2692295e-05,1.1951017e-05,4.642129e-05
0.8912027146878495,32.54430493965218,19.098497667065132,1.531922e-05,-8.497387e-06,5.3579433e-06,3.2155403e-06,2.067729e-05
0.970099872749007,32.68913854933868,19.12514942351444,1.531922e-05,-8.497387e-06,5.3579433e-06,3.2155403e-06,2.067729e-05
1.0577954729495238,32.94547680561447,19.21100528284425,1.531922e-05,-8.497387e-06,5.3579433e-06,3.2155403e-06,2.067729e-05
1.126251108626075,33.20277715651872,19.460434581421357,1.531922e-05,-8.497387e-06,5.3579433e-06,3.2155403e-06,2.067729e-05
1.1899290479312075,33.09454787336598,19.314737978637257,7.0351252e-06,-2.0272522e-05,3.7797215e-06,8.152633e-07,1.08159265e-05
1.2681251687039679,32.807350865692364,18.981045771796552,7.0351252e-06,-2.0272522e-05,3.7797215e-06,8.152633e-07,1.08159265e-05
1.392054525122431,32.9160521343462,19.050951683183587,7.0351252e-06,-2.0272522e-05,3.7797215e-06,8.152633e-07,1.08159265e-05
1.464346971040759,29.935506497512822,16.09189411174951,7.0351252e-06,-2.0272522e-05,3.7797215e-06,8.152633e-07,1.08159265e-05
1.5755921027262563,32.484286044807774,18.65337022326765,5.5694477e-06,-2.0240748e-05,6.1105234e-06,2.1212018e-06,1.1679717e-05
1.7269941773030502,32.14057108703197,18.30456715381946,5.5694477e-06,-2.0240748e-05,6.1105234e-06,2.1212018e-06,1.1679717e-05
1.6793737708710907,29.369691127135308,15.582426252265453,5.5694477e-06,-2.0240748e-05,6.1105234e-06,2.1212018e-06,1.1679717e-05
1.6166359464774611,31.284982454787336,17.53640997956272,5.5694477e-06,-2.0240748e-05,6.1105234e-06,2.1212018e-06,1.1679717e-05
1.7113218678903328,31.882054910731497,18.191085875139784,9.87317e-06,-2.2884029e-05,2.674211e-06,1.0135647e-06,1.2546936e-05
1.8814980912351058,32.30589750510932,18.65381945783365,9.87317e-06,-2.2884029e-05,2.674211e-06,1.0135647e-06,1.2546936e-05
1.9044510854895307,32.68513245671539,19.08685844291058,9.87317e-06,-2.2884029e-05,2.674211e-06,1.0135647e-06,1.2546936e-05
1.9999271198858597,32.76317780434196,19.181922646820652,9.87317e-06,-2.2884029e-05,2.674211e-06,1.0135647e-06,1.2546936e-05
2.1779250375968844,32.175152508386994,18.62426406509081,1.984441e-05,-2.4932991e-05,3.0320293e-06,2.2386018e-06,2.2878408e-05
2.152032931014537,31.58779817221301,18.084677438013344,1.984441e-05,-2.4932991e-05,3.0320293e-06,2.2386018e-06,2.2878408e-05
2.1042366868468747,32.01655381174565,18.52877414876798,1.984441e-05,-2.4932991e-05,3.0320293e-06,2.2386018e-06,2.2878408e-05
2.1079288936875793,32.72010488566691,19.224228589056413,1.984441e-05,-2.4932991e-05,3.0320293e-06,2.2386018e-06,2.2878408e-05
2.168722091543593,32.694884510083675,19.18388385454826,1.6089065e-05,-2.5506039e-05,4.0665727e-06,1.5176333e-06,2.0154368e-05
2.2199248062314423,32.517161917248295,18.998706667180812,1.6089065e-05,-2.5506039e-05,4.0665727e-06,1.5176333e-06,2.0154368e-05
2.2911587552539237,32.77089731230479,19.10346739675317,1.6089065e-05,-2.5506039e-05,4.0665727e-06,1.5176333e-06,2.0154368e-05
2.382562757876065,32.41202521883315,18.58751590637412,1.6089065e-05,-2.5506039e-05,4.0665727e-06,1.5176333e-06,2.0154368e-05
2.45736012031003,32.138841630355145,18.116656383758144,1.27548865e-05,-3.0707164e-05,4.9045925e-06,2.348861e-06,1.765694e-05
2.479333281918791,33.067374773454674,18.896879265800333,1.27548865e-05,-3.0707164e-05,4.9045925e-06,2.348861e-06,1.765694e-05
2.457100605406239,32.584113677553695,18.28518142906721,1.27548865e-05,-3.0707164e-05,4.9045925e-06,2.348861e-06,1.765694e-05
2.435062661473798,32.513851077777346,18.250156171673158,1.27548865e-05,-3.0707164e-05,4.9045925e-06,2.348861e-06,1.765694e-05
2.424259823391046,32.5778463733467,18.346164732194502,2.0106e-05,-2.7548946e-05,7.396562e-06,2.8350928e-06,2.7504339e-05
2.37960205144025,32.81970308101646,18.599822234218948,2.0106e-05,-2.7548946e-05,7.396562e-06,2.8350928e-06,2.7504339e-05
2.319574287587244,32.72396830293449,18.619680715690432,2.0106e-05,-2.7548946e-05,7.396562e-06,2.8350928e-06,2.7504339e-05
2.3460926232985,32.54495237727991,18.53186750472371,2.0106e-05,-2.7548946e-05,7.396562e-06,2.8350928e-06,2.7504339e-05
2.4830200902325226,32.94488990861065,19.049265414722555,2.366114e-05,-2.8574905e-05,9.132396e-06,5.5175237e-06,3.2792967e-05
2.5623954035398917,32.881260941657345,19.055585161763005,2.366114e-05,-2.8574905e-05,9.132396e-06,5.5175237e-06,3.2792967e-05
2.5438075039524928,32.48577680947056,18.814007635059575,2.366114e-05,-2.8574905e-05,9.132396e-06,5.5175237e-06,3.2792967e-05
2.612126634018432,32.6401708248178,19.030582269694985,2.366114e-05,-2.8574905e-05,9.132396e-06,5.5175237e-06,3.2792967e-05
2.5985844291057725,32.73369760536768,19.210115297111788,2.4784742e-05,-2.8540759e-05,7.642408e-06,5.803423e-06,3.242772e-05
2.4223888481857094,32.83784213164694,19.380691397061657,2.4784742e-05,-2.8540759e-05,7.642408e-06,5.803423e-06,3.242772e-05
2.4103755832337175,32.665826938649595,19.301536266532988,2.4784742e-05,-2.8540759e-05,7.642408e-06,5.803423e-06,3.242772e-05
2.441175336443913,32.54257394053908,19.212210696795587,2.4784742e-05,-2.8540759e-05,7.642408e-06,5.803423e-06,3.242772e-05
2.4681224694404813,32.23346007018085,18.94614892222265,2.49275e-05,-3.0935968e-05,1.2801732e-05,9.342695e-06,3.772904e-05
2.5768542012108124,32.28269926348668,19.03392280106428,2.49275e-05,-3.0935968e-05,1.2801732e-05,9.342695e-06,3.772904e-05
2.412539235722824,32.57369066440443,19.390680600007713,2.49275e-05,-3.0935968e-05,1.2801732e-05,9.342695e-06,3.772904e-05
2.325431303744264,32.44554737207419,19.291371997069373,2.49275e-05,-3.0935968e-05,1.2801732e-05,9.342695e-06,3.772904e-05
2.4394936952917132,32.24831026105734,19.1499367601126,2.4365034e-05,-3.0473633e-05,1.525936e-05,1.17301815e-05,3.9623315e-05
2.4909821463000807,32.51199822619828,19.46974781166853,2.4365034e-05,-3.0473633e-05,1.525936e-05,1.17301815e-05,3.9623315e-05
2.601861720587668,32.305903674854434,19.34786218331855,2.4365034e-05,-3.0473633e-05,1.525936e-05,1.17301815e-05,3.9623315e-05
2.5504357382485634,32.346996105348396,19.416492885512667,2.4365034e-05,-3.0473633e-05,1.525936e-05,1.17301815e-05,3.9623315e-05
2.553682181004897,32.15362048355377,19.281173022789496,2.4956193e-05,-3.1415017e-05,1.0144152e-05,8.629407e-06,3.5097422e-05
2.670557590714534,32.070310415300966,19.255024871784983,2.4956193e-05,-3.1415017e-05,1.0144152e-05,8.629407e-06,3.5097422e-05
2.722357228242008,31.98661936528747,19.302977673234874,2.4956193e-05,-3.1415017e-05,1.0144152e-05,8.629407e-06,3.5097422e-05
2.7313662129333283,31.932369567732234,19.312588208074654,2.4956193e-05,-3.1415017e-05,1.0144152e-05,8.629407e-06,3.5097422e-05
2.725741719045232,31.83734893764701,19.320557590714536,2.7427659e-05,-3.5006025e-05,6.9870102e-06,6.9384823e-06,3.4415938e-05
2.6507600354760346,31.789384182315967,19.371975860872247,2.7427659e-05,-3.5006025e-05,6.9870102e-06,6.9384823e-06,3.4415938e-05
2.6465075386573096,31.83927659738557,19.584790035861644,2.7427659e-05,-3.5006025e-05,6.9870102e-06,6.9384823e-06,3.4415938e-05
2.705562410827903,31.87806385686191,19.68427139166313,2.7427659e-05,-3.5006025e-05,6.9870102e-06,6.9384823e-06,3.4415938e-05
2.767524004164578,31.848223499016697,19.75035591717117,2.7953118e-05,-3.426373e-05,6.712029e-06,6.1755554e-06,3.466553e-05
2.801110939729303,31.831733312767515,19.82719662206455,2.7953118e-05,-3.426373e-05,6.712029e-06,6.1755554e-06,3.466553e-05
2.7723032429722747,31.80559711564416,19.961545135541588,2.7953118e-05,-3.426373e-05,6.712029e-06,6.1755554e-06,3.466553e-05
2.8207596498669645,31.92967377472718,20.14022249643312,2.7953118e-05,-3.426373e-05,6.712029e-06,6.1755554e-06,3.466553e-05
2.990704507770023,31.88875602514171,20.204920757336215,2.0535419e-05,-3.2989705e-05,5.6534277e-06,2.6832247e-06,2.6190497e-05
3.1064882582038327,29.38566035553156,17.796868083137316,2.0535419e-05,-3.2989705e-05,5.6534277e-06,2.6832247e-06,2.6190497e-05
3.162831141788455,31.75340261442949,20.316442370724562,2.0535419e-05,-3.2989705e-05,5.6534277e-06,2.6832247e-06,2.6190497e-05
3.5024578722091544,31.774884124474607,20.393601203100296,2.0535419e-05,-3.2989705e-05,5.6534277e-06,2.6832247e-06,2.6190497e-05
3.7693213280376354,31.709839972236146,20.426779778660396,2.8133392e-05,-3.2470896e-05,8.317038e-06,2.9669022e-06,3.6448717e-05
3.911568272085759,31.437362433964445,20.247640458103575,2.8133392e-05,-3.2470896e-05,8.317038e-06,2.9669022e-06,3.6448717e-05
4.009093818686615,31.009353333590408,19.931742952994256,2.8133392e-05,-3.2470896e-05,8.317038e-06,2.9669022e-06,3.6448717e-05
4.0038483785138625,31.423140785871286,20.380499363745034,2.8133392e-05,-3.2470896e-05,8.317038e-06,2.9669022e-06,3.6448717e-05
4.079062969961053,31.261743338603324,20.278873250298847,3.6751626e-05,-3.7461425e-05,1.0573128e-05,7.732449e-06,4.7321897e-05
7.912058381213126,30.75566151235877,20.873552616357536,9.69833e-05,-3.1506934e-05,0.00010133983,0.00014192384,0.00019832312
7.102394632321752,28.160820961709017,18.20913083715729,9.69833e-05,-3.1506934e-05,0.00010133983,0.00014192384,0.00019832312
6.607970153858019,29.348825049165153,19.323854548258975,9.69833e-05,-3.1506934e-05,0.00010133983,0.00014192384,0.00019832312
5.540097944703659,26.91406277715652,16.8340022365326,3.802897e-05,-3.1761425e-05,5.4051576e-05,5.392094e-05,9.20782e-05
4.381442949138164,23.83204758415918,13.729184436817954,3.802897e-05,-3.1761425e-05,5.4051576e-05,5.392094e-05,9.20782e-05
4.003166621678941,22.770156942891298,12.596110361315699,3.802897e-05,-3.1761425e-05,5.4051576e-05,5.392094e-05,9.20782e-05
4.026730035090425,18.70181776115374,8.47378475301739,3.802897e-05,-3.1761425e-05,5.4051576e-05,5.392094e-05,9.20782e-05
4.049153588092392,26.47506883121891,16.17447576446998,2.7340124e-05,-2.8330202e-05,2.6732652e-05,1.7950679e-05,5.407125e-05
4.050070180850653,23.96756487872595,13.610210156942891,2.7340124e-05,-2.8330202e-05,2.6732652e-05,1.7950679e-05,5.407125e-05
0.8070955924883353,32.49945359194848,18.934949292407357,4.3232726e-06,-7.4736136e-06,2.0410307e-06,2.1480524e-07,6.363161e-06
0.803450044345043,32.43096248023754,18.768021054255197,1.2809349e-05,-8.526563e-06,3.4692569e-06,1.1380107e-06,1.627759e-05
0.826071414799676,32.78915782979215,18.923253383719583,1.2809349e-05,-8.526563e-06,3.4692569e-06,1.1380107e-06,1.627759e-05
0.8813068291366213,32.93610881887942,19.06449157444183,1.2809349e-05,-8.526563e-06,3.4692569e-06,1.1380107e-06,1.627759e-05
0.9535290942042957,33.11434350055914,19.269075695060348,1.2809349e-05,-8.526563e-06,3.4692569e-06,1.1380107e-06,1.627759e-05
1.0525916785562797,32.971857478887905,19.10806694173447,6.5926292e-06,-1.7886869e-05,3.605478e-06,6.732659e-07,1.0196774e-05
1.1453113793236418,32.78231326880808,18.850482782555044,6.5926292e-06,-1.7886869e-05,3.605478e-06,6.732659e-07,1.0196774e-05
1.1993016619750898,32.691595650329695,18.762218408976977,6.5926292e-06,-1.7886869e-05,3.605478e-06,6.732659e-07,1.0196774e-05
1.2818486098793043,32.64182894381676,18.75666910885744,6.5926292e-06,-1.7886869e-05,3.605478e-06,6.732659e-07,1.0196774e-05
1.4150059769405776,32.43323410326611,18.575232329464388,6.9892317e-06,-1.6024309e-05,3.5975434e-06,3.7955908e-07,1.0587283e-05
1.5704056607411407,32.06707515520765,18.21359002043728,6.9892317e-06,-1.6024309e-05,3.5975434e-06,3.7955908e-07,1.0587283e-05
1.6110415300967877,31.763028573632052,17.909486368719392,6.9892317e-06,-1.6024309e-05,3.5975434e-06,3.7955908e-07,1.0587283e-05
1.56671808120927,30.25126903944781,16.464128330698337,6.9892317e-06,-1.6024309e-05,3.5975434e-06,3.7955908e-07,1.0587283e-05
1.5966610110669803,31.57698646512166,17.879324798519264,1.2651673e-05,-2.3528239e-05,2.2352694e-06,1.0496829e-06,1.4887196e-05
1.7124397485828866,32.29467126826823,18.66857864496973,1.2651673e-05,-2.3528239e-05,2.2352694e-06,1.0496829e-06,1.4887196e-05
1.8110881887942003,32.61374812015578,19.004434118690472,1.2651673e-05,-2.3528239e-05,2.2352694e-06,1.0496829e-06,1.4887196e-05
1.8922033702232677,32.62494736436201,19.050588439440094,1.2651673e-05,-2.3528239e-05,2.2352694e-06,1.0496829e-06,1.4887196e-05
1.9661230864149926,32.55352870859523,19.0332152084217,1.9243096e-05,-2.646808e-05,2.9178982e-06,2.0318264e-06,2.2159724e-05
2.005217676319747,32.246735048008325,18.779044846334784,1.9243096e-05,-2.646808e-05,2.9178982e-06,2.0318264e-06,2.2159724e-05
1.9871842825743262,32.875167161531635,19.420144217792,1.9243096e-05,-2.646808e-05,2.9178982e-06,2.0318264e-06,2.2159724e-05
1.995609069525315,32.8597520533683,19.369177881463774,1.9243096e-05,-2.646808e-05,2.9178982e-06,2.0318264e-06,2.2159724e-05
2.0309890872633325,32.79220953996838,19.243148883661743,1.5231812e-05,-2.6533875e-05,4.1036433e-06,1.3827453e-06,1.9333995e-05
2.108751397832877,32.51569583156596,18.897461921104384,1.5231812e-05,-2.6533875e-05,4.1036433e-06,1.3827453e-06,1.9333995e-05
2.2993517911541277,32.7316322831913,19.075552770601163,1.5231812e-05,-2.6533875e-05,4.1036433e-06,1.3827453e-06,1.9333995e-05
2.457620406431959,32.34086646357922,18.49572629468245,1.5231812e-05,-2.6533875e-05,4.1036433e-06,1.3827453e-06,1.9333995e-05
2.468889445879767,31.97842517256006,17.839517603054023,1.19304505e-05,-2.6787837e-05,5.072171e-06,1.306224e-06,1.7003511e-05
2.433221763775884,32.74966876180928,18.348730574943122,1.19304505e-05,-2.6787837e-05,5.072171e-06,1.306224e-06,1.7003511e-05
2.3882759418501522,32.542998110515555,18.120293062892838,1.19304505e-05,-2.6787837e-05,5.072171e-06,1.306224e-06,1.7003511e-05
2.3025909073381405,32.84880538310261,18.496591215825394,1.19304505e-05,-2.6787837e-05,5.072171e-06,1.306224e-06,1.7003511e-05
2.318533528708595,32.82031427139166,18.544631936143137,1.8356834e-05,-3.0385812e-05,5.9930917e-06,2.5125357e-06,2.435018e-05
2.3320873018933406,32.47329001658119,18.229412717387113,1.8356834e-05,-3.0385812e-05,5.9930917e-06,2.5125357e-06,2.435018e-05
2.2227150734585277,32.83995295569352,18.62048779547295,1.8356834e-05,-3.0385812e-05,5.9930917e-06,2.5125357e-06,2.435018e-05
2.1959873520225197,32.80148845100837,18.751848609879303,1.8356834e-05,-3.0385812e-05,5.9930917e-06,2.5125357e-06,2.435018e-05
2.3165615239270427,32.830616974511244,18.947975552384992,1.9761574e-05,-2.667292e-05,7.4081145e-06,3.6848555e-06,2.7169435e-05
2.3282539621331892,32.55464620367871,18.78249489067983,1.9761574e-05,-2.667292e-05,7.4081145e-06,3.6848555e-06,2.7169435e-05
2.2242000539852698,32.52244167662823,18.77001850923534,1.9761574e-05,-2.667292e-05,7.4081145e-06,3.6848555e-06,2.7169435e-05
2.247906528361547,32.6668480314657,19.039226468206532,1.9761574e-05,-2.667292e-05,7.4081145e-06,3.6848555e-06,2.7169435e-05
2.376768595997378,32.58410056684533,19.102012879342922,2.7918588e-05,-2.9952322e-05,8.069352e-06,8.555742e-06,3.5991303e-05
2.330099101530868,32.367104075887866,18.99728569775961,2.7918588e-05,-2.9952322e-05,8.069352e-06,8.555742e-06,3.5991303e-05
2.2978679674545948,32.39199629815293,19.047106775151352,2.7918588e-05,-2.9952322e-05,8.069352e-06,8.555742e-06,3.5991303e-05
2.2851675471407087,32.57245825781823,19.27618979678402,2.7918588e-05,-2.9952322e-05,8.069352e-06,8.555742e-06,3.5991303e-05
2.2838283268422472,32.55034781938071,19.31015385801874,2.2262177e-05,-3.06781e-05,9.036229e-06,6.2723893e-06,3.1299613e-05
2.3633918173755446,32.36647244823198,19.185381945783366,2.2262177e-05,-3.06781e-05,9.036229e-06,6.2723893e-06,3.1299613e-05
2.3641888713222534,32.35901901052713,19.193575367292638,2.2262177e-05,-3.06781e-05,9.036229e-06,6.2723893e-06,3.1299613e-05
2.3269648710137663,32.412836925924495,19.299037519762464,2.2262177e-05,-3.06781e-05,9.036229e-06,6.2723893e-06,3.1299613e-05
2.3385277445725525,32.29509890872634,19.27366212933328,2.299965e-05,-3.198103e-05,1.4207551e-05,9.686833e-06,3.7205868e-05
2.414691319939845,32.059248062314424,19.14159912081132,2.299965e-05,-3.198103e-05,1.4207551e-05,9.686833e-06,3.7205868e-05
2.5963309297034662,32.067356649828405,19.17020321597964,2.299965e-05,-3.198103e-05,1.4207551e-05,9.686833e-06,3.7205868e-05
2.6111336906644045,32.13633131531254,19.27482666872325,2.299965e-05,-3.198103e-05,1.4207551e-05,9.686833e-06,3.7205868e-05
2.557033895037211,32.03753904291829,19.252270466201367,1.9854377e-05,-3.252152e-05,7.5947364e-06,5.592109e-06,2.7446193e-05
2.569942544248641,31.816941734469594,19.145187598812324,1.9854377e-05,-3.252152e-05,7.5947364e-06,5.592109e-06,2.7446193e-05
2.548254347742259,31.832270080592295,19.1844375891721,1.9854377e-05,-3.252152e-05,7.5947364e-06,5.592109e-06,2.7446193e-05
2.620065939150889,31.82341996683762,19.25349901669687,1.9854377e-05,-3.252152e-05,7.5947364e-06,5.592109e-06,2.7446193e-05
2.6650399105386957,31.693161994370108,19.251043843751205,2.1002925e-05,-3.4612778e-05,8.271779e-06,5.471694e-06,2.927572e-05
2.631697065514981,31.496071800408746,19.191076234913044,2.1002925e-05,-3.4612778e-05,8.271779e-06,5.471694e-06,2.927572e-05
2.607474646203679,31.528146762811865,19.2606566922454,2.1002925e-05,-3.4612778e-05,8.271779e-06,5.471694e-06,2.927572e-05
2.647922723942467,31.661500019280457,19.50555662669186,2.1002925e-05,-3.4612778e-05,8.271779e-06,5.471694e-06,2.927572e-05
2.7694057764238615,31.65287124513169,19.62262406971812,2.6767437e-05,-3.4253248e-05,6.4015007e-06,5.853284e-06,3.3169636e-05
2.88621486137354,31.454801218524658,19.5401935757529,2.6767437e-05,-3.4253248e-05,6.4015007e-06,5.853284e-06,3.3169636e-05
2.9100832915590176,31.48502679983033,19.59333976015116,2.6767437e-05,-3.4253248e-05,6.4015007e-06,5.853284e-06,3.3169636e-05
2.92838314117148,31.65474414838237,19.87692091157984,2.6767437e-05,-3.4253248e-05,6.4015007e-06,5.853284e-06,3.3169636e-05
3.0379076851887556,31.619688813480895,19.99510122238075,2.2178323e-05,-3.4754015e-05,6.006295e-06,3.307423e-06,2.8184173e-05
3.19245324490032,31.40073882697721,19.91411097829021,2.2178323e-05,-3.4754015e-05,6.006295e-06,3.307423e-06,2.8184173e-05
3.272696178614121,31.404539004357385,19.94815717425674,2.2178323e-05,-3.4754015e-05,6.006295e-06,3.307423e-06,2.8184173e-05
3.6605001349631743,31.510526356379902,20.164775382717,2.2178323e-05,-3.4754015e-05,6.006295e-06,3.307423e-06,2.8184173e-05
3.8848856669108858,31.40660548336097,20.233854933868045,3.418882e-05,-3.42643e-05,8.995224e-06,3.8226635e-06,4.31789e-05
3.760229823005437,31.150851810434585,20.152388076967572,3.418882e-05,-3.42643e-05,8.995224e-06,3.8226635e-06,4.31789e-05
3.892707746886207,31.12946438900243,20.161950410673658,3.418882e-05,-3.42643e-05,8.995224e-06,3.8226635e-06,4.31789e-05
4.054638877106389,31.204929240735744,20.25764508541241,3.418882e-05,-3.42643e-05,8.995224e-06,3.8226635e-06,4.31789e-05
4.152086145066132,31.058541626499057,20.197365133227933,4.1559037e-05,-3.585998e-05,1.3249306e-05,1.5766444e-05,5.4805423e-05
4.2314899934446455,30.733507500096405,20.018529287008832,4.1559037e-05,-3.585998e-05,1.3249306e-05,1.5766444e-05,5.4805423e-05
4.72814830524814,30.72061697451124,20.012629468245095,4.1559037e-05,-3.585998e-05,1.3249306e-05,1.5766444e-05,5.4805423e-05
9.020497435699687,30.627693286546098,20.86345274360853,6.1463434e-05,-3.3988763e-05,1.7086475e-05,3.5129036e-05,7.8554476e-05
11.872335634134116,30.20886862299001,20.44666178228512,6.1463434e-05,-3.3988763e-05,1.7086475e-05,3.5129036e-05,7.8554476e-05
13.931426753557243,28.8310210928161,19.09286623221378,6.1463434e-05,-3.3988763e-05,1.7086475e-05,3.5129036e-05,7.8554476e-05
15.599255388886746,30.256950603478195,20.49012493733853,6.313249e-05,-3.2409152e-05,5.4998774e-05,8.10409e-05,0.0001181331
14.252893996066787,27.260080592295534,17.465361894111748,6.313249e-05,-3.2409152e-05,5.4998774e-05,8.10409e-05,0.0001181331
11.66196583503644,26.788423630123777,16.986076427717578,6.313249e-05,-3.2409152e-05,5.4998774e-05,8.10409e-05,0.0001181331
10.000724173832568,26.978413604287972,17.142247329657195,6.313249e-05,-3.2409152e-05,5.4998774e-05,8.10409e-05,0.0001181331
7.995096209462846,25.95904947364362,16.107445339914396,6.2862906e-05,-2.923589e-05,0.0001296156,0.00014587412,0.0001924749
6.382142443990283,26.753540276867316,16.879152045656113,6.2862906e-05,-2.923589e-05,0.0001296156,0.00014587412,0.0001924749
5.2443600817491225,28.68331546677978,18.79331430995257,6.2862906e-05,-2.923589e-05,0.0001296156,0.00014587412,0.0001924749
4.81051170323526,28.943790537153433,18.971978945744805,6.2862906e-05,-2.923589e-05,0.0001296156,0.00014587412,0.0001924749
4.323967531716346,29.536364863301586,19.498589056414605,4.349184e-05,-3.2509994e-05,4.656494e-05,5.6651836e-05,9.005379e-05
4.000289592411213,25.617866425018317,15.54256622835769,4.349184e-05,-3.2509994e-05,4.656494e-05,5.6651836e-05,9.005379e-05
4.016079512590136,25.043388732502986,14.946651756449313,4.349184e-05,-3.2509994e-05,4.656494e-05,5.6651836e-05,9.005379e-05
4.113344387459993,16.637033509428143,6.435555469864652,4.349184e-05,-3.2509994e-05,4.656494e-05,5.6651836e-05,9.005379e-05
4.190637797400995,25.204691319939844,14.85458990475456,4.2399788e-05,-3.032487e-05,2.8204613e-05,3.766658e-05,7.060084e-05
4.248344194655458,31.152573169320945,20.684092083445805,4.2399788e-05,-3.032487e-05,2.8204613e-05,3.766658e-05,7.060084e-05
0.7940288435584004,32.55689160529056,18.75066517564493,3.4907755e-06,-7.1934355e-06,1.085198e-06,1.9176319e-07,4.576164e-06
0.7870338950372113,32.092556973740024,18.200278795357267,1.0082897e-05,-8.560277e-06,2.843059e-06,8.1202603e-07,1.29262735e-05
0.7758157559865808,32.732949909381865,18.82201365056106,1.0082897e-05,-8.560277e-06,2.843059e-06,8.1202603e-07,1.29262735e-05
0.7676219488682374,32.77879612848494,18.86172290132264,1.0082897e-05,-8.560277e-06,2.843059e-06,8.1202603e-07,1.29262735e-05
0.7965198781475341,33.13431303744264,19.182879342922146,1.0082897e-05,-8.560277e-06,2.843059e-06,8.1202603e-07,1.29262735e-05
0.8980071723286932,33.23299541125208,19.27274553657502,7.385517e-06,-1.0207841e-05,3.6551803e-06,6.5022385e-07,1.1039745e-05
1.0046716538772993,32.57043496703042,18.6227875679636,7.385517e-06,-1.0207841e-05,3.6551803e-06,6.5022385e-07,1.1039745e-05
1.0970975205336828,32.85953225619867,18.91419157058574,7.385517e-06,-1.0207841e-05,3.6551803e-06,6.5022385e-07,1.1039745e-05
1.1696035938765281,32.60602668414761,18.636747001889486,7.385517e-06,-1.0207841e-05,3.6551803e-06,6.5022385e-07,1.1039745e-05
1.251708248177997,32.390948983920104,18.444682450931246,9.389033e-06,-1.6568902e-05,3.0061308e-06,1.5342641e-06,1.2393957e-05
1.3713642848879803,32.27895152893996,18.393670227123742,9.389033e-06,-1.6568902e-05,3.0061308e-06,1.5342641e-06,1.2393957e-05
1.4757151120194347,32.146549955654955,18.265398141364287,9.389033e-06,-1.6568902e-05,3.0061308e-06,1.5342641e-06,1.2393957e-05
1.4833810203215978,30.29649057185825,16.41269733544133,9.389033e-06,-1.6568902e-05,3.0061308e-06,1.5342641e-06,1.2393957e-05
1.4454895307137623,31.522734739521074,17.730377125669996,1.0796375e-05,-2.0943875e-05,2.2545028e-06,9.853492e-07,1.30519575e-05
1.4826055604827826,32.2878907183897,18.640655149809124,1.0796375e-05,-2.0943875e-05,2.2545028e-06,9.853492e-07,1.30519575e-05
1.6396305865113947,32.641588323757375,19.011281378938033,1.0796375e-05,-2.0943875e-05,2.2545028e-06,9.853492e-07,1.30519575e-05
1.6958759110014268,32.72760151158755,19.08937415648016,1.0796375e-05,-2.0943875e-05,2.2545028e-06,9.853492e-07,1.30519575e-05
1.7003948636871937,32.642862376123084,19.05933520996414,1.835601e-05,-2.7236685e-05,3.1653303e-06,2.6761152e-06,2.1519372e-05
1.8078965025257394,32.16521729071068,18.68496355994293,1.835601e-05,-2.7236685e-05,3.1653303e-06,2.6761152e-06,2.1519372e-05
1.8473724598002546,32.56033316623607,19.0888535842363,1.835601e-05,-2.7236685e-05,3.1653303e-06,2.6761152e-06,2.1519372e-05
1.8556487872594765,32.68197778891759,19.133244129101914,1.835601e-05,-2.7236685e-05,3.1653303e-06,2.6761152e-06,2.1519372e-05
1.9046793660586898,32.582308641499246,18.966763197470407,1.4214597e-05,-3.1641513e-05,4.0734285e-06,1.988472e-06,1.8287772e-05
2.045715497628504,32.59805845833494,18.94607064358154,1.4214597e-05,-3.1641513e-05,4.0734285e-06,1.988472e-06,1.8287772e-05
2.327586472833841,32.58798210773917,18.895310608105504,1.4214597e-05,-3.1641513e-05,4.0734285e-06,1.988472e-06,1.8287772e-05
2.5302124705973084,32.28014845949176,18.360353989125823,1.4214597e-05,-3.1641513e-05,4.0734285e-06,1.988472e-06,1.8287772e-05
2.4679581999768634,31.887059730844868,17.680046658697414,1.3463604e-05,-2.6600706e-05,5.5622113e-06,1.4635511e-06,1.9024863e-05
2.356425018316431,32.719749739713876,18.295042609802184,1.3463604e-05,-2.6600706e-05,5.5622113e-06,1.4635511e-06,1.9024863e-05
2.3312617128754867,32.64765009833031,18.203197856013574,1.3463604e-05,-2.6600706e-05,5.5622113e-06,1.4635511e-06,1.9024863e-05
2.2760343963290017,32.97794393244129,18.610085990822505,1.3463604e-05,-2.6600706e-05,5.5622113e-06,1.4635511e-06,1.9024863e-05
2.308818108201905,33.07281957351637,18.789462846566153,1.6268323e-05,-3.1407802e-05,5.6131835e-06,2.0240507e-06,2.1879157e-05
2.369580071723287,32.52337947788532,18.28623105695446,1.6268323e-05,-3.1407802e-05,5.6131835e-06,2.0240507e-06,2.1879157e-05
2.256077198935719,32.81112289361046,18.603483977943164,1.6268323e-05,-3.1407802e-05,5.6131835e-06,2.0240507e-06,2.1879157e-05
2.2022002853507114,32.80022982300544,18.78868507307292,1.6268323e-05,-3.1407802e-05,5.6131835e-06,2.0240507e-06,2.1879157e-05
2.2573570354374737,32.58896078355763,18.749555778351905,1.8208933e-05,-2.8566637e-05,8.066495e-06,4.7665626e-06,2.627492e-05
2.2282134731808894,32.67080515173717,18.9167581845525,1.8208933e-05,-2.8566637e-05,8.066495e-06,4.7665626e-06,2.627492e-05
2.0691019164770754,32.5993255697374,18.870021979716963,1.8208933e-05,-2.8566637e-05,8.066495e-06,4.7665626e-06,2.627492e-05
2.0952454401727527,32.52006439671461,18.96789534569853,1.8208933e-05,-2.8566637e-05,8.066495e-06,4.7665626e-06,2.627492e-05
2.2101438321829328,32.4574326148151,19.056471291404772,2.5688078e-05,-2.8177232e-05,9.531284e-06,9.894435e-06,3.521968e-05
2.2492715844676665,32.36379207958971,19.037471175722054,2.5688078e-05,-2.8177232e-05,9.531284e-06,9.894435e-06,3.521968e-05
2.209116569621717,32.354596845717815,19.05040026221417,2.5688078e-05,-2.8177232e-05,9.531284e-06,9.894435e-06,3.521968e-05
2.15594647746115,32.30397871437936,19.109810280337793,2.5688078e-05,-2.8177232e-05,9.531284e-06,9.894435e-06,3.521968e-05
2.2302814946207534,32.237975552384995,19.09552346431188,2.2635419e-05,-3.2237866e-05,8.611252e-06,6.9020466e-06,3.124705e-05
2.35309489839201,32.24406354837466,19.09439440095631,2.2635419e-05,-3.2237866e-05,8.611252e-06,6.9020466e-06,3.124705e-05
2.4126017043920873,32.23396290440751,19.09885936837234,2.2635419e-05,-3.2237866e-05,8.611252e-06,6.9020466e-06,3.124705e-05
2.3967832491420196,32.150957852928705,19.115745960745,2.2635419e-05,-3.2237866e-05,8.611252e-06,6.9020466e-06,3.124705e-05
2.3224802375351867,32.078808467975165,19.133491304515484,2.5596419e-05,-3.294122e-05,1.2800208e-05,1.059417e-05,3.8394912e-05
2.3992692708132495,32.027033895037206,19.131772259283537,2.5596419e-05,-3.294122e-05,1.2800208e-05,1.059417e-05,3.8394912e-05
2.5909921721358886,32.01593220992558,19.143148112443605,2.5596419e-05,-3.294122e-05,1.2800208e-05,1.059417e-05,3.8394912e-05
2.6482709289322486,31.98627038907955,19.21072224578722,2.5596419e-05,-3.294122e-05,1.2800208e-05,1.059417e-05,3.8394912e-05
2.5664068946901635,31.844162264296457,19.150515173716887,2.1625632e-05,-3.362009e-05,7.96068e-06,6.2320814e-06,2.9584724e-05
2.4599710793197858,31.78344580264528,19.15208961554776,2.1625632e-05,-3.362009e-05,7.96068e-06,6.2320814e-06,2.9584724e-05
2.4295349554621524,31.784967030424557,19.180691011452588,2.1625632e-05,-3.362009e-05,7.96068e-06,6.2320814e-06,2.9584724e-05
2.496361392819959,31.679019396136198,19.21594686307022,2.1625632e-05,-3.362009e-05,7.96068e-06,6.2320814e-06,2.9584724e-05
2.610871476497127,31.51511279065284,19.179899356032855,2.0175316e-05,-3.573281e-05,8.249054e-06,6.446284e-06,2.8425258e-05
2.745195310993714,31.480104885666915,19.216209462846567,2.0175316e-05,-3.573281e-05,8.249054e-06,6.446284e-06,2.8425258e-05
2.756074114063163,31.532759418501524,19.306194038483785,2.0175316e-05,-3.573281e-05,8.249054e-06,6.446284e-06,2.8425258e-05
2.7195766012416613,31.416628234296073,19.370611575984267,2.0175316e-05,-3.573281e-05,8.249054e-06,6.446284e-06,2.8425258e-05
2.848210388308333,31.430485867427603,19.507489299348318,2.4633604e-05,-3.6313148e-05,6.541467e-06,6.230685e-06,3.1177864e-05
3.0095731307600353,31.39730497821309,19.52367871052327,2.4633604e-05,-3.6313148e-05,6.541467e-06,6.230685e-06,3.1177864e-05
3.0684259437781978,31.40977403308526,19.555818069641,2.4633604e-05,-3.6313148e-05,6.541467e-06,6.230685e-06,3.1177864e-05
2.9868333783210583,31.330947441483822,19.633491690124554,2.4633604e-05,-3.6313148e-05,6.541467e-06,6.230685e-06,3.1177864e-05
3.0613079859638295,31.353377164230903,19.803388732502988,2.6584878e-05,-3.4751396e-05,6.3977554e-06,4.4097596e-06,3.298149e-05
3.230980603863803,31.32652527667451,19.85650059769406,2.6584878e-05,-3.4751396e-05,6.3977554e-06,4.4097596e-06,3.298149e-05
3.430487024254811,31.29605059190992,19.8543211352331,2.6584878e-05,-3.4751396e-05,6.3977554e-06,4.4097596e-06,3.298149e-05
3.6737261404388235,30.961444105965374,19.718081209270043,2.6584878e-05,-3.4751396e-05,6.3977554e-06,4.4097596e-06,3.298149e-05
3.8525592873944396,30.812886669494464,19.751417113330504,3.94379e-05,-3.548882e-05,9.979937e-06,6.2238296e-06,4.941714e-05
3.925922569698839,30.878111286777468,19.931358115142867,3.94379e-05,-3.548882e-05,9.979937e-06,6.2238296e-06,4.941714e-05
3.9818289438167587,30.89353217907685,19.97347549454363,3.94379e-05,-3.548882e-05,9.979937e-06,6.2238296e-06,4.941714e-05
4.140375968842787,30.40225812671114,19.62760228280569,3.94379e-05,-3.548882e-05,9.979937e-06,6.2238296e-06,4.941714e-05
4.488792272394247,30.24493772413527,19.557232869317087,4.9691804e-05,-3.344976e-05,1.52540915e-05,2.4248267e-05,6.494685e-05
7.082572783711872,28.831539737014612,19.06717155747503,4.842944e-05,-3.1715274e-05,2.0414305e-05,3.3938435e-05,6.8847745e-05
7.400521343461998,27.74674892993483,17.98070450777002,4.842944e-05,-3.1715274e-05,2.0414305e-05,3.3938435e-05,6.8847745e-05
8.486696487101376,28.528663864574092,18.773750819419273,4.842944e-05,-3.1715274e-05,2.0414305e-05,3.3938435e-05,6.8847745e-05
9.763919716191726,28.1246627848687,18.395118960397948,4.842944e-05,-3.1715274e-05,2.0414305e-05,3.3938435e-05,6.8847745e-05
10.196347896502527,27.932236532603245,18.191409401149116,5.0143186e-05,-2.8568062e-05,5.7157744e-05,7.739298e-05,0.00010730258
8.18229090348205,26.886131955423593,17.093546061003355,5.0143186e-05,-2.8568062e-05,5.7157744e-05,7.739298e-05,0.00010730258
7.229354876026684,27.915097751899125,18.108870551035363,5.0143186e-05,-2.8568062e-05,5.7157744e-05,7.739298e-05,0.00010730258
7.617852157482744,27.752936798673506,17.927656268075424,5.0143186e-05,-2.8568062e-05,5.7157744e-05,7.739298e-05,0.00010730258
6.038299849612463,28.707664751474955,18.861824316507924,5.6077686e-05,-2.8049762e-05,6.583888e-05,8.341213e-05,0.00012191327
4.459202174835152,28.975911772644892,19.107493541048086,5.6077686e-05,-2.8049762e-05,6.583888e-05,8.341213e-05,0.00012191327
3.747900744225504,29.268945359194852,19.387983264566383,5.6077686e-05,-2.8049762e-05,6.583888e-05,8.341213e-05,0.00012191327
3.5914356225658426,31.702383835267806,21.738703196699188,5.6077686e-05,-2.8049762e-05,6.583888e-05,8.341213e-05,0.00012191327
3.663862646049435,29.412595534646975,19.382998110515558,2.990617e-05,-3.525315e-05,3.3734705e-05,2.8472834e-05,6.364164e-05
3.877289939459376,29.161033046697256,19.086423861489223,2.990617e-05,-3.525315e-05,3.3734705e-05,2.8472834e-05,6.364164e-05
4.176229900127251,29.357948174141058,19.255332202213395,2.990617e-05,-3.525315e-05,3.3734705e-05,2.8472834e-05,6.364164e-05
4.299787143793623,25.672877029267728,15.42918829290865,2.990617e-05,-3.525315e-05,3.3734705e-05,2.8472834e-05,6.364164e-05
4.359140477384028,27.183910847183125,16.786729263872285,7.787598e-05,-3.1632902e-05,3.1167707e-05,7.297535e-05,0.00010904045
4.451599120811322,27.866128099332897,17.386087995989666,7.787598e-05,-3.1632902e-05,3.1167707e-05,7.297535e-05,0.00010904045
0.7250969806809856,33.31401419041376,19.47959356804072,4.2240586e-06,-6.9660023e-06,6.724724e-07,1.2993685e-07,4.895706e-06
0.7481702849651024,32.978978521574824,19.1361331122508,4.2240586e-06,-6.9660023e-06,6.724724e-07,1.2993685e-07,4.895706e-06
0.7561786141210041,32.69782709289323,18.807942004395944,4.2240586e-06,-6.9660023e-06,6.724724e-07,1.2993685e-07,4.895706e-06
0.7469440481240118,32.490834072417385,18.55652373423823,9.522524e-06,-8.40947e-06,1.8028024e-06,5.830972e-07,1.1325136e-05
0.7468576716924381,32.92033123819072,18.9646716538773,9.522524e-06,-8.40947e-06,1.8028024e-06,5.830972e-07,1.1325136e-05
0.7354181930359002,33.08761924960475,19.10546600856052,9.522524e-06,-8.40947e-06,1.8028024e-06,5.830972e-07,1.1325136e-05
0.735407781591023,33.15788069255389,19.167040836000464,9.522524e-06,-8.40947e-06,1.8028024e-06,5.830972e-07,1.1325136e-05
0.7932549261558631,33.5057964755331,19.51488373886554,9.049496e-06,-9.36144e-06,2.7078536e-06,4.47987e-07,1.1757921e-05
0.8546242239617476,33.331083175876294,19.357265646087995,9.049496e-06,-9.36144e-06,2.7078536e-06,4.47987e-07,1.1757921e-05
0.9846778236224116,33.20805884394401,19.209556163960976,9.049496e-06,-9.36144e-06,2.7078536e-06,4.47987e-07,1.1757921e-05
1.0820182778698955,33.140881887942,19.109467473874986,9.049496e-06,-9.36144e-06,2.7078536e-06,4.47987e-07,1.1757921e-05
1.1409381868661552,33.02055566266918,18.98162534222805,7.084891e-06,-1.5620051e-05,2.960745e-06,5.486293e-07,1.0045699e-05
1.2321644237072455,32.78561832414298,18.768029152045656,7.084891e-06,-1.5620051e-05,2.960745e-06,5.486293e-07,1.0045699e-05
1.3097728762580494,32.81000809779046,18.831512744379747,7.084891e-06,-1.5620051e-05,2.960745e-06,5.486293e-07,1.0045699e-05
1.3484201596421548,32.76445301353488,18.810362086916285,7.084891e-06,-1.5620051e-05,2.960745e-06,5.486293e-07,1.0045699e-05
1.34402113137701,31.868946130412986,17.980472756719237,1.0021515e-05,-2.088531e-05,1.3925523e-06,8.1577116e-07,1.1413623e-05
1.3505637604596459,32.529212971889095,18.706195195310993,1.0021515e-05,-2.088531e-05,1.3925523e-06,8.1577116e-07,1.1413623e-05
1.4110361315698146,32.8178957313076,19.085285929125053,1.0021515e-05,-2.088531e-05,1.3925523e-06,8.1577116e-07,1.1413623e-05
1.4841476111518144,32.91294142598234,19.195057648555895,1.0021515e-05,-2.088531e-05,1.3925523e-06,8.1577116e-07,1.1413623e-05
1.5583607758454479,32.769620946284654,19.093742721628814,1.9723171e-05,-2.7947353e-05,3.4361221e-06,3.25223e-06,2.3160752e-05
1.6485817298422858,32.754788493425366,19.135673466239925,1.9723171e-05,-2.7947353e-05,3.4361221e-06,3.25223e-06,2.3160752e-05
1.6938348821964293,32.38689893186287,18.788792272394247,1.9723171e-05,-2.7947353e-05,3.4361221e-06,3.25223e-06,2.3160752e-05
1.7901939613619713,32.460517487371305,18.83168781089731,1.9723171e-05,-2.7947353e-05,3.4361221e-06,3.25223e-06,2.3160752e-05
1.9911637681718273,32.447947017313844,18.782985385416264,1.7666207e-05,-3.0898318e-05,3.9891315e-06,3.1209283e-06,2.1653943e-05
2.107648941503104,32.348201519299735,18.64843327035052,1.7666207e-05,-3.0898318e-05,3.9891315e-06,3.1209283e-06,2.1653943e-05
2.195449427370532,33.18874330004242,19.329611691666987,1.7666207e-05,-3.0898318e-05,3.9891315e-06,3.1209283e-06,2.1653943e-05
2.329478270928932,32.8658496895847,18.85727721436008,1.7666207e-05,-3.0898318e-05,3.9891315e-06,3.1209283e-06,2.1653943e-05
2.2325446342497974,32.08381560174295,17.89386071800409,1.4270203e-05,-2.6791055e-05,6.465168e-06,2.100318e-06,2.0733276e-05
2.1202317510507847,33.003717657039296,18.69912235375776,1.4270203e-05,-2.6791055e-05,6.465168e-06,2.100318e-06,2.0733276e-05
2.180845640689469,32.60402305942236,18.232491420198205,1.4270203e-05,-2.6791055e-05,6.465168e-06,2.100318e-06,2.0733276e-05
2.285386958701269,32.486111132533836,18.16411907608067,1.4270203e-05,-2.6791055e-05,6.465168e-06,2.100318e-06,2.0733276e-05
2.3507569506034782,33.06845987737631,18.81504415223846,1.6405687e-05,-2.966017e-05,5.9359622e-06,1.6832757e-06,2.2341523e-05
2.3405552770601163,33.01922646820653,18.815980025450198,1.6405687e-05,-2.966017e-05,5.9359622e-06,1.6832757e-06,2.2341523e-05
2.217908842015964,32.78718929549223,18.754320749624032,1.6405687e-05,-2.966017e-05,5.9359622e-06,1.6832757e-06,2.2341523e-05
2.160480083291559,32.798494196583505,18.878080052442833,1.6405687e-05,-2.966017e-05,5.9359622e-06,1.6832757e-06,2.2341523e-05
2.169637527474646,32.65480353217908,18.858189179809507,2.0952397e-05,-2.9612316e-05,1.0238161e-05,6.818384e-06,3.1189924e-05
2.1163463540662475,32.622194886823735,18.90225774110207,2.0952397e-05,-2.9612316e-05,1.0238161e-05,6.818384e-06,3.1189924e-05
2.0724775382717002,32.47711101685112,18.94948174141056,2.0952397e-05,-2.9612316e-05,1.0238161e-05,6.818384e-06,3.1189924e-05
2.0731272895538506,32.559762079204106,19.13417537500482,2.0952397e-05,-2.9612316e-05,1.0238161e-05,6.818384e-06,3.1189924e-05
2.0612775228473375,32.44844908032237,19.134649674160336,2.3648952e-05,-2.9053404e-05,1.1784581e-05,1.0184967e-05,3.543715e-05
2.142100798210774,32.320387922723945,19.071538194578338,2.3648952e-05,-2.9053404e-05,1.1784581e-05,1.0184967e-05,3.543715e-05
2.200952454401728,32.19444915744418,19.063906219874294,2.3648952e-05,-2.9053404e-05,1.1784581e-05,1.0184967e-05,3.543715e-05
2.1441773030501676,32.17797555238499,19.085952261597193,2.3648952e-05,-2.9053404e-05,1.1784581e-05,1.0184967e-05,3.543715e-05
2.1457872209154356,32.172131261327266,19.11173909690356,2.0256057e-05,-3.155677e-05,8.582879e-06,5.7088746e-06,2.8834429e-05
2.276283499787915,32.18050553349015,19.126845332202212,2.0256057e-05,-3.155677e-05,8.582879e-06,5.7088746e-06,2.8834429e-05
2.346637488913739,32.136528747156135,19.126337099448577,2.0256057e-05,-3.155677e-05,8.582879e-06,5.7088746e-06,2.8834429e-05
2.4557112559287395,32.11501060424941,19.14623144256353,2.0256057e-05,-3.155677e-05,8.582879e-06,5.7088746e-06,2.8834429e-05
2.432799521844754,32.058459491767245,19.134927312690394,2.6763882e-05,-2.9913339e-05,1.122021e-05,9.488533e-06,3.7984344e-05
2.433413797092508,32.038920294605326,19.14332973431535,2.6763882e-05,-2.9913339e-05,1.122021e-05,9.488533e-06,3.7984344e-05
2.581707091350789,31.933589634828213,19.134069718119772,2.6763882e-05,-2.9913339e-05,1.122021e-05,9.488533e-06,3.7984344e-05
2.6050271854394014,31.872381521613388,19.145065746346354,2.6763882e-05,-2.9913339e-05,1.122021e-05,9.488533e-06,3.7984344e-05
2.544215478348051,31.789483283846838,19.140051286006248,2.0838203e-05,-3.0856092e-05,8.33424e-06,4.968101e-06,2.9170347e-05
2.49872479080708,31.770524813943624,19.169077623105697,2.0838203e-05,-3.0856092e-05,8.33424e-06,4.968101e-06,2.9170347e-05
2.398437126441214,31.6215424362781,19.170402190259516,2.0838203e-05,-3.0856092e-05,8.33424e-06,4.968101e-06,2.9170347e-05
2.431589094975514,31.54103073304284,19.188872093471637,2.0838203e-05,-3.0856092e-05,8.33424e-06,4.968101e-06,2.9170347e-05
2.6871206570778545,31.513107237882235,19.259719662206454,1.6812319e-05,-3.3369008e-05,6.4698015e-06,4.404999e-06,2.328339e-05
2.8849408090078277,31.495178344194652,19.305934137970926,1.6812319e-05,-3.3369008e-05,6.4698015e-06,4.404999e-06,2.328339e-05
2.9310623529865425,31.40920448848957,19.386989164385145,1.6812319e-05,-3.3369008e-05,6.4698015e-06,4.404999e-06,2.328339e-05
2.953038985076929,31.374264065090813,19.45014498901014,1.6812319e-05,-3.3369008e-05,6.4698015e-06,4.404999e-06,2.328339e-05
2.9779335209964137,31.341395904831682,19.513828712451318,2.3805169e-05,-3.67182e-05,6.654138e-06,6.9741877e-06,3.0463241e-05
3.0609640226738133,31.304761115181428,19.520015038753712,2.3805169e-05,-3.67182e-05,6.654138e-06,6.9741877e-06,3.0463241e-05
3.1015698145220374,31.264780781243978,19.610062854278333,2.3805169e-05,-3.67182e-05,6.654138e-06,6.9741877e-06,3.0463241e-05
2.992850807851001,31.272811090116843,19.686510623529866,2.3805169e-05,-3.67182e-05,6.654138e-06,6.9741877e-06,3.0463241e-05
3.0386908572089615,31.268361932672658,19.7599683800563,2.7586984e-05,-3.3387925e-05,9.794268e-06,6.433239e-06,3.738106e-05
3.312174449543053,31.23959433925886,19.772338333397602,2.7586984e-05,-3.3387925e-05,9.794268e-06,6.433239e-06,3.738106e-05
3.5864882582038327,30.88402036015887,19.602227277985577,2.7586984e-05,-3.3387925e-05,9.794268e-06,6.433239e-06,3.738106e-05
3.9189792927929665,30.602393089885474,19.442906721166082,2.7586984e-05,-3.3387925e-05,9.794268e-06,6.433239e-06,3.738106e-05
4.090981375081942,30.33571125592874,19.322077276057534,4.024551e-05,-3.462864e-05,1.1182186e-05,8.606301e-06,5.1431256e-05
4.265180657849072,30.274405198010257,19.348803840666335,4.024551e-05,-3.462864e-05,1.1182186e-05,8.606301e-06,5.1431256e-05
4.581401303358655,29.865056106119617,19.124567925037596,4.024551e-05,-3.462864e-05,1.1182186e-05,8.606301e-06,5.1431256e-05
5.051570971349246,29.695469864651216,19.022376894304553,4.024551e-05,-3.462864e-05,1.1182186e-05,8.606301e-06,5.1431256e-05
6.899165541973547,29.72538580187406,19.98571125592874,6.256742e-05,-3.3971617e-05,2.6809268e-05,4.901679e-05,8.937218e-05
6.919223768943046,28.826435429761307,19.113157367061273,6.256742e-05,-3.3971617e-05,2.6809268e-05,4.901679e-05,8.937218e-05
6.710080206686461,30.411677013843367,20.723450044345043,6.256742e-05,-3.3971617e-05,2.6809268e-05,4.901679e-05,8.937218e-05
6.414561755292484,30.44220876875024,20.753927813982184,6.256742e-05,-3.3971617e-05,2.6809268e-05,4.901679e-05,8.937218e-05
6.093862260440366,32.081251687039675,22.366309335595574,6.71519e-05,-2.9857769e-05,4.7632046e-05,7.699568e-05,0.000114785085
5.762427023483592,32.12798287895731,22.37971040758879,6.71519e-05,-2.9857769e-05,4.7632046e-05,7.699568e-05,0.000114785085
5.594247483900821,31.788870165426292,21.98434581421355,6.71519e-05,-2.9857769e-05,4.7632046e-05,7.699568e-05,0.000114785085
5.482465198781475,29.996463193614314,20.16739366829908,6.71519e-05,-2.9857769e-05,4.7632046e-05,7.699568e-05,0.000114785085
4.7407318860139585,26.975912158253962,17.126423475880152,6.456516e-05,-2.842775e-05,4.5170607e-05,6.0685623e-05,0.00010973361
3.9447869509890876,28.338975051093204,18.471183819843443,6.456516e-05,-2.842775e-05,4.5170607e-05,6.0685623e-05,0.00010973361
3.7478471445648402,29.544183087186212,19.603840666332474,6.456516e-05,-2.842775e-05,4.5170607e-05,6.0685623e-05,0.00010973361
3.615845062275865,31.615675394285276,21.640302703119577,6.456516e-05,-2.842775e-05,4.5170607e-05,6.0685623e-05,0.00010973361
3.6195384259437784,30.86500212084988,20.82333821771488,2.8648315e-05,-3.5421526e-05,3.0915642e-05,1.9840889e-05,5.9563637e-05
3.908311032275479,30.235778351906834,20.130948598311033,2.8648315e-05,-3.5421526e-05,3.0915642e-05,1.9840889e-05,5.9563637e-05
4.270060540623915,31.216355994292986,20.980549492924073,2.8648315e-05,-3.5421526e-05,3.0915642e-05,1.9840889e-05,5.9563637e-05
4.443462383835268,32.514622681525466,22.194870628157172,2.8648315e-05,-3.5421526e-05,3.0915642e-05,1.9840889e-05,5.9563637e-05
4.5658038021054255,28.262075733621256,17.8532013264952,8.425399e-05,-3.1037864e-05,3.4694156e-05,7.020269e-05,0.0001189465
4.698460262985385,31.03338834689392,20.568087379015154,8.425399e-05,-3.1037864e-05,3.4694156e-05,7.020269e-05,0.0001189465
4.802652219180195,23.397104461496934,12.90882890525585,8.425399e-05,-3.1037864e-05,3.4694156e-05,7.020269e-05,0.0001189465
4.919484826283115,29.933507500096404,19.453138472216867,8.425399e-05,-3.1037864e-05,3.4694156e-05,7.020269e-05,0.0001189465
0.6269382639879689,33.42080283808276,19.427905757143407,4.1675007e-06,-5.4047127e-06,6.7945484e-07,2.327374e-07,4.8479715e-06
0.6596467820923148,33.03994909960282,19.04007326572321,4.1675007e-06,-5.4047127e-06,6.7945484e-07,2.327374e-07,4.8479715e-06
0.6718736744688235,32.675590174680906,18.678917980950914,4.1675007e-06,-5.4047127e-06,6.7945484e-07,2.327374e-07,4.8479715e-06
0.669741641923418,32.62216789418887,18.61627038907955,8.508991e-06,-8.1551925e-06,1.0684403e-06,3.1284503e-07,9.578003e-06
0.6810291906065631,33.13128870551035,19.108729032506844,8.508991e-06,-8.1551925e-06,1.0684403e-06,3.1284503e-07,9.578003e-06
0.7066185940693326,33.246414992480624,19.203611228936104,8.508991e-06,-8.1551925e-06,1.0684403e-06,3.1284503e-07,9.578003e-06
0.734447615007905,33.28356611267497,19.246543400300773,8.508991e-06,-8.1551925e-06,1.0684403e-06,3.1284503e-07,9.578003e-06
0.7549766706512938,33.30748814252111,19.276617822851193,1.2493362e-05,-9.390588e-06,1.602089e-06,5.665615e-07,1.4095388e-05
0.8083025488759495,33.68444375891721,19.665181043458144,1.2493362e-05,-9.390588e-06,1.602089e-06,5.665615e-07,1.4095388e-05
0.9564392858520032,33.52735703543747,19.475397370146144,1.2493362e-05,-9.390588e-06,1.602089e-06,5.665615e-07,1.4095388e-05
1.0453958277098678,33.351847838661165,19.25091042301315,1.2493362e-05,-9.390588e-06,1.602089e-06,5.665615e-07,1.4095388e-05
1.0751563644776925,33.312107353564954,19.15401149115027,6.821653e-06,-1.6420598e-05,2.541735e-06,6.5196946e-07,9.362817e-06
1.1517788146377204,33.15869741256314,18.960160798981992,6.821653e-06,-1.6420598e-05,2.541735e-06,6.5196946e-07,9.362817e-06
1.2136069872363398,33.299304361238576,19.136649828403964,6.821653e-06,-1.6420598e-05,2.541735e-06,6.5196946e-07,9.362817e-06
1.2523051710176223,33.25023907762311,19.156152007095205,6.821653e-06,-1.6420598e-05,2.541735e-06,6.5196946e-07,9.362817e-06
1.2833089114255969,33.24586202907492,19.22861874831296,7.1940076e-06,-1.7696466e-05,1.1913312e-06,5.1933483e-07,8.383117e-06
1.2923537577603825,32.96682797979408,18.98618863995681,7.1940076e-06,-1.7696466e-05,1.1913312e-06,5.1933483e-07,8.383117e-06
1.2794057764238616,33.08951490379054,19.19969305518066,7.1940076e-06,-1.7696466e-05,1.1913312e-06,5.1933483e-07,8.383117e-06
1.328508464119076,33.11772914818956,19.274618439825705,7.1940076e-06,-1.7696466e-05,1.1913312e-06,5.1933483e-07,8.383117e-06
1.487685574364709,32.806013187830175,19.00176069101145,1.6945936e-05,-2.4235858e-05,5.794663e-06,1.814736e-06,2.2740536e-05
1.5985852003239116,32.600158485327576,18.817648941503105,1.6945936e-05,-2.4235858e-05,5.794663e-06,1.814736e-06,2.2740536e-05
1.6548112443604674,32.59131107083638,18.831344233216367,1.6945936e-05,-2.4235858e-05,5.794663e-06,1.814736e-06,2.2740536e-05
1.7681664288744072,32.615529634057,18.872765202637567,1.6945936e-05,-2.4235858e-05,5.794663e-06,1.814736e-06,2.2740536e-05
1.9596089924035014,32.69375236185555,18.946194809701925,1.7055181e-05,-2.6962553e-05,4.458351e-06,2.5414176e-06,2.1514421e-05
2.004292985771025,32.74646319361432,18.96719893571897,1.7055181e-05,-2.6962553e-05,4.458351e-06,2.5414176e-06,2.1514421e-05
2.0319095361122894,33.18098176069101,19.25572513785524,1.7055181e-05,-2.6962553e-05,4.458351e-06,2.5414176e-06,2.1514421e-05
2.064843249913238,32.841125207264874,18.801141017236723,1.7055181e-05,-2.6962553e-05,4.458351e-06,2.5414176e-06,2.1514421e-05
2.019107700613118,33.31403501330351,19.140590753094514,1.2275891e-05,-3.1802367e-05,8.752044e-06,2.5768377e-06,2.1026284e-05
1.9788898314888368,33.25526433501716,19.00289823776655,1.2275891e-05,-3.1802367e-05,8.752044e-06,2.5768377e-06,2.1026284e-05
2.056502140130336,32.68035784521652,18.373885396984537,1.2275891e-05,-3.1802367e-05,8.752044e-06,2.5768377e-06,2.1026284e-05
2.215018702039872,32.381035360351675,18.120321212354913,1.2275891e-05,-3.1802367e-05,8.752044e-06,2.5768377e-06,2.1026284e-05
2.294227432229206,32.76461535495315,18.594837080168123,2.1810349e-05,-3.1404743e-05,7.1413856e-06,2.6071477e-06,2.8952116e-05
2.2257652411984727,32.747267574133346,18.66462962248872,2.1810349e-05,-3.1404743e-05,7.1413856e-06,2.6071477e-06,2.8952116e-05
2.0998430571087034,32.307429144333476,18.400712991169552,2.1810349e-05,-3.1404743e-05,7.1413856e-06,2.6071477e-06,2.8952116e-05
2.030198974279875,32.65845293641306,18.837772336405354,2.1810349e-05,-3.1404743e-05,7.1413856e-06,2.6071477e-06,2.8952116e-05
2.0290579570431495,32.55201480738827,18.860581112867774,2.2702387e-05,-3.064145e-05,1.2757045e-05,9.059874e-06,3.5460256e-05
2.102484864844021,32.51887864882582,18.933132302471755,2.2702387e-05,-3.064145e-05,1.2757045e-05,9.059874e-06,3.5460256e-05
2.12535341071222,32.52856784791578,19.14711718659623,2.2702387e-05,-3.064145e-05,1.2757045e-05,9.059874e-06,3.5460256e-05
2.020008869008599,32.344284116762424,19.046113831797324,2.2702387e-05,-3.064145e-05,1.2757045e-05,9.059874e-06,3.5460256e-05
2.0771349246134267,32.242546947904216,19.066738904099022,2.5345367e-05,-3.290006e-05,1.8380384e-05,1.6368173e-05,4.372696e-05
2.1531280607719894,32.208447537886094,19.13164886438129,2.5345367e-05,-3.290006e-05,1.8380384e-05,1.6368173e-05,4.372696e-05
2.14973200169668,32.132257355493,19.1663937839818,2.5345367e-05,-3.290006e-05,1.8380384e-05,1.6368173e-05,4.372696e-05
2.1151644622681522,32.13290479312074,19.166624763814447,2.5345367e-05,-3.290006e-05,1.8380384e-05,1.6368173e-05,4.372696e-05
2.0965326032468283,32.058858982763276,19.11055527706012,2.1646325e-05,-3.1933952e-05,1.0322712e-05,5.9172685e-06,3.1971576e-05
2.1794906104191574,32.05327999074538,19.133665214205838,2.1646325e-05,-3.1933952e-05,1.0322712e-05,5.9172685e-06,3.1971576e-05
2.4233841051941543,31.983222534994024,19.09679944472294,2.1646325e-05,-3.1933952e-05,1.0322712e-05,5.9172685e-06,3.1971576e-05
2.5567662823429607,32.03270119153203,19.14061697451124,2.1646325e-05,-3.1933952e-05,1.0322712e-05,5.9172685e-06,3.1971576e-05
2.5690363629352566,32.01744803917788,19.127653954421007,2.7052383e-05,-3.1368523e-05,1.2857972e-05,1.2510088e-05,3.9912262e-05
2.46859445494158,31.99499710793198,19.1152562372267,2.7052383e-05,-3.1368523e-05,1.2857972e-05,1.2510088e-05,3.9912262e-05
2.530582655304053,31.89359349091891,19.11025218833147,2.7052383e-05,-3.1368523e-05,1.2857972e-05,1.2510088e-05,3.9912262e-05
2.629844213935912,31.84020977133382,19.1458319515675,2.7052383e-05,-3.1368523e-05,1.2857972e-05,1.2510088e-05,3.9912262e-05
2.6150476227200863,31.737502410056685,19.159143947865655,2.278002e-05,-3.208745e-05,8.409967e-06,6.3273283e-06,3.119018e-05
2.6489889330197043,31.672863918559365,19.184853275749045,2.278002e-05,-3.208745e-05,8.409967e-06,6.3273283e-06,3.119018e-05
2.5891771102456334,31.53229861566344,19.206326302394633,2.278002e-05,-3.208745e-05,8.409967e-06,6.3273283e-06,3.119018e-05
2.6146180542166353,31.511946554582966,19.265365750202445,2.278002e-05,-3.208745e-05,8.409967e-06,6.3273283e-06,3.119018e-05
2.856899317471947,31.43316893533336,19.29411020707207,1.9784806e-05,-3.389054e-05,7.4715913e-06,4.9460427e-06,2.725335e-05
3.0015524621139087,31.367825550456946,19.321630740755023,1.9784806e-05,-3.389054e-05,7.4715913e-06,4.9460427e-06,2.725335e-05
2.987903057879921,31.280859137006903,19.405503412640265,1.9784806e-05,-3.389054e-05,7.4715913e-06,4.9460427e-06,2.725335e-05
3.078766050977519,31.26033625110863,19.46595264720626,1.9784806e-05,-3.389054e-05,7.4715913e-06,4.9460427e-06,2.725335e-05
3.059020938572475,31.22033008136351,19.540546793660585,1.7660368e-05,-3.4490175e-05,7.509804e-06,4.251957e-06,2.5167124e-05
3.092332163652489,31.20873018933405,19.620360158870938,1.7660368e-05,-3.4490175e-05,7.509804e-06,4.251957e-06,2.5167124e-05
3.1104291828943813,31.181007210889604,19.716259592025605,1.7660368e-05,-3.4490175e-05,7.509804e-06,4.251957e-06,2.5167124e-05
2.997909998843173,31.156184783866117,19.696001233949023,1.7660368e-05,-3.4490175e-05,7.509804e-06,4.251957e-06,2.5167124e-05
3.070384837851386,31.138459106158177,19.706069486754327,3.2534615e-05,-3.2402895e-05,1.8097404e-05,1.228246e-05,5.0630686e-05
3.373482435506883,31.106756256507154,19.70047005745575,3.2534615e-05,-3.2402895e-05,1.8097404e-05,1.228246e-05,5.0630686e-05
3.719854625380789,30.648014498901013,19.424105579763236,3.2534615e-05,-3.2402895e-05,1.8097404e-05,1.228246e-05,5.0630686e-05
4.139384953534107,30.218736744688236,19.126528747156133,3.2534615e-05,-3.2402895e-05,1.8097404e-05,1.228246e-05,5.0630686e-05
4.199305518065785,29.61870126865384,18.710714919214897,3.8417766e-05,-3.3626748e-05,1.3319258e-05,9.623706e-06,5.1731626e-05
4.511190375197624,29.127049705009064,18.362683839123896,3.8417766e-05,-3.3626748e-05,1.3319258e-05,9.623706e-06,5.1731626e-05
5.46031697065515,28.70627385956118,18.13356418462962,3.8417766e-05,-3.3626748e-05,1.3319258e-05,9.623706e-06,5.1731626e-05
6.343264951991672,28.72937569891644,18.19646704970501,3.8417766e-05,-3.3626748e-05,1.3319258e-05,9.623706e-06,5.1731626e-05
7.352976516407666,28.554768827362818,18.091192688852043,5.1878258e-05,-3.283512e-05,2.0161287e-05,3.486548e-05,7.203821e-05
7.627817838275557,28.03122045270505,18.212134346199825,6.0324914e-05,-3.3056396e-05,2.5533704e-05,4.919516e-05,8.5856205e-05
7.2058115142868155,28.25277021555547,18.548917209732775,7.748661e-05,-3.4904788e-05,3.793858e-05,7.466164e-05,0.000115417824
7.030667103690279,28.268491111710947,18.647317317703312,7.748661e-05,-3.4904788e-05,3.793858e-05,7.466164e-05,0.000115417824
6.689501021864034,29.004261365827325,19.43347125284387,7.748661e-05,-3.4904788e-05,3.793858e-05,7.466164e-05,0.000115417824
5.929776346739676,29.597704469209116,19.98153433848764,7.748661e-05,-3.4904788e-05,3.793858e-05,7.466164e-05,0.000115417824
5.33099140091775,30.147771179578143,20.458033393745424,7.2559546e-05,-3.152161e-05,5.1121868e-05,8.48454e-05,0.00012367919
5.259625959202561,30.263534107122197,20.514230902710832,7.2559546e-05,-3.152161e-05,5.1121868e-05,8.48454e-05,0.00012367919
5.039684957390198,30.700442293602745,20.884596074499672,7.2559546e-05,-3.152161e-05,5.1121868e-05,8.48454e-05,0.00012367919
4.68927659738557,29.709012840782012,19.87125939922107,7.2559546e-05,-3.152161e-05,5.1121868e-05,8.48454e-05,0.00012367919
4.500794740292291,30.743318937261403,20.88695368835075,4.5815912e-05,-2.6873757e-05,4.350263e-05,5.845813e-05,8.9317975e-05
4.305036054448,28.84877299194077,18.971603362511086,4.5815912e-05,-2.6873757e-05,4.350263e-05,5.845813e-05,8.9317975e-05
4.170515559325955,30.173315466779776,20.219317086337874,4.5815912e-05,-2.6873757e-05,4.350263e-05,5.845813e-05,8.9317975e-05
4.033479350634327,30.609391894497357,20.604800832915593,4.5815912e-05,-2.6873757e-05,4.350263e-05,5.845813e-05,8.9317975e-05
4.081874831296032,31.103821000269928,20.989099988431725,2.9384391e-05,-3.6212423e-05,2.7757736e-05,2.4910743e-05,5.7143272e-05
4.153423437319246,29.665543130374427,19.437585316006633,2.9384391e-05,-3.6212423e-05,2.7757736e-05,2.4910743e-05,5.7143272e-05
4.385446342497976,26.9831292175992,16.622206840704894,2.9384391e-05,-3.6212423e-05,2.7757736e-05,2.4910743e-05,5.7143272e-05
4.630428411676243,32.971028804997495,22.577951259013613,2.9384391e-05,-3.6212423e-05,2.7757736e-05,2.4910743e-05,5.7143272e-05
4.819690355917171,31.999160529055644,21.567592256969885,3.0549127e-05,-2.9837322e-05,2.3749944e-05,1.7261384e-05,5.4298245e-05
4.983552616357537,33.051092044884896,22.58844136814098,3.0549127e-05,-2.9837322e-05,2.3749944e-05,1.7261384e-05,5.4298245e-05
5.120506690317357,26.030339721590252,15.521671615316393,3.0549127e-05,-2.9837322e-05,2.3749944e-05,1.7261384e-05,5.4298245e-05
5.276080283808275,26.004714456484017,15.49868468746385,3.0549127e-05,-2.9837322e-05,2.3749944e-05,1.7261384e-05,5.4298245e-05
0.554858674276019,33.42778698954999,19.320268383912392,4.0189652e-06,-5.0938743e-06,3.73624e-07,3.8066992e-07,4.3923355e-06
0.5724640419542667,33.22411946168974,19.11519878147534,4.0189652e-06,-5.0938743e-06,3.73624e-07,3.8066992e-07,4.3923355e-06
0.5927532487564108,33.11455597115644,19.042481779971464,4.0189652e-06,-5.0938743e-06,3.73624e-07,3.8066992e-07,4.3923355e-06
0.6011676242625227,32.89705124744534,18.83536073728454,7.0384262e-06,-7.891588e-06,1.1880938e-06,2.3683167e-07,8.22798e-06
0.6126553040527513,33.13553233332048,19.04395017930822,7.0384262e-06,-7.891588e-06,1.1880938e-06,2.3683167e-07,8.22798e-06
0.6709512975745189,33.27737670150002,19.187923109551537,7.0384262e-06,-7.891588e-06,1.1880938e-06,2.3683167e-07,8.22798e-06
0.7251829715034896,33.42132688080824,19.352856591987045,7.0384262e-06,-7.891588e-06,1.1880938e-06,2.3683167e-07,8.22798e-06
0.7500732657232099,33.33615393514055,19.27510777773493,1.4554959e-05,-9.915295e-06,2.0282084e-06,8.6395e-07,1.6584438e-05
0.8088231211198087,33.31831026105734,19.237087494697874,1.4554959e-05,-9.915295e-06,2.0282084e-06,8.6395e-07,1.6584438e-05
0.9280279952184475,33.434861373539505,19.3445729379555,1.4554959e-05,-9.915295e-06,2.0282084e-06,8.6395e-07,1.6584438e-05
1.0043600817491227,33.21171017622335,19.075450198588673,1.4554959e-05,-9.915295e-06,2.0282084e-06,8.6395e-07,1.6584438e-05
1.0267015000192805,33.408021825473334,19.160205529634055,5.8795317e-06,-1.4645431e-05,1.7675094e-06,2.9802322e-07,7.6470415e-06
1.0797397138780704,33.42819766320903,19.079661049627887,5.8795317e-06,-1.4645431e-05,1.7675094e-06,2.9802322e-07,7.6470415e-06
1.1502610573400687,33.32645818069641,18.97891026876952,5.8795317e-06,-1.4645431e-05,1.7675094e-06,2.9802322e-07,7.6470415e-06
1.1944252496818726,33.3734315351097,19.15832684224733,5.8795317e-06,-1.4645431e-05,1.7675094e-06,2.9802322e-07,7.6470415e-06
1.217843288474145,33.71854818185324,19.623017005359966,8.449894e-06,-1.8722872e-05,1.1084941e-06,3.33475e-07,9.56061e-06
1.3012825357652413,33.681928816565765,19.631086260748855,8.449894e-06,-1.8722872e-05,1.1084941e-06,3.33475e-07,9.56061e-06
1.305671152585509,33.33922569698839,19.305259322099253,8.449894e-06,-1.8722872e-05,1.1084941e-06,3.33475e-07,9.56061e-06
1.2546639416959087,33.14458951914549,19.207282227277986,8.449894e-06,-1.8722872e-05,1.1084941e-06,3.33475e-07,9.56061e-06
1.3980515173716885,32.657403308525815,18.76812208383141,1.5324867e-05,-2.7719932e-05,5.137806e-06,2.3046812e-06,2.0464007e-05
1.5450830987544826,32.46588863610072,18.56881348089307,1.5324867e-05,-2.7719932e-05,5.137806e-06,2.3046812e-06,2.0464007e-05
1.622292445918328,32.612509929433536,18.723836039023638,1.5324867e-05,-2.7719932e-05,5.137806e-06,2.3046812e-06,2.0464007e-05
1.7511849766706513,32.33624686692631,18.49505109320171,1.5324867e-05,-2.7719932e-05,5.137806e-06,2.3046812e-06,2.0464007e-05
1.8176774765742492,32.458257818223885,18.636738518489953,1.5807165e-05,-2.9615712e-05,8.5576785e-06,4.3695154e-06,2.4367191e-05
1.8913438476072957,32.80132418154475,18.941599892029462,1.5807165e-05,-2.9615712e-05,8.5576785e-06,4.3695154e-06,2.4367191e-05
1.9518833146955616,32.78627193151583,18.90502024447615,1.5807165e-05,-2.9615712e-05,8.5576785e-06,4.3695154e-06,2.4367191e-05
1.9332587822465583,32.46287625804959,18.450921991285234,1.5807165e-05,-2.9615712e-05,8.5576785e-06,4.3695154e-06,2.4367191e-05
1.8989156672964949,32.359182123163535,18.185007133767787,1.6935654e-05,-3.19032e-05,1.1380996e-05,5.573193e-06,2.8317094e-05
1.9265391586010103,33.54385493386805,19.256435044152237,1.6935654e-05,-3.19032e-05,1.1380996e-05,5.573193e-06,2.8317094e-05
2.0056634404041183,33.38843288474145,19.099251147186983,1.6935654e-05,-3.19032e-05,1.1380996e-05,5.573193e-06,2.8317094e-05
2.1263579223383333,33.33808622218795,19.10846797516678,1.6935654e-05,-3.19032e-05,1.1380996e-05,5.573193e-06,2.8317094e-05
2.1417013072147455,32.87399298191494,18.78816565765627,1.663014e-05,-3.476191e-05,8.193322e-06,4.626628e-06,2.4821431e-05
2.1111992442062237,32.76898160644738,18.845110862607488,1.663014e-05,-3.476191e-05,8.193322e-06,4.626628e-06,2.4821431e-05
2.049547294952377,32.78227277985578,18.896795588632244,1.663014e-05,-3.476191e-05,8.193322e-06,4.626628e-06,2.4821431e-05
1.9586403424208536,32.66330312728955,18.892469054872173,1.663014e-05,-3.476191e-05,8.193322e-06,4.626628e-06,2.4821431e-05
1.9327058188408592,32.56934639262715,18.980586511394748,2.7650589e-05,-3.198436e-05,1.1207895e-05,7.710296e-06,3.885842e-05
2.0133686808313733,32.3409755909459,18.96339567346624,2.7650589e-05,-3.198436e-05,1.1207895e-05,7.710296e-06,3.885842e-05
2.0204827825550455,32.29901322639109,18.967715266263063,2.7650589e-05,-3.198436e-05,1.1207895e-05,7.710296e-06,3.885842e-05
1.949019396136197,32.24181660432654,19.030945127829405,2.7650589e-05,-3.198436e-05,1.1207895e-05,7.710296e-06,3.885842e-05
2.0494185015231556,32.087346238383525,19.056002776385302,2.32361e-05,-2.952145e-05,1.4272805e-05,9.29185e-06,3.750776e-05
2.1318270157714108,31.945074229745885,19.084439902826517,2.32361e-05,-2.952145e-05,1.4272805e-05,9.29185e-06,3.750776e-05
2.149054486561524,31.969315158292524,19.116139281995913,2.32361e-05,-2.952145e-05,1.4272805e-05,9.29185e-06,3.750776e-05
2.173892723556858,31.982948752554663,19.09881116723865,2.32361e-05,-2.952145e-05,1.4272805e-05,9.29185e-06,3.750776e-05
2.286997262175606,31.95706050206301,19.09146917055489,2.1957741e-05,-3.2636814e-05,8.373786e-06,3.9603765e-06,3.0332227e-05
2.332507615779123,31.934051208884433,19.13168781089731,2.1957741e-05,-3.2636814e-05,8.373786e-06,3.9603765e-06,3.0332227e-05
2.462598619519531,31.920354374734895,19.11706705741719,2.1957741e-05,-3.2636814e-05,8.373786e-06,3.9603765e-06,3.0332227e-05
2.6081074306867698,31.944815871669302,19.101030347433774,2.1957741e-05,-3.2636814e-05,8.373786e-06,3.9603765e-06,3.0332227e-05
2.634283345544287,31.934155708942274,19.06610033547989,2.5927386e-05,-3.032737e-05,1.4706034e-05,1.2715372e-05,4.0634754e-05
2.5911606832992713,31.92428103188987,19.08632745922184,2.5927386e-05,-3.032737e-05,1.4706034e-05,1.2715372e-05,4.0634754e-05
2.645550842555817,31.91460532911734,19.099159372228435,2.5927386e-05,-3.032737e-05,1.4706034e-05,1.2715372e-05,4.0634754e-05
2.8946007018085065,31.830266070257974,19.131437936220262,2.5927386e-05,-3.032737e-05,1.4706034e-05,1.2715372e-05,4.0634754e-05
2.966624763814445,31.73758030308873,19.22395519222612,2.341358e-05,-3.170972e-05,1.0005265e-05,6.968094e-06,3.3419736e-05
2.7674765742490264,31.540426483630895,19.204592604018046,2.341358e-05,-3.170972e-05,1.0005265e-05,6.968094e-06,3.3419736e-05
2.742092314811244,31.50981413642849,19.219627887247906,2.341358e-05,-3.170972e-05,1.0005265e-05,6.968094e-06,3.3419736e-05
2.856449311687811,31.45232560829831,19.26301469170555,2.341358e-05,-3.170972e-05,1.0005265e-05,6.968094e-06,3.3419736e-05
3.017331585238885,31.320679828789572,19.278958855512283,1.966693e-05,-3.2116877e-05,1.0480706e-05,6.5089985e-06,3.014789e-05
3.138575945706243,31.2281564030386,19.35743377164231,1.966693e-05,-3.2116877e-05,1.0480706e-05,6.5089985e-06,3.014789e-05
3.161100913893495,31.20794431805036,19.378935718968112,1.966693e-05,-3.2116877e-05,1.0480706e-05,6.5089985e-06,3.014789e-05
3.146917826707284,31.197217444954305,19.472958007172327,1.966693e-05,-3.2116877e-05,1.0480706e-05,6.5089985e-06,3.014789e-05
3.0925164847877222,31.159665291327652,19.610900011568273,2.3936438e-05,-3.435251e-05,1.0303352e-05,6.870657e-06,3.4238965e-05
3.0994547487756914,31.09832028689315,19.72145181814676,2.3936438e-05,-3.435251e-05,1.0303352e-05,6.870657e-06,3.4238965e-05
3.1608922993868815,31.103300042416997,19.73607449967223,2.3936438e-05,-3.435251e-05,1.0303352e-05,6.870657e-06,3.4238965e-05
3.1173015077314616,31.10058998187637,19.72251879844214,2.3936438e-05,-3.435251e-05,1.0303352e-05,6.870657e-06,3.4238965e-05
3.2370038175297884,31.007994447229397,19.641147572590906,2.7707272e-05,-2.9315368e-05,1.6151716e-05,9.352089e-06,4.3857846e-05
3.545494158022597,30.829948328384685,19.540279952184477,2.7707272e-05,-2.9315368e-05,1.6151716e-05,9.352089e-06,4.3857846e-05
3.933657887633517,30.70936875795319,19.442781398218486,2.7707272e-05,-2.9315368e-05,1.6151716e-05,9.352089e-06,4.3857846e-05
4.320271854394015,30.035423591562875,18.949125053021245,2.7707272e-05,-2.9315368e-05,1.6151716e-05,9.352089e-06,4.3857846e-05
4.502008637643157,28.957143793622027,18.16178729803725,5.3351425e-05,-3.5457346e-05,1.543081e-05,2.4065614e-05,6.878287e-05
6.231457987891875,27.838381598735204,17.341953495546214,5.3351425e-05,-3.5457346e-05,1.543081e-05,2.4065614e-05,6.878287e-05
7.17861836270389,27.910832915590174,17.470735742104655,5.3351425e-05,-3.5457346e-05,1.543081e-05,2.4065614e-05,6.878287e-05
8.120753480121852,27.73640149616319,17.419191763390277,5.4697197e-05,-3.4231474e-05,3.427629e-05,4.9129303e-05,8.897228e-05
8.978580187406008,28.022304399799484,17.83929587783905,5.4697197e-05,-3.4231474e-05,3.427629e-05,4.9129303e-05,8.897228e-05
9.84351714032314,27.669217213588865,17.64995758300235,7.717221e-05,-3.2724613e-05,3.4488363e-05,7.830984e-05,0.00011166191
9.56615779123125,27.73973200169668,17.748324914201984,7.717221e-05,-3.2724613e-05,3.4488363e-05,7.830984e-05,0.00011166191
8.959753981413643,28.846669880075577,18.99458296379131,7.717221e-05,-3.2724613e-05,3.4488363e-05,7.830984e-05,0.00011166191
7.982468283654032,28.255946091852078,18.58074692476767,9.698545e-05,-3.1271346e-05,6.3578795e-05,0.00011960192,0.00016056476
7.2932059538040335,27.238157559865808,17.748435198395864,9.698545e-05,-3.1271346e-05,6.3578795e-05,0.00011960192,0.00016056476
7.116683762002082,27.255341456831065,17.78686538387383,9.698545e-05,-3.1271346e-05,6.3578795e-05,0.00011960192,0.00016056476
6.398300235221532,28.36168086993406,18.822894381675855,9.698545e-05,-3.1271346e-05,6.3578795e-05,0.00011960192,0.00016056476
5.584060077893032,28.784868700111826,19.10886129641769,8.216256e-05,-3.405246e-05,5.587056e-05,9.449866e-05,0.00013803078
5.366583118034937,28.37027725292099,18.57138973508657,8.216256e-05,-3.405246e-05,5.587056e-05,9.449866e-05,0.00013803078
5.158319901284078,28.399581614159565,18.571955809200634,8.216256e-05,-3.405246e-05,5.587056e-05,9.449866e-05,0.00013803078
4.937820151929974,29.29491188832761,19.451846296224886,8.216256e-05,-3.405246e-05,5.587056e-05,9.449866e-05,0.00013803078
4.798226198280183,29.339053715343386,19.477962056067557,6.879881e-05,-3.3996475e-05,3.8023383e-05,6.196823e-05,0.00010682155
4.7244109821463,28.496888906027067,18.6015601742953,6.879881e-05,-3.3996475e-05,3.8023383e-05,6.196823e-05,0.00010682155
4.6837608452550805,28.574133343616243,18.66220953996838,6.879881e-05,-3.3996475e-05,3.8023383e-05,6.196823e-05,0.00010682155
4.625595958816952,29.798210773917404,19.78434427177727,6.879881e-05,-3.3996475e-05,3.8023383e-05,6.196823e-05,0.00010682155
4.6355342613658275,27.842509929433543,17.646281957351636,4.184557e-05,-3.596573e-05,2.8011962e-05,3.7923663e-05,6.985906e-05
4.626508695484517,30.357957814367797,19.978422087687502,4.184557e-05,-3.596573e-05,2.8011962e-05,3.7923663e-05,6.985906e-05
4.648015270119153,27.726460879959898,17.315242355300196,4.184557e-05,-3.596573e-05,2.8011962e-05,3.7923663e-05,6.985906e-05
4.865484132186789,32.873399915166004,22.450744225504184,4.184557e-05,-3.596573e-05,2.8011962e-05,3.7923663e-05,6.985906e-05
5.078979292792967,33.7708313731539,23.329633671383952,4.1281073e-05,-3.0128585e-05,2.5287667e-05,2.2163089e-05,6.657249e-05
5.232939497936992,32.309119268885205,21.828331083947095,4.1281073e-05,-3.0128585e-05,2.5287667e-05,2.2163089e-05,6.657249e-05
5.3453669070296534,29.606762811861337,19.125099294335403,4.1281073e-05,-3.0128585e-05,2.5287667e-05,2.2163089e-05,6.657249e-05
5.517375159063741,29.228716307407552,18.734896078355764,4.1281073e-05,-3.0128585e-05,2.5287667e-05,2.2163089e-05,6.657249e-05
0.5260563760459646,33.54961978945745,19.48013072147457,3.4035586e-06,-5.314809e-06,3.610556e-07,3.7575046e-07,3.7644238e-06
0.528705124744534,33.32202521883315,19.204147225542744,3.4035586e-06,-5.314809e-06,3.610556e-07,3.7575046e-07,3.7644238e-06
0.5389210658234682,32.94511741796167,18.827030038946514,3.4035586e-06,-5.314809e-06,3.610556e-07,3.7575046e-07,3.7644238e-06
0.5738553194771141,32.50870743839895,18.385835807658196,3.4035586e-06,-5.314809e-06,3.610556e-07,3.7575046e-07,3.7644238e-06
0.5735101993598889,32.82614892222265,18.71441059653723,6.2856557e-06,-7.958291e-06,1.3907115e-06,2.1426568e-07,7.676367e-06
0.5966455867041993,32.98868430185478,18.882394246712682,6.2856557e-06,-7.958291e-06,1.3907115e-06,2.1426568e-07,7.676367e-06
0.6444426020900013,33.03816103034743,18.93409246905487,6.2856557e-06,-7.958291e-06,1.3907115e-06,2.1426568e-07,7.676367e-06
0.6865148652296302,33.39695908687772,19.265424362781012,6.2856557e-06,-7.958291e-06,1.3907115e-06,2.1426568e-07,7.676367e-06
0.7176898160644738,33.279931361585625,19.150847568734818,1.34430375e-05,-9.449332e-06,2.7797728e-06,5.7801907e-07,1.6221476e-05
0.778699340608491,33.21607604210851,19.10709713492461,1.34430375e-05,-9.449332e-06,2.7797728e-06,5.7801907e-07,1.6221476e-05
0.8702552732040258,33.229283152739754,19.112750549492926,1.34430375e-05,-9.449332e-06,2.7797728e-06,5.7801907e-07,1.6221476e-05
0.9348208845872055,33.00393861103613,18.778675818455252,1.34430375e-05,-9.449332e-06,2.7797728e-06,5.7801907e-07,1.6221476e-05
0.9644005707014228,33.41793776269618,19.08142212624841,6.857073e-06,-1.3957328e-05,1.5290274e-06,2.7679025e-07,8.384641e-06
1.0146126556896617,33.320230979832644,18.94242239617476,6.857073e-06,-1.3957328e-05,1.5290274e-06,2.7679025e-07,8.384641e-06
1.087866039409247,33.043996452396556,18.666295068060002,6.857073e-06,-1.3957328e-05,1.5290274e-06,2.7679025e-07,8.384641e-06
1.1484155323333205,33.4228596768596,19.076078355762927,6.857073e-06,-1.3957328e-05,1.5290274e-06,2.7679025e-07,8.384641e-06
1.1878745228087766,33.830653221763775,19.598840473527936,7.132054e-06,-1.9812447e-05,1.486371e-06,6.322282e-08,8.6172195e-06
1.297483129603208,33.658981992056454,19.55917942390005,7.132054e-06,-1.9812447e-05,1.486371e-06,6.322282e-08,8.6172195e-06
1.3002961477653956,33.14915590174681,19.065545829637912,7.132054e-06,-1.9812447e-05,1.486371e-06,6.322282e-08,8.6172195e-06
1.2834901476882736,32.66762349130452,18.56528091620715,7.132054e-06,-1.9812447e-05,1.486371e-06,6.322282e-08,8.6172195e-06
1.378857054717927,32.75336906644044,18.69691435622566,1.346481e-05,-2.460862e-05,4.7990943e-06,1.2565853e-06,1.8263778e-05
1.4837589172097327,32.5014336945205,18.552333706088767,1.346481e-05,-2.460862e-05,4.7990943e-06,1.2565853e-06,1.8263778e-05
1.6116627463077933,32.581797323873054,18.63627270273397,1.346481e-05,-2.460862e-05,4.7990943e-06,1.2565853e-06,1.8263778e-05
1.7134862915975781,32.43115451355416,18.45766629391123,1.346481e-05,-2.460862e-05,4.7990943e-06,1.2565853e-06,1.8263778e-05
1.7620792041028805,32.543131531253614,18.599062969961054,1.4252937e-05,-2.8061255e-05,9.183368e-06,3.8289795e-06,2.3435354e-05
1.8240396406123471,32.24225272818416,18.35596113060579,1.4252937e-05,-2.8061255e-05,9.183368e-06,3.8289795e-06,2.3435354e-05
1.8374545945320633,32.762498361161455,18.862637180426486,1.4252937e-05,-2.8061255e-05,9.183368e-06,3.8289795e-06,2.3435354e-05
1.8021941156055992,32.85149809123511,18.86919600509004,1.4252937e-05,-2.8061255e-05,9.183368e-06,3.8289795e-06,2.3435354e-05
1.7663698762194886,32.23830254887595,18.1117537500482,1.6090651e-05,-2.8466955e-05,9.6647755e-06,4.0845684e-06,2.5754285e-05
1.8090109127366676,33.009452435121275,18.768451393976786,1.6090651e-05,-2.8466955e-05,9.6647755e-06,4.0845684e-06,2.5754285e-05
1.9072132032545406,33.116723479736244,18.874128716307407,1.6090651e-05,-2.8466955e-05,9.6647755e-06,4.0845684e-06,2.5754285e-05
1.9596529518374273,33.26093240273011,19.167275286314734,1.6090651e-05,-2.8466955e-05,9.6647755e-06,4.0845684e-06,2.5754285e-05
1.9550888828905255,32.810835614853666,18.85831141788455,1.6487571e-05,-3.0562398e-05,7.722959e-06,4.3435853e-06,2.4211166e-05
2.001253229475957,32.73412216095323,18.84825473335133,1.6487571e-05,-3.0562398e-05,7.722959e-06,4.3435853e-06,2.4211166e-05
2.030480854509698,32.76453823313924,18.913777040836,1.6487571e-05,-3.0562398e-05,7.722959e-06,4.3435853e-06,2.4211166e-05
1.9361373539505649,32.5206111903752,18.883122276635948,1.6487571e-05,-3.0562398e-05,7.722959e-06,4.3435853e-06,2.4211166e-05
1.8463748891373926,32.357246751243586,18.908084294142597,2.4076595e-05,-3.4923854e-05,8.392258e-06,4.375292e-06,3.246809e-05
1.868070026607026,32.28554120232908,18.959191377781206,2.4076595e-05,-3.4923854e-05,8.392258e-06,4.375292e-06,3.246809e-05
1.918119384567925,32.2288979292793,18.953002352215325,2.4076595e-05,-3.4923854e-05,8.392258e-06,4.375292e-06,3.246809e-05
2.0287942004395942,32.081498091235105,19.01055219218756,2.4076595e-05,-3.4923854e-05,8.392258e-06,4.375292e-06,3.246809e-05
2.1480091003740407,31.96395596344426,19.068549724289515,2.081935e-05,-2.9550434e-05,1.0229464e-05,5.178241e-06,3.1049385e-05
2.2694936952917133,31.947792002467896,19.127943161223154,2.081935e-05,-2.9550434e-05,1.0229464e-05,5.178241e-06,3.1049385e-05
2.2503269964909576,31.885754829753598,19.074159950642038,2.081935e-05,-2.9550434e-05,1.0229464e-05,5.178241e-06,3.1049385e-05
2.338405120888443,31.86229861566344,19.079697296880422,2.081935e-05,-2.9550434e-05,1.0229464e-05,5.178241e-06,3.1049385e-05
2.4538711294489643,31.84990244090541,19.080687926580033,2.0941352e-05,-3.072901e-05,7.5630614e-06,3.5377484e-06,2.8500543e-05
2.5331685497242895,31.885681949639455,19.11164192341804,2.0941352e-05,-3.072901e-05,7.5630614e-06,3.5377484e-06,2.8500543e-05
2.6306296996105347,31.956511009138932,19.178989318628773,2.0941352e-05,-3.072901e-05,7.5630614e-06,3.5377484e-06,2.8500543e-05
2.68884664327305,31.87487448424787,19.097469247676706,2.0941352e-05,-3.072901e-05,7.5630614e-06,3.5377484e-06,2.8500543e-05
2.6684448386226043,31.879354490417615,19.076163189758223,2.3574114e-05,-3.202314e-05,1.5255361e-05,1.1918771e-05,3.8830745e-05
2.747077083252998,31.860221339605907,19.041133690664402,2.3574114e-05,-3.202314e-05,1.5255361e-05,1.1918771e-05,3.8830745e-05
2.9114429491381637,31.904361624185402,19.10446188254348,2.3574114e-05,-3.202314e-05,1.5255361e-05,1.1918771e-05,3.8830745e-05
3.2590159256545714,31.80772683453515,19.16018779161686,2.3574114e-05,-3.202314e-05,1.5255361e-05,1.1918771e-05,3.8830745e-05
3.4138221570971345,31.64894227432229,19.187274129487527,2.4730596e-05,-3.2713997e-05,1.47565615e-05,1.1213481e-05,3.9487473e-05
3.0447314232830758,31.56211352331007,19.24460494350827,2.4730596e-05,-3.2713997e-05,1.47565615e-05,1.1213481e-05,3.9487473e-05
2.8031334592989627,31.500795125901362,19.232016349824548,2.4730596e-05,-3.2713997e-05,1.47565615e-05,1.1213481e-05,3.9487473e-05
2.955474491960051,31.47493193999923,19.349793699147803,2.4730596e-05,-3.2713997e-05,1.47565615e-05,1.1213481e-05,3.9487473e-05
3.223238344965874,31.407136467049707,19.4276123086415,2.6096424e-05,-3.3092943e-05,1.4020295e-05,8.182753e-06,4.0116654e-05
3.462233062121621,31.226737747271816,19.374777696371417,2.6096424e-05,-3.3092943e-05,1.4020295e-05,8.182753e-06,4.0116654e-05
3.5421023406470518,31.228076196352138,19.41283499787915,2.6096424e-05,-3.3092943e-05,1.4020295e-05,8.182753e-06,4.0116654e-05
3.4515543901592567,31.303797092507615,19.609061041915705,2.6096424e-05,-3.3092943e-05,1.4020295e-05,8.182753e-06,4.0116654e-05
3.3396506381830102,31.23985269733544,19.72736744688235,2.5266467e-05,-3.2013504e-05,9.987047e-06,6.2788954e-06,3.5248624e-05
3.3035190683684883,31.04549994215864,19.679432769058728,2.5266467e-05,-3.2013504e-05,9.987047e-06,6.2788954e-06,3.5248624e-05
3.293319322870474,31.061855550842555,19.70934099410018,2.5266467e-05,-3.2013504e-05,9.987047e-06,6.2788954e-06,3.5248624e-05
9.109239193305827,27.316175143639377,17.18742220337022,4.1670883e-05,-3.4037424e-05,4.2682193e-05,4.2041585e-05,8.435574e-05
8.822106196737748,27.355444028843557,17.234028072340262,4.1670883e-05,-3.4037424e-05,4.2682193e-05,4.2041585e-05,8.435574e-05
9.43259977634674,29.74592102726256,19.638960012339492,4.1670883e-05,-3.4037424e-05,4.2682193e-05,4.2041585e-05,8.435574e-05
10.778329155901746,29.934302240388693,19.863392588593683,7.5338554e-05,-3.154996e-05,4.2672036e-05,7.342994e-05,0.00011801174
11.269314387074385,27.932167508579802,17.911970076736203,7.5338554e-05,-3.154996e-05,4.2672036e-05,7.342994e-05,0.00011801174
10.687980179693827,27.907702926772835,17.910849111171093,7.5338554e-05,-3.154996e-05,4.2672036e-05,7.342994e-05,0.00011801174
9.634481548606024,29.981124436046734,20.097930821732927,7.5338554e-05,-3.154996e-05,4.2672036e-05,7.342994e-05,0.00011801174
8.596924382061466,29.716843789765935,20.031354259052172,6.725016e-05,-2.9843737e-05,6.0673847e-05,8.623681e-05,0.00012792186
7.9378513862646045,27.450937415648017,17.949087648941504,6.725016e-05,-2.9843737e-05,6.0673847e-05,8.623681e-05,0.00012792186
7.808431727914241,27.41030038946516,17.924223190529442,6.725016e-05,-2.9843737e-05,6.0673847e-05,8.623681e-05,0.00012792186
7.26811552847723,29.113118806154322,19.551813519453976,6.725016e-05,-2.9843737e-05,6.0673847e-05,8.623681e-05,0.00012792186
6.389657964755331,29.474124860216712,19.780712219951415,7.9282116e-05,-3.2375618e-05,6.461188e-05,8.781891e-05,0.00014389413
5.716071414799676,28.280053985269735,18.481919176339026,7.9282116e-05,-3.2375618e-05,6.461188e-05,8.781891e-05,0.00014389413
5.793532564685921,28.302471754135656,18.482296687618092,7.9282116e-05,-3.2375618e-05,6.461188e-05,8.781891e-05,0.00014389413
5.663128060771989,29.794916515636444,19.938039949099604,7.9282116e-05,-3.2375618e-05,6.461188e-05,8.781891e-05,0.00014389413
5.1926121158369645,29.880685998534684,20.007641614930783,5.7866207e-05,-3.295544e-05,4.2823875e-05,4.99459e-05,0.00010069389
5.184113291944626,28.78926155863186,18.88710986002391,5.7866207e-05,-3.295544e-05,4.2823875e-05,4.99459e-05,0.00010069389
5.227814367793931,28.99573207881849,19.074612270080593,5.7866207e-05,-3.295544e-05,4.2823875e-05,4.99459e-05,0.00010069389
5.300062468669263,31.160725330659776,21.117262561215437,5.7866207e-05,-3.295544e-05,4.2823875e-05,4.99459e-05,0.00010069389
5.228681988200362,32.715653800177385,22.493967146107277,9.390715e-05,-3.3929475e-05,3.8401005e-05,8.895327e-05,0.00013230505
5.130689469016311,32.81038175297883,22.432892453630508,9.390715e-05,-3.3929475e-05,3.8401005e-05,8.895327e-05,0.00013230505
5.027521304901091,32.962300929317855,22.558606023213663,9.390715e-05,-3.3929475e-05,3.8401005e-05,8.895327e-05,0.00013230505
5.257481201557861,33.22538387382871,22.81447075155208,9.390715e-05,-3.3929475e-05,3.8401005e-05,8.895327e-05,0.00013230505
5.40535341071222,33.76579647553311,23.33712412755948,7.508859e-05,-3.2230782e-05,3.7709302e-05,7.329997e-05,0.00011280068
5.411294104037327,33.84726487486986,23.3807908842016,7.508859e-05,-3.2230782e-05,3.7709302e-05,7.329997e-05,0.00011280068
5.505058419774032,33.3445640689469,22.874138356534147,7.508859e-05,-3.2230782e-05,3.7709302e-05,7.329997e-05,0.00011280068
5.676540315428219,30.09224193113022,19.611215439787145,7.508859e-05,-3.2230782e-05,3.7709302e-05,7.329997e-05,0.00011280068
0.5028076196352138,33.44231982416227,19.434660085605213,3.2222056e-06,-4.5091347e-06,1.3672887e-07,2.2918272e-07,3.3584265e-06
0.5097852157482744,33.573605444800066,19.552241545521152,3.2222056e-06,-4.5091347e-06,1.3672887e-07,2.2918272e-07,3.3584265e-06
0.5181837812825357,33.493500173524076,19.422353757760384,2.648503e-06,-4.9364244e-06,3.2677818e-07,2.903108e-07,2.975281e-06
0.5240458103574596,33.25895114333089,19.177091350788572,2.648503e-06,-4.9364244e-06,3.2677818e-07,2.903108e-07,2.975281e-06
0.5532155940307716,33.06732657232098,18.963221763775884,2.648503e-06,-4.9364244e-06,3.2677818e-07,2.903108e-07,2.975281e-06
0.5829518374272163,32.83880152701192,18.730229051787298,2.648503e-06,-4.9364244e-06,3.2677818e-07,2.903108e-07,2.975281e-06
0.5818189179809509,33.118337253692204,19.001855165233486,5.4212933e-06,-7.592228e-06,1.0341628e-06,1.427909e-07,6.4540595e-06
0.6052080360930089,33.11547719122354,18.993727682875104,5.4212933e-06,-7.592228e-06,1.0341628e-06,1.427909e-07,6.4540595e-06
0.6359352947981336,33.137034280646276,18.979322484864845,5.4212933e-06,-7.592228e-06,1.0341628e-06,1.427909e-07,6.4540595e-06
0.6531542821887171,33.16952415840821,18.99618285582077,5.4212933e-06,-7.592228e-06,1.0341628e-06,1.427909e-07,6.4540595e-06
0.6792125862800293,33.16466162804149,18.981450661319556,9.389097e-06,-8.9786245e-06,1.4704383e-06,2.863435e-07,1.0859344e-05
0.7379952184475379,33.08732078818494,18.905613311225082,9.389097e-06,-8.9786245e-06,1.4704383e-06,2.863435e-07,1.0859344e-05
0.817168086993406,33.058834303782824,18.819071453360582,9.389097e-06,-8.9786245e-06,1.4704383e-06,2.863435e-07,1.0859344e-05
0.8854112520726487,33.0559939073767,18.76779084564069,9.389097e-06,-8.9786245e-06,1.4704383e-06,2.863435e-07,1.0859344e-05
0.9406216018200748,33.21486831450276,18.865408552809164,7.946968e-06,-1.0218584e-05,1.0584109e-06,5.7966946e-07,9.004173e-06
0.9960467358192264,33.021650406817564,18.63266301623414,7.946968e-06,-1.0218584e-05,1.0584109e-06,5.7966946e-07,9.004173e-06
1.0585601357343926,33.13690934330776,18.732800293062894,7.946968e-06,-1.0218584e-05,1.0584109e-06,5.7966946e-07,9.004173e-06
1.1223009293178576,33.31081479196391,18.93583233717657,7.946968e-06,-1.0218584e-05,1.0584109e-06,5.7966946e-07,9.004173e-06
1.165355724366637,33.593386033239504,19.271020321597963,6.6727366e-06,-2.3573097e-05,1.2889584e-06,5.1257455e-08,7.960489e-06
1.207789688813481,33.63765241198473,19.358569390352063,6.6727366e-06,-2.3573097e-05,1.2889584e-06,5.1257455e-08,7.960489e-06
1.2317926965642232,33.02358616434659,18.801708248178,6.6727366e-06,-2.3573097e-05,1.2889584e-06,5.1257455e-08,7.960489e-06
1.2690494736436202,33.048093163151194,18.83981297960128,6.6727366e-06,-2.3573097e-05,1.2889584e-06,5.1257455e-08,7.960489e-06
1.3429900127250993,32.794130644352755,18.62170747695986,1.4588411e-05,-2.9298297e-05,3.4997893e-06,6.6802903e-07,1.8087057e-05
1.4703489762079203,32.40269039447808,18.272861219295876,1.4588411e-05,-2.9298297e-05,3.4997893e-06,6.6802903e-07,1.8087057e-05
1.6414471908379287,32.128460648594455,18.06321713646705,1.4588411e-05,-2.9298297e-05,3.4997893e-06,6.6802903e-07,1.8087057e-05
1.6947503181274823,32.24248370801681,18.17825203408784,1.4588411e-05,-2.9298297e-05,3.4997893e-06,6.6802903e-07,1.8087057e-05
1.742310955153665,32.34964986696487,18.318747541742184,1.4264934e-05,-2.991524e-05,1.0002789e-05,3.4517057e-06,2.4267025e-05
1.787151120194347,32.49939999228781,18.516722708518103,1.4264934e-05,-2.991524e-05,1.0002789e-05,3.4517057e-06,2.4267025e-05
1.7361489222226507,32.09808236609725,18.15028303705703,1.4264934e-05,-2.991524e-05,1.0002789e-05,3.4517057e-06,2.4267025e-05
1.678025295954961,32.67665329888559,18.68931014537462,1.4264934e-05,-2.991524e-05,1.0002789e-05,3.4517057e-06,2.4267025e-05
1.715912158253962,32.88308988547411,18.84562218023368,1.6302092e-05,-2.7946593e-05,8.313737e-06,3.3178014e-06,2.461437e-05
1.7254343886168204,32.78793159295107,18.716908186480545,1.6302092e-05,-2.7946593e-05,8.313737e-06,3.3178014e-06,2.461437e-05
1.7883607758454478,32.961302587436855,18.94163382562758,1.6302092e-05,-2.7946593e-05,8.313737e-06,3.3178014e-06,2.461437e-05
1.8423853777040837,32.89195233871901,18.942888211930743,1.6302092e-05,-2.7946593e-05,8.313737e-06,3.3178014e-06,2.461437e-05
1.8590093703003896,32.77345544287202,18.90433655959588,2.037971e-05,-2.9590323e-05,6.129249e-06,3.175328e-06,2.6508897e-05
1.8964095939536496,32.80892106582347,18.98348513477037,2.037971e-05,-2.9590323e-05,6.129249e-06,3.175328e-06,2.6508897e-05
1.9184297998688928,32.56215941078934,18.91370454633093,2.037971e-05,-2.9590323e-05,6.129249e-06,3.175328e-06,2.6508897e-05
1.8561539351405545,32.4251929973393,18.890802452473682,2.037971e-05,-2.9590323e-05,6.129249e-06,3.175328e-06,2.6508897e-05
1.7885358423630122,32.317922723942466,18.93273705317549,2.0218098e-05,-3.4628116e-05,7.4322356e-06,3.6142694e-06,2.7653e-05
1.882107353564956,32.17944048124012,18.911065823468167,2.0218098e-05,-3.4628116e-05,7.4322356e-06,3.6142694e-06,2.7653e-05
1.9955978868622988,32.01999652951837,18.957298808467975,2.0218098e-05,-3.4628116e-05,7.4322356e-06,3.6142694e-06,2.7653e-05
2.0850719160914664,31.958852813018165,18.98655535418193,2.0218098e-05,-3.4628116e-05,7.4322356e-06,3.6142694e-06,2.7653e-05
2.2646095708171057,31.960330081363512,19.091181506189024,1.988821e-05,-3.0936022e-05,9.51478e-06,4.020806e-06,2.940242e-05
2.3563521382022903,31.870591138703585,19.066545713955193,1.988821e-05,-3.0936022e-05,9.51478e-06,4.020806e-06,2.940242e-05
2.369982261982802,31.78126017043921,19.047800100258357,1.988821e-05,-3.0936022e-05,9.51478e-06,4.020806e-06,2.940242e-05
2.51782285119346,31.76793159295107,19.04641846296225,1.988821e-05,-3.0936022e-05,9.51478e-06,4.020806e-06,2.940242e-05
2.6339027493926657,31.775537731847454,19.055299425442488,2.148611e-05,-3.2441585e-05,6.6066577e-06,4.2920105e-06,2.8089466e-05
2.783238730574943,31.794968187251765,19.058030308872866,2.148611e-05,-3.2441585e-05,6.6066577e-06,4.2920105e-06,2.8089466e-05
2.9928689314772687,31.779474029229167,19.040150001928048,2.148611e-05,-3.2441585e-05,6.6066577e-06,4.2920105e-06,2.8089466e-05
2.94110476998419,31.829517988663095,19.09431419426985,2.148611e-05,-3.2441585e-05,6.6066577e-06,4.2920105e-06,2.8089466e-05
2.728295607912698,31.814928083908534,19.07310106813712,2.4805562e-05,-3.4104014e-05,1.5528185e-05,1.1700665e-05,4.0335395e-05
2.852489106543786,31.84644892607874,19.09431457987892,2.4805562e-05,-3.4104014e-05,1.5528185e-05,1.1700665e-05,4.0335395e-05
3.1242382292831525,31.750508232753635,19.078831990128407,2.4805562e-05,-3.4104014e-05,1.5528185e-05,1.1700665e-05,4.0335395e-05
3.392792966490572,31.722685767169246,19.133797478116687,2.4805562e-05,-3.4104014e-05,1.5528185e-05,1.1700665e-05,4.0335395e-05
3.558370030463117,31.674594532063395,19.204962403115722,2.108481e-05,-3.2882697e-05,1.2372502e-05,8.000385e-06,3.3458582e-05
3.3064026529903985,31.571505803416496,19.203782439362975,2.108481e-05,-3.2882697e-05,1.2372502e-05,8.000385e-06,3.3458582e-05
3.0393220992557746,31.547333127675163,19.35673581922647,2.108481e-05,-3.2882697e-05,1.2372502e-05,8.000385e-06,3.3458582e-05
3.1525643003123434,31.57845525006748,19.47835923340917,2.108481e-05,-3.2882697e-05,1.2372502e-05,8.000385e-06,3.3458582e-05
3.4955624108279024,31.560362858134425,19.56482589750511,2.4366112e-05,-3.0654905e-05,1.5175825e-05,7.896917e-06,3.9540668e-05
3.7708869008599084,31.552963020090232,19.626265376161648,2.4366112e-05,-3.0654905e-05,1.5175825e-05,7.896917e-06,3.9540668e-05
3.8073805575907147,31.58751436393784,19.780414915358808,2.4366112e-05,-3.0654905e-05,1.5175825e-05,7.896917e-06,3.9540668e-05
3.727296494813558,31.535153665214207,19.824576022828055,2.4366112e-05,-3.0654905e-05,1.5175825e-05,7.896917e-06,3.9540668e-05
9.024306096479389,26.354531292175995,16.25778197663209,4.297184e-05,-3.170548e-05,5.1050774e-05,5.426022e-05,9.4022485e-05
9.270160798981992,31.30195156750087,21.258745613696835,4.297184e-05,-3.170548e-05,5.1050774e-05,5.426022e-05,9.4022485e-05
10.06885551228165,32.30107237882235,22.247023869201403,4.297184e-05,-3.170548e-05,5.1050774e-05,5.426022e-05,9.4022485e-05
6.011075463694906,31.634001850923532,21.72922068407049,4.358591e-05,-3.0570027e-05,4.5209585e-05,4.9899307e-05,8.879429e-05
5.796366791346932,32.662501446034014,22.66064936567308,4.358591e-05,-3.0570027e-05,4.5209585e-05,4.9899307e-05,8.879429e-05
5.901665059962211,33.52041530096788,23.43731731770331,4.358591e-05,-3.0570027e-05,4.5209585e-05,4.9899307e-05,8.879429e-05
5.899674160336251,33.93751976246481,23.759021709790613,4.8702328e-05,-3.1270978e-05,3.3697317e-05,3.9198178e-05,8.240066e-05
5.889302818802299,34.240491651563644,24.005254694790423,4.8702328e-05,-3.1270978e-05,3.3697317e-05,3.9198178e-05,8.240066e-05
5.893240273011221,33.95161570200131,23.6270909651795,4.8702328e-05,-3.1270978e-05,3.3697317e-05,3.9198178e-05,8.240066e-05
6.0208595226159725,33.70518065784907,23.346836848802685,4.8702328e-05,-3.1270978e-05,3.3697317e-05,3.9198178e-05,8.240066e-05
5.843142328307562,33.49203061736012,23.10427216288127,6.201796e-05,-3.418839e-05,3.1476204e-05,4.71169e-05,9.349322e-05
5.619004742991555,33.33699456291212,22.92665214205838,6.201796e-05,-3.418839e-05,3.1476204e-05,4.71169e-05,9.349322e-05
5.658700497435699,32.55212894767285,22.099167470018894,6.201796e-05,-3.418839e-05,3.1476204e-05,4.71169e-05,9.349322e-05
5.919111556703814,31.163570354374734,20.697554081672003,6.201796e-05,-3.418839e-05,3.1476204e-05,4.71169e-05,9.349322e-05
6.225583619326726,30.862718543940154,20.380093703003894,7.01381e-05,-3.09319e-05,2.5294015e-05,5.642373e-05,9.542964e-05
0.49416264990552583,33.464333089114255,19.413345158678133,2.8586744e-06,-4.4529656e-06,3.3528406e-07,1.5678751e-07,3.193514e-06
0.4977572976516408,33.303274206609345,19.260631242046813,2.1730623e-06,-4.2972256e-06,2.241998e-07,3.2068442e-07,2.397262e-06
0.4996664481548606,32.98047545598273,18.93823082558902,2.1730623e-06,-4.2972256e-06,2.241998e-07,3.2068442e-07,2.397262e-06
0.5238969652566228,32.76267805498785,18.708705124744533,2.1730623e-06,-4.2972256e-06,2.241998e-07,3.2068442e-07,2.397262e-06
0.5693953649789842,33.04287394439517,18.955756372189875,2.1730623e-06,-4.2972256e-06,2.241998e-07,3.2068442e-07,2.397262e-06
0.5872976516407665,33.34760151158755,19.215880923919332,5.133172e-06,-7.7269415e-06,7.368378e-07,5.4558246e-08,5.869566e-06
0.6117429529942544,33.254619596652915,19.090607334284503,5.133172e-06,-7.7269415e-06,7.368378e-07,5.4558246e-08,5.869566e-06
0.6379404619596653,33.26062352986542,19.04925538888675,5.133172e-06,-7.7269415e-06,7.368378e-07,5.4558246e-08,5.869566e-06
0.6505225002892068,33.061549377241356,18.831927274129487,5.133172e-06,-7.7269415e-06,7.368378e-07,5.4558246e-08,5.869566e-06
0.6760297690201673,33.21580881502333,18.950220953996837,7.577661e-06,-7.771225e-06,8.090743e-07,7.442646e-08,8.386925e-06
0.7107114487332743,33.388240851424825,19.086963328577486,7.577661e-06,-7.771225e-06,8.090743e-07,7.442646e-08,8.386925e-06
0.763458142135503,33.38171171865962,19.02448501908765,7.577661e-06,-7.771225e-06,8.090743e-07,7.442646e-08,8.386925e-06
0.8517097906142752,33.23106350981375,18.86729610920449,7.577661e-06,-7.771225e-06,8.090743e-07,7.442646e-08,8.386925e-06
0.9374707901129835,33.05084718312575,18.659881618015657,8.640705e-06,-9.714528e-06,9.2574453e-07,5.258412e-07,9.566831e-06
1.0038186866155092,33.15756063702619,18.737760382524197,8.640705e-06,-9.714528e-06,9.2574453e-07,5.258412e-07,9.566831e-06
1.0458959626730422,33.37417961670458,18.93130914279104,8.640705e-06,-9.714528e-06,9.2574453e-07,5.258412e-07,9.566831e-06
1.0775000964022674,33.22852543091813,18.79086839162457,8.640705e-06,-9.714528e-06,9.2574453e-07,5.258412e-07,9.566831e-06
1.1198762194886824,33.50830216326688,19.062406586202908,7.679097e-06,-2.4818586e-05,1.2197687e-06,5.2622205e-08,8.896898e-06
1.142801835499171,33.250553734623836,18.78199784058921,7.679097e-06,-2.4818586e-05,1.2197687e-06,5.2622205e-08,8.896898e-06
1.2006169745112405,33.06502024447615,18.64277908456407,7.679097e-06,-2.4818586e-05,1.2197687e-06,5.2622205e-08,8.896898e-06
1.2880923919330582,33.01220067095978,18.643762387691357,7.679097e-06,-2.4818586e-05,1.2197687e-06,5.2622205e-08,8.896898e-06
1.3173763158909497,32.84080360930089,18.51258975051093,1.4999994e-05,-2.4351333e-05,2.7384494e-06,1.3235532e-06,1.7736285e-05
1.402027532487564,32.63794778853199,18.319799097674775,1.4999994e-05,-2.4351333e-05,2.7384494e-06,1.3235532e-06,1.7736285e-05
1.5792353372151313,32.14279759379941,17.896918212316354,1.4999994e-05,-2.4351333e-05,2.7384494e-06,1.3235532e-06,1.7736285e-05
1.6844649674160337,31.806000077121816,17.610351675471406,1.4999994e-05,-2.4351333e-05,2.7384494e-06,1.3235532e-06,1.7736285e-05
1.7615085026799828,32.202636409208345,18.07385956117688,1.5041699e-05,-3.1547755e-05,9.000555e-06,2.4236683e-06,2.4039779e-05
1.7699487139937533,32.41694404812401,18.333237959356804,1.5041699e-05,-3.1547755e-05,9.000555e-06,2.4236683e-06,2.4039779e-05
1.6704658157559866,31.920603863802878,17.90107315004049,1.5041699e-05,-3.1547755e-05,9.000555e-06,2.4236683e-06,2.4039779e-05
1.6676435429761307,32.640197817452666,18.653496703042457,1.5041699e-05,-3.1547755e-05,9.000555e-06,2.4236683e-06,2.4039779e-05
1.709827632745922,32.64518567076698,18.723514441059656,1.7196544e-05,-3.173946e-05,7.702901e-06,3.2022738e-06,2.4898618e-05
1.649327497782748,32.6702656846489,18.815899433154666,1.7196544e-05,-3.173946e-05,7.702901e-06,3.2022738e-06,2.4898618e-05
1.7495592488335325,32.571136389927894,18.784048124011875,1.7196544e-05,-3.173946e-05,7.702901e-06,3.2022738e-06,2.4898618e-05
1.8181645008290594,32.60009023252227,18.819308217329272,1.7196544e-05,-3.173946e-05,7.702901e-06,3.2022738e-06,2.4898618e-05
1.8426271545906758,32.60585200323912,18.865956888906027,1.9574634e-05,-3.0221463e-05,5.2035043e-06,3.2351231e-06,2.4775982e-05
1.899276211776501,32.62660471214283,18.9351663903135,1.9574634e-05,-3.0221463e-05,5.2035043e-06,3.2351231e-06,2.4775982e-05
1.9450653607372845,32.42591447190838,18.908799213357497,1.9574634e-05,-3.0221463e-05,5.2035043e-06,3.2351231e-06,2.4775982e-05
1.9142949138163732,32.28814213550303,18.87390814791964,1.9574634e-05,-3.0221463e-05,5.2035043e-06,3.2351231e-06,2.4775982e-05
1.9256503296957543,32.156220259900515,18.91510854895307,2.025485e-05,-3.159378e-05,6.756653e-06,4.04899e-06,2.7011378e-05
2.039916322831913,32.0007110631242,18.92796167045849,2.025485e-05,-3.159378e-05,6.756653e-06,4.04899e-06,2.7011378e-05
2.090100258358077,31.79759572745151,18.922153626653298,2.025485e-05,-3.159378e-05,6.756653e-06,4.04899e-06,2.7011378e-05
2.147142251185748,31.832233833339757,18.983418038792273,2.025485e-05,-3.159378e-05,6.756653e-06,4.04899e-06,2.7011378e-05
2.313463155053407,31.795343384876414,19.004631550534068,1.7153632e-05,-3.2715656e-05,9.612408e-06,3.7445238e-06,2.676788e-05
2.4342212624840935,31.744618054216637,19.01232599390738,1.7153632e-05,-3.2715656e-05,9.612408e-06,3.7445238e-06,2.676788e-05
2.482378436740832,31.698843944009564,19.03393938225427,1.7153632e-05,-3.2715656e-05,9.612408e-06,3.7445238e-06,2.676788e-05
2.595677322330621,31.67301430609648,19.00386495970385,1.7153632e-05,-3.2715656e-05,9.612408e-06,3.7445238e-06,2.676788e-05
2.7323996452396564,31.684066247638146,19.005241584082057,1.9334058e-05,-3.404981e-05,6.0808798e-06,3.837327e-06,2.5412271e-05
2.9211421740639336,31.75682489492153,19.05980449620175,1.9334058e-05,-3.404981e-05,6.0808798e-06,3.837327e-06,2.5412271e-05
3.09861913392203,31.727547526317817,19.02917171171866,1.9334058e-05,-3.404981e-05,6.0808798e-06,3.837327e-06,2.5412271e-05
3.0545131685497244,31.717714880653993,19.02899356032854,1.9334058e-05,-3.404981e-05,6.0808798e-06,3.837327e-06,2.5412271e-05
2.8843168935333363,31.72046350210157,19.04646704970501,2.4867768e-05,-3.4206543e-05,1.3083315e-05,8.832057e-06,3.795032e-05
2.9404970500906185,31.72051093201712,19.064030771603747,2.4867768e-05,-3.4206543e-05,1.3083315e-05,8.832057e-06,3.795032e-05
3.1405807272587047,31.665998920294605,19.083821771488065,2.4867768e-05,-3.4206543e-05,1.3083315e-05,8.832057e-06,3.795032e-05
3.3723954035398913,31.67501793082173,19.144781938071183,2.4867768e-05,-3.4206543e-05,1.3083315e-05,8.832057e-06,3.795032e-05
3.51668569004743,31.635675394285272,19.18602012879343,2.588327e-05,-3.241948e-05,1.0747562e-05,7.351049e-06,3.6630514e-05
3.5649153588092393,31.579695368835075,19.224886823738093,2.588327e-05,-3.241948e-05,1.0747562e-05,7.351049e-06,3.6630514e-05
3.564227046620137,31.55599737785833,19.361733312767516,2.588327e-05,-3.241948e-05,1.0747562e-05,7.351049e-06,3.6630514e-05
3.617820537539043,31.64692168279798,19.55249373385262,2.588327e-05,-3.241948e-05,1.0747562e-05,7.351049e-06,3.6630514e-05
3.8410222496433115,31.86846411907608,19.869485983110323,2.6691392e-05,-3.232033e-05,1.3714972e-05,8.726368e-06,4.0401792e-05
3.9694181159140864,32.032771372382676,20.107223229090348,2.6691392e-05,-3.232033e-05,1.3714972e-05,8.726368e-06,4.0401792e-05
3.928056915898662,31.999754752631784,20.178988933019703,2.6691392e-05,-3.232033e-05,1.3714972e-05,8.726368e-06,4.0401792e-05
7.084387459993059,26.069182894381676,15.968763737323103,5.1357874e-05,-2.9680514e-05,5.224014e-05,6.844324e-05,0.000103600236
8.0008363860718,28.6325673851849,18.56346546870782,5.1357874e-05,-2.9680514e-05,5.224014e-05,6.844324e-05,0.000103600236
9.168194192727412,30.342805305980797,20.319405390814794,5.1357874e-05,-2.9680514e-05,5.224014e-05,6.844324e-05,0.000103600236
6.792018277869896,25.22687309605522,15.311298345737093,6.138542e-05,-2.5884983e-05,5.5152323e-05,8.040454e-05,0.00011653438
6.382761346546871,21.67634288358462,11.707358577873752,6.138542e-05,-2.5884983e-05,5.5152323e-05,8.040454e-05,0.00011653438
5.84050399105387,31.787119114641577,21.723360583040915,6.138542e-05,-2.5884983e-05,5.5152323e-05,8.040454e-05,0.00011653438
5.954297998688929,32.93884317279142,22.836693402228818,6.138542e-05,-2.5884983e-05,5.5152323e-05,8.040454e-05,0.00011653438
6.549643311610689,26.755750588053832,16.625503798249333,3.1360232e-05,-2.9721485e-05,5.155021e-05,4.5381414e-05,8.2910636e-05
6.956583503644005,28.35786526819111,18.226714996336714,3.1360232e-05,-2.9721485e-05,5.155021e-05,4.5381414e-05,8.2910636e-05
7.275755986580804,32.08956156248795,21.877130297304593,3.1360232e-05,-2.9721485e-05,5.155021e-05,4.5381414e-05,8.2910636e-05
7.306246095708171,34.44410056684533,24.16112057995604,3.1360232e-05,-2.9721485e-05,5.155021e-05,4.5381414e-05,8.2910636e-05
6.628532757490456,32.959049859252694,22.61564377434157,4.918678e-05,-3.5090514e-05,2.7237926e-05,3.5273573e-05,7.642077e-05
6.054470365943007,31.82047854085528,21.44893610457718,4.918678e-05,-3.5090514e-05,2.7237926e-05,3.5273573e-05,7.642077e-05
5.990813249527629,30.792919446265376,20.37497050090618,4.918678e-05,-3.5090514e-05,2.7237926e-05,3.5273573e-05,7.642077e-05
6.265684263293872,30.845121274052367,20.40819457833648,4.918678e-05,-3.5090514e-05,2.7237926e-05,3.5273573e-05,7.642077e-05
6.4864346585431685,30.7390560289978,20.286565380017738,7.5043645e-05,-3.320236e-05,2.1380103e-05,5.5202057e-05,9.6419746e-05
6.636029383411097,28.86439478656538,18.41086839162457,7.5043645e-05,-3.320236e-05,2.1380103e-05,5.5202057e-05,9.6419746e-05
6.769807581074307,25.981440249874677,15.509932904021904,7.5043645e-05,-3.320236e-05,2.1380103e-05,5.5202057e-05,9.6419746e-05
0.47712875486831446,33.28929279296649,19.25976285042224,1.6939399e-06,-3.9659403e-06,2.8589918e-07,2.935481e-07,1.9794581e-06
0.4726213704546331,33.15236763968689,19.15768595997378,1.6939399e-06,-3.9659403e-06,2.8589918e-07,2.935481e-07,1.9794581e-06
0.4917537500482011,32.88046967184668,18.87856322060695,1.6939399e-06,-3.9659403e-06,2.8589918e-07,2.935481e-07,1.9794581e-06
0.5388215786835306,33.13108047661281,19.064514710986003,1.6939399e-06,-3.9659403e-06,2.8589918e-07,2.935481e-07,1.9794581e-06
0.5748081594879112,33.241508502679984,19.087665137084024,5.4759466e-06,-7.093503e-06,4.6642697e-07,5.0844857e-08,5.941675e-06
0.6122966876180927,33.32910615817684,19.1054991709405,5.4759466e-06,-7.093503e-06,4.6642697e-07,5.0844857e-08,5.941675e-06
0.6432610959009756,33.12075849303976,18.883738865538117,5.4759466e-06,-7.093503e-06,4.6642697e-07,5.0844857e-08,5.941675e-06
0.6544499286623221,33.17347819380712,18.908177225928355,5.4759466e-06,-7.093503e-06,4.6642697e-07,5.0844857e-08,5.941675e-06
0.6646620136505611,33.29961400532141,18.96653221763776,7.605527e-06,-6.238888e-06,6.976092e-07,1.7624313e-07,8.304025e-06
0.6706998804611883,33.6209439710022,19.206981837812826,7.605527e-06,-6.238888e-06,6.976092e-07,1.7624313e-07,8.304025e-06
0.7098110515559326,33.490323526009334,19.072578182238846,7.605527e-06,-6.238888e-06,6.976092e-07,1.7624313e-07,8.304025e-06
0.7857544441445263,33.340620444992865,18.929815678864767,7.605527e-06,-6.238888e-06,6.976092e-07,1.7624313e-07,8.304025e-06
0.882848879805653,33.1297848301392,18.699677630817877,9.84543e-06,-1.0440917e-05,1.0125807e-06,3.0662432e-07,1.0859344e-05
0.9450472371110168,33.01273088343038,18.533905834265223,9.84543e-06,-1.0440917e-05,1.0125807e-06,3.0662432e-07,1.0859344e-05
0.9977098677360892,33.34721821617244,18.855641846296223,9.84543e-06,-1.0440917e-05,1.0125807e-06,3.0662432e-07,1.0859344e-05
1.0576470134577565,33.41311610689083,18.91003586164347,9.84543e-06,-1.0440917e-05,1.0125807e-06,3.0662432e-07,1.0859344e-05
1.0930571087031966,33.3442490263371,18.795282073034357,7.945318e-06,-1.8503219e-05,1.2513167e-06,1.0676467e-06,9.196762e-06
1.0909335595573209,33.23681833956735,18.631253229475956,7.945318e-06,-1.8503219e-05,1.2513167e-06,1.0676467e-06,9.196762e-06
1.1544190799367602,32.993865345312926,18.388178382755562,7.945318e-06,-1.8503219e-05,1.2513167e-06,1.0676467e-06,9.196762e-06
1.288073111479582,32.69413411483438,18.185715497628504,7.945318e-06,-1.8503219e-05,1.2513167e-06,1.0676467e-06,9.196762e-06
1.3387552539235723,32.23886785177188,17.789055643388732,1.3351885e-05,-2.1035203e-05,2.3136631e-06,1.3485313e-06,1.566542e-05
1.3876030540238307,32.46946438900243,18.017832877029267,1.3351885e-05,-2.1035203e-05,2.3136631e-06,1.3485313e-06,1.566542e-05
1.51969151274438,32.27457987891876,17.83764469980334,1.3351885e-05,-2.1035203e-05,2.3136631e-06,1.3485313e-06,1.566542e-05
1.6516951374696334,31.55345042995411,17.246949061041917,1.3351885e-05,-2.1035203e-05,2.3136631e-06,1.3485313e-06,1.566542e-05
1.7708514248255118,31.644348513477038,17.453232175220762,1.5133613e-05,-3.199011e-05,7.720293e-06,2.012974e-06,2.2852255e-05
1.7814290672116608,31.923261867119113,17.80102340647052,1.5133613e-05,-3.199011e-05,7.720293e-06,2.012974e-06,2.2852255e-05
1.6787915011761076,32.646926310106814,18.55364786179771,1.5133613e-05,-3.199011e-05,7.720293e-06,2.012974e-06,2.2852255e-05
1.671596421547835,32.66917094050052,18.675894805845832,1.5133613e-05,-3.199011e-05,7.720293e-06,2.012974e-06,2.2852255e-05
1.6697740330852582,32.50233871900667,18.672117379400763,2.1972595e-05,-3.4611003e-05,7.924307e-06,5.3790814e-06,2.9896775e-05
1.6321513129988818,32.34187830177766,18.660923533721512,2.1972595e-05,-3.4611003e-05,7.924307e-06,5.3790814e-06,2.9896775e-05
1.7147927351251302,32.347316546485175,18.688624146839935,2.1972595e-05,-3.4611003e-05,7.924307e-06,5.3790814e-06,2.9896775e-05
1.7418640342420855,32.399726217560634,18.730659391508887,2.1972595e-05,-3.4611003e-05,7.924307e-06,5.3790814e-06,2.9896775e-05
1.7604746847645856,32.46133227933521,18.82860139590483,1.911481e-05,-3.3028467e-05,5.7443262e-06,3.8282815e-06,2.4860024e-05
1.8666559981490765,32.37168896772452,18.85193421509274,1.911481e-05,-3.3028467e-05,5.7443262e-06,3.8282815e-06,2.4860024e-05
1.9742150927389812,32.356474761886396,18.86707438398951,1.911481e-05,-3.3028467e-05,5.7443262e-06,3.8282815e-06,2.4860024e-05
1.965584004935796,32.225636447769254,18.883115335672695,1.911481e-05,-3.3028467e-05,5.7443262e-06,3.8282815e-06,2.4860024e-05
2.0444198511548994,31.98818069640998,18.90246095708171,2.145526e-05,-3.2316682e-05,7.1910877e-06,4.116942e-06,2.8643872e-05
2.164220876875024,31.743271892954922,18.910930860293835,2.145526e-05,-3.2316682e-05,7.1910877e-06,4.116942e-06,2.8643872e-05
2.1722473296571936,31.76231519685343,18.965692361084333,2.145526e-05,-3.2316682e-05,7.1910877e-06,4.116942e-06,2.8643872e-05
2.2491335364207767,31.781498862453244,19.0052384992095,2.145526e-05,-3.2316682e-05,7.1910877e-06,4.116942e-06,2.8643872e-05
2.4200670959780974,31.661272509929436,18.938460648594454,1.677601e-05,-3.3368528e-05,8.815965e-06,3.8428175e-06,2.5595466e-05
2.5211290633555703,31.604576408437126,18.97537847530174,1.677601e-05,-3.3368528e-05,8.815965e-06,3.8428175e-06,2.5595466e-05
2.632802221108241,31.61992056453168,18.99884587205491,1.677601e-05,-3.3368528e-05,8.815965e-06,3.8428175e-06,2.5595466e-05
2.701205028342267,31.60958469903212,18.972679211815063,1.677601e-05,-3.3368528e-05,8.815965e-06,3.8428175e-06,2.5595466e-05
2.827775806886978,31.653952107353565,19.000150387537115,1.6496204e-05,-3.4349738e-05,6.4868136e-06,3.2065268e-06,2.297921e-05
3.0106485944549415,31.640147302664555,18.981122122392318,1.6496204e-05,-3.4349738e-05,6.4868136e-06,3.2065268e-06,2.297921e-05
3.0935610997570664,31.64450237149578,18.982699649095746,1.6496204e-05,-3.4349738e-05,6.4868136e-06,3.2065268e-06,2.297921e-05
3.1345332202213396,31.641058111286778,18.986664867157675,1.6496204e-05,-3.4349738e-05,6.4868136e-06,3.2065268e-06,2.297921e-05
3.0713006593915084,31.59176184783866,18.969458990475456,2.3831828e-05,-3.284601e-05,1.1369316e-05,7.176488e-06,3.5200002e-05
3.0362395403539892,31.650273011221223,19.075097366290056,2.3831828e-05,-3.284601e-05,1.1369316e-05,7.176488e-06,3.5200002e-05
3.197461535495315,31.629443951721743,19.063970230979834,2.3831828e-05,-3.284601e-05,1.1369316e-05,7.176488e-06,3.5200002e-05
3.4102298230054373,31.633693749276983,19.128215786835305,2.3831828e-05,-3.284601e-05,1.1369316e-05,7.176488e-06,3.5200002e-05
3.6119693055180657,31.570184321135233,19.15965063818301,2.7028325e-05,-3.3122782e-05,1.1395468e-05,6.606118e-06,3.8424238e-05
4.11436278101261,31.511743724212394,19.263025103150426,2.7028325e-05,-3.3122782e-05,1.1395468e-05,6.606118e-06,3.8424238e-05
4.050553734623838,31.73640419542668,19.75377781205414,2.4372333e-05,-3.3433593e-05,1.327438e-05,7.1917225e-06,3.7643476e-05
6.910047044306482,17.510426869239964,7.417309991130992,6.220649e-05,-2.8407152e-05,5.6847595e-05,8.5259904e-05,0.00011906088
7.249422743222921,24.760177380171985,14.721935757529018,6.220649e-05,-2.8407152e-05,5.6847595e-05,8.5259904e-05,0.00011906088
8.366664095939537,28.8882956079127,18.855501098985847,6.220649e-05,-2.8407152e-05,5.6847595e-05,8.5259904e-05,0.00011906088
6.540146145837349,20.792428565919874,10.840143832182934,6.316734e-05,-2.2115271e-05,4.826935e-05,7.736102e-05,0.000111430214
6.047797400994871,28.283649404233987,18.23101453746192,6.316734e-05,-2.2115271e-05,4.826935e-05,7.736102e-05,0.000111430214
5.693684880268384,33.45584544788493,23.3872972660317,6.316734e-05,-2.2115271e-05,4.826935e-05,7.736102e-05,0.000111430214
6.073573824856361,29.917321945012148,19.8139883546061,6.316734e-05,-2.2115271e-05,4.826935e-05,7.736102e-05,0.000111430214
6.925236185555084,27.10009755909459,16.995902518027222,4.802852e-05,-2.7682763e-05,7.2388226e-05,8.079153e-05,0.00012041154
7.7349400377896895,21.479002043728066,11.384177303050167,4.802852e-05,-2.7682763e-05,7.2388226e-05,8.079153e-05,0.00012041154
8.459076466278487,28.43959318243165,18.330750780858367,4.802852e-05,-2.7682763e-05,7.2388226e-05,8.079153e-05,0.00012041154
8.588962325993908,33.75785986966413,23.531045771796553,4.802852e-05,-2.7682763e-05,7.2388226e-05,8.079153e-05,0.00012041154
7.486571164153781,32.49223614699418,22.168409362588207,4.479743e-05,-3.212772e-05,4.448309e-05,5.2688443e-05,8.927709e-05
6.598479157829791,30.15779277368604,19.794244399028265,4.479743e-05,-3.212772e-05,4.448309e-05,5.2688443e-05,8.927709e-05
6.344596845717811,29.740854124088997,19.36864381290248,4.479743e-05,-3.212772e-05,4.448309e-05,5.2688443e-05,8.927709e-05
6.397339683029345,29.916129641769174,19.509094589904755,4.479743e-05,-3.212772e-05,4.448309e-05,5.2688443e-05,8.927709e-05
6.635004820113369,29.932050283422665,19.501610303474337,8.347608e-05,-3.4159635e-05,2.0589629e-05,6.207665e-05,0.0001040593
6.847986735048008,29.46700883044769,19.025708942274324,8.347608e-05,-3.4159635e-05,2.0589629e-05,6.207665e-05,0.0001040593
7.059042918289438,29.245311379323642,18.799133922029846,8.347608e-05,-3.4159635e-05,2.0589629e-05,6.207665e-05,0.0001040593
7.29050321983573,30.729783673311996,20.251061967377474,8.347608e-05,-3.4159635e-05,2.0589629e-05,6.207665e-05,0.0001040593
3.480490109127367,22.240977518991247,11.723495160606179,5.9135426e-05,-3.0383071e-05,4.7992213e-05,7.812928e-05,0.000107126114
0.4700979447036594,33.2886156634404,19.241467242509543,1.3230454e-06,-3.815477e-06,3.092586e-07,3.222396e-07,1.6319866e-06
0.47586202907492386,33.08492924073574,19.072187945860485,1.3230454e-06,-3.815477e-06,3.092586e-07,3.222396e-07,1.6319866e-06
0.49282265838892536,33.126485558940345,19.10637064743763,1.3230454e-06,-3.815477e-06,3.092586e-07,3.222396e-07,1.6319866e-06
0.5119696911271353,33.24936258820807,19.11090309644083,1.3230454e-06,-3.815477e-06,3.092586e-07,3.222396e-07,1.6319866e-06
0.555185285157907,33.43404581035746,19.206950603478194,4.7701487e-06,-6.2552135e-06,4.0104595e-07,1.04387475e-07,5.1695447e-06
0.6055388886746617,33.28923263795165,19.04022866617823,4.7701487e-06,-6.2552135e-06,4.0104595e-07,1.04387475e-07,5.1695447e-06
0.640653992981915,33.42134346199823,19.158314117148034,4.7701487e-06,-6.2552135e-06,4.0104595e-07,1.04387475e-07,5.1695447e-06
0.6461994370107584,33.4495418964254,19.086948675432847,4.7701487e-06,-6.2552135e-06,4.0104595e-07,1.04387475e-07,5.1695447e-06
0.6453869587012686,33.54605290556434,19.113624339644467,7.31017e-06,-5.3564704e-06,5.84938e-07,3.3591883e-07,7.894347e-06
0.6594859831103228,33.647365904446076,19.200669417344695,7.31017e-06,-5.3564704e-06,5.84938e-07,3.3591883e-07,7.894347e-06
0.6921054255196082,33.39584313423052,18.941481510045115,7.31017e-06,-5.3564704e-06,5.84938e-07,3.3591883e-07,7.894347e-06
0.739102302086145,33.18120040103343,18.677382100026993,7.31017e-06,-5.3564704e-06,5.84938e-07,3.3591883e-07,7.894347e-06
0.7953719199475572,33.083138472216866,18.558613349785986,1.0430114e-05,-1.0783597e-05,7.8761923e-07,1.4066443e-07,1.1216845e-05
0.8478332626383372,33.16063239887402,18.65111209655651,1.0430114e-05,-1.0783597e-05,7.8761923e-07,1.4066443e-07,1.1216845e-05
0.9169876219488683,33.11971850537925,18.59532988855898,1.0430114e-05,-1.0783597e-05,7.8761923e-07,1.4066443e-07,1.1216845e-05
1.0069907068214246,32.94467011144102,18.349354104808544,1.0430114e-05,-1.0783597e-05,7.8761923e-07,1.4066443e-07,1.1216845e-05
1.0876647514749547,32.93690702965334,18.29433848764123,8.094997e-06,-1.138828e-05,1.5604484e-06,1.8538377e-06,9.655318e-06
1.1043230632784482,32.934035398912584,18.287139551922262,8.094997e-06,-1.138828e-05,1.5604484e-06,1.8538377e-06,9.655318e-06
1.15341186904716,33.00274052365712,18.354358924921915,8.094997e-06,-1.138828e-05,1.5604484e-06,1.8538377e-06,9.655318e-06
1.2676589673389116,32.687082867389044,18.085000578413606,8.094997e-06,-1.138828e-05,1.5604484e-06,1.8538377e-06,9.655318e-06
1.3448899086106505,32.47274746462037,17.929037905371533,1.254078e-05,-2.32677e-05,1.7857272e-06,5.7370266e-07,1.4325681e-05
1.4158624146839933,31.741370069024022,17.25406007789303,1.254078e-05,-2.32677e-05,1.7857272e-06,5.7370266e-07,1.4325681e-05
1.492962634481163,32.36064319592797,17.89480237535187,1.254078e-05,-2.32677e-05,1.7857272e-06,5.7370266e-07,1.4325681e-05
1.5846755099679943,31.813028959241123,17.452059152431264,1.254078e-05,-2.32677e-05,1.7857272e-06,5.7370266e-07,1.4325681e-05
1.7035298654224347,32.056841861720585,17.822196043650948,1.6253469e-05,-3.0178351e-05,6.4550118e-06,1.5165542e-06,2.2707656e-05
1.7588524274090926,30.740335094281416,16.610206686461265,1.6253469e-05,-3.0178351e-05,6.4550118e-06,1.5165542e-06,2.2707656e-05
1.6790911194231288,32.535324490032,18.43853815601743,1.6253469e-05,-3.0178351e-05,6.4550118e-06,1.5165542e-06,2.2707656e-05
1.58706744302626,32.44993367524004,18.506334785794163,1.6253469e-05,-3.0178351e-05,6.4550118e-06,1.5165542e-06,2.2707656e-05
1.554498129796013,32.308200362472526,18.539848070026608,2.2972226e-05,-3.4791163e-05,7.835313e-06,5.5376145e-06,3.0807412e-05
1.5778887903443488,32.22194539775575,18.585039139320557,2.2972226e-05,-3.4791163e-05,7.835313e-06,5.5376145e-06,3.0807412e-05
1.650091003740408,32.2304453784753,18.61398141364285,2.2972226e-05,-3.4791163e-05,7.835313e-06,5.5376145e-06,3.0807412e-05
1.7735850075193766,32.16282844252497,18.622846951760305,2.2972226e-05,-3.4791163e-05,7.835313e-06,5.5376145e-06,3.0807412e-05
1.818291751822003,32.18987544827054,18.689346778236224,2.0061374e-05,-3.5408088e-05,8.021934e-06,4.81252e-06,2.8083754e-05
1.9047059730844869,32.26263602359927,18.787335826938648,2.0061374e-05,-3.5408088e-05,8.021934e-06,4.81252e-06,2.8083754e-05
1.9788909883160453,32.262912119693056,18.82245324490032,2.0061374e-05,-3.5408088e-05,8.021934e-06,4.81252e-06,2.8083754e-05
2.000871476497127,31.915806115759842,18.717304978213086,2.0061374e-05,-3.5408088e-05,8.021934e-06,4.81252e-06,2.8083754e-05
2.134076659083022,31.728721320325455,18.783173562642194,2.3473502e-05,-3.4922698e-05,7.719722e-06,4.477934e-06,3.119259e-05
2.230940114911503,31.671172637180426,18.886194424092853,2.3473502e-05,-3.4922698e-05,7.719722e-06,4.477934e-06,3.119259e-05
2.2905822696949834,31.659945243512126,18.906689931747195,2.3473502e-05,-3.4922698e-05,7.719722e-06,4.477934e-06,3.119259e-05
2.4112489877761925,31.425727065900592,18.758380441907995,2.3473502e-05,-3.4922698e-05,7.719722e-06,4.477934e-06,3.119259e-05
2.5063432691936915,31.33952994254425,18.718705124744535,1.935418e-05,-3.402143e-05,8.313674e-06,3.838406e-06,2.7667855e-05
2.615048779547295,31.516892762117763,18.906720009254617,1.935418e-05,-3.402143e-05,8.313674e-06,3.838406e-06,2.7667855e-05
2.77973161608761,31.502205298268613,18.899145875911,1.935418e-05,-3.402143e-05,8.313674e-06,3.838406e-06,2.7667855e-05
2.8766428874407124,31.62778968881348,19.049069910924306,1.935418e-05,-3.402143e-05,8.313674e-06,3.838406e-06,2.7667855e-05
2.9383418810010413,31.726684918829292,19.13465507268731,1.8298182e-05,-3.404029e-05,8.289235e-06,3.7618847e-06,2.6588623e-05
3.0943357883777427,31.673081402074576,19.035876682219566,1.8298182e-05,-3.404029e-05,8.289235e-06,3.7618847e-06,2.6588623e-05
3.1869047159989203,31.697648170284964,19.059734315351097,1.8298182e-05,-3.404029e-05,8.289235e-06,3.7618847e-06,2.6588623e-05
3.2341314155708942,31.87506613195542,19.26954690934331,1.8298182e-05,-3.404029e-05,8.289235e-06,3.7618847e-06,2.6588623e-05
3.1811722515713567,31.793852620213627,19.206391084718312,2.0880669e-05,-3.407301e-05,1.0425735e-05,6.0022003e-06,3.1307864e-05
3.1400161955809196,31.398373500944743,18.830618131338447,2.0880669e-05,-3.407301e-05,1.0425735e-05,6.0022003e-06,3.1307864e-05
3.222041800023137,31.3384980526742,18.781067751513515,2.0880669e-05,-3.407301e-05,1.0425735e-05,6.0022003e-06,3.1307864e-05
7.150807465391587,24.60267921181506,14.560994485790307,4.580893e-05,-1.8522735e-05,5.2006544e-05,7.823408e-05,9.781687e-05
7.495009061813134,26.178687386727336,16.142815717425673,4.580893e-05,-1.8522735e-05,5.2006544e-05,7.823408e-05,9.781687e-05
6.5101708248178,24.090343192071877,14.241134847491612,5.2167266e-05,-2.1987164e-05,5.975299e-05,7.9336955e-05,0.00011191112
6.350592681139861,22.715341071221992,12.740594223576139,4.1888037e-05,-2.0042196e-05,3.2732536e-05,4.9053193e-05,7.461511e-05
6.011214668569004,14.880734970886515,4.819563876142367,4.1888037e-05,-2.0042196e-05,3.2732536e-05,4.9053193e-05,7.461511e-05
5.940890371341533,30.13313654417152,20.055739405390813,4.1888037e-05,-2.0042196e-05,3.2732536e-05,4.9053193e-05,7.461511e-05
6.377029267728377,35.246772066479004,25.15116955230787,4.1888037e-05,-2.0042196e-05,3.2732536e-05,4.9053193e-05,7.461511e-05
7.241490764662784,33.5572074191185,23.463225619866577,6.150933e-05,-2.5273559e-05,0.00011281134,0.00013436179,0.00017432016
8.062659931361585,18.025171788840474,7.939217984807002,6.150933e-05,-2.5273559e-05,0.00011281134,0.00013436179,0.00017432016
8.704614969344078,27.771556703813676,17.672275864728338,6.150933e-05,-2.5273559e-05,0.00011281134,0.00013436179,0.00017432016
8.81537808969267,22.80849689584699,12.61913816372961,6.150933e-05,-2.5273559e-05,0.00011281134,0.00013436179,0.00017432016
7.896093008907569,25.411247059730844,15.127095206879266,6.278242e-05,-2.8911898e-05,7.621936e-05,0.000102383834,0.00013900387
6.942716615894806,29.73330736898932,19.379840357845218,6.278242e-05,-2.8911898e-05,7.621936e-05,0.000102383834,0.00013900387
6.741294875255466,29.578534299926734,19.21698453707631,6.278242e-05,-2.8911898e-05,7.621936e-05,0.000102383834,0.00013900387
6.896918983534492,30.933805575907144,20.555405082327535,6.278242e-05,-2.8911898e-05,7.621936e-05,0.000102383834,0.00013900387
7.051409786758184,31.066705741719044,20.663497474260595,8.143416e-05,-3.357753e-05,3.0380976e-05,6.711229e-05,0.00011181057
7.155830794740292,29.99554968572861,19.560838699726215,8.143416e-05,-3.357753e-05,3.0380976e-05,6.711229e-05,0.00011181057
7.465032198357305,29.84368950757722,19.403520996413835,8.143416e-05,-3.357753e-05,3.0380976e-05,6.711229e-05,0.00011181057
7.616211776500983,32.15814367793931,21.694561755292483,8.143416e-05,-3.357753e-05,3.0380976e-05,6.711229e-05,0.00011181057
7.3656487872594765,30.68750510932017,20.18383411097829,3.3738324e-05,-3.1886684e-05,3.6540758e-05,4.552646e-05,7.027965e-05
6.136468592141288,22.593536806385686,12.055708942274324,3.3738324e-05,-3.1886684e-05,3.6540758e-05,4.552646e-05,7.027965e-05
4.42968341495392,12.46506150464659,1.9269660278409748,3.3738324e-05,-3.1886684e-05,3.6540758e-05,4.552646e-05,7.027965e-05
3.616759341379709,9.799092661859406,-0.7020761192303242,3.3738324e-05,-3.1886684e-05,3.6540758e-05,4.552646e-05,7.027965e-05
0.46902093857247523,33.422618285582075,19.281351559788686,1.748149e-06,-5.7143056e-06,3.1052815e-07,3.3074548e-07,2.0582963e-06
0.6413465468707824,33.52785755600972,19.083126132726644,4.264747e-06,-5.5568935e-06,4.824231e-07,1.3514195e-07,4.7465355e-06
0.6455716654455713,33.56869818378129,19.079418115914084,6.046666e-06,-5.1586167e-06,6.4409835e-07,2.4841617e-07,6.6913353e-06
0.6634504299541124,33.53338179153973,19.022450545636833,6.046666e-06,-5.1586167e-06,6.4409835e-07,2.4841617e-07,6.6913353e-06
0.7022855049550765,33.500313885782596,18.94060926232985,6.046666e-06,-5.1586167e-06,6.4409835e-07,2.4841617e-07,6.6913353e-06
0.7379238807696757,33.36173292715844,18.76934176531832,6.046666e-06,-5.1586167e-06,6.4409835e-07,2.4841617e-07,6.6913353e-06
0.7639775575521536,33.25744958161416,18.646358307947402,8.870365e-06,-9.590389e-06,6.3882976e-07,1.0660916e-07,9.509575e-06
0.7947553310453862,33.302897852157486,18.68468090849497,8.870365e-06,-9.590389e-06,6.3882976e-07,1.0660916e-07,9.509575e-06
0.8525346084139899,33.10691628427101,18.468160644738365,8.870365e-06,-9.590389e-06,6.3882976e-07,1.0660916e-07,9.509575e-06
0.9294933096826437,32.9577615393514,18.294974742605948,8.870365e-06,-9.590389e-06,6.3882976e-07,1.0660916e-07,9.509575e-06
1.0222303628581344,32.827981722130104,18.14552384992095,1.0092355e-05,-1.1729673e-05,1.7873776e-06,1.4342884e-06,1.18785265e-05
1.090463887710639,32.90065514980912,18.214048509620945,1.0092355e-05,-1.1729673e-05,1.7873776e-06,1.4342884e-06,1.18785265e-05
1.1389029421972003,32.71261635753673,18.072692708132497,1.0092355e-05,-1.1729673e-05,1.7873776e-06,1.4342884e-06,1.18785265e-05
1.2112351058496895,32.655918327999075,18.044381290247948,1.0092355e-05,-1.1729673e-05,1.7873776e-06,1.4342884e-06,1.18785265e-05
1.2639486368719393,32.460472756719234,17.89826205992365,1.3740108e-05,-2.0444984e-05,1.4315272e-06,8.9365705e-07,1.5175e-05
1.3555415879381483,32.40811437165002,17.883275363436546,1.3740108e-05,-2.0444984e-05,1.4315272e-06,8.9365705e-07,1.5175e-05
1.453969074152624,32.269062969961055,17.864405583619327,1.3740108e-05,-2.0444984e-05,1.4315272e-06,8.9365705e-07,1.5175e-05
1.4984760729572362,32.16095708171056,17.841243974858287,1.3740108e-05,-2.0444984e-05,1.4315272e-06,8.9365705e-07,1.5175e-05
1.576649057185825,32.11463926271546,17.8870682142444,1.9256298e-05,-2.764117e-05,4.0464506e-06,5.071473e-07,2.3299513e-05
1.6521007982107738,32.20042069949485,18.04962094628466,1.9256298e-05,-2.764117e-05,4.0464506e-06,5.071473e-07,2.3299513e-05
1.6308232753634366,32.036437743415725,18.06285235028728,1.9256298e-05,-2.764117e-05,4.0464506e-06,5.071473e-07,2.3299513e-05
1.521993598889446,31.62146955616396,17.74083869972622,1.9256298e-05,-2.764117e-05,4.0464506e-06,5.071473e-07,2.3299513e-05
1.442148613735395,32.23451586781321,18.480027763853005,1.7785227e-05,-3.586139e-05,9.286772e-06,3.7721045e-06,2.7075615e-05
1.4502240388693943,32.149165927582615,18.48541009524544,1.7785227e-05,-3.586139e-05,9.286772e-06,3.7721045e-06,2.7075615e-05
1.6193244129101918,32.070687926580035,18.55602012879343,1.7785227e-05,-3.586139e-05,9.286772e-06,3.7721045e-06,2.7075615e-05
1.8688069255388886,31.9972883970231,18.507390197817454,1.7785227e-05,-3.586139e-05,9.286772e-06,3.7721045e-06,2.7075615e-05
2.0464219334438747,32.00386881579455,18.55700188948444,1.9769e-05,-3.471605e-05,1.1008261e-05,6.196566e-06,3.0777832e-05
2.0563158909497554,32.04344348899086,18.642383449658734,1.9769e-05,-3.471605e-05,1.1008261e-05,6.196566e-06,3.0777832e-05
2.1301823930898856,31.804318821578683,18.593388732502987,1.9769e-05,-3.471605e-05,1.1008261e-05,6.196566e-06,3.0777832e-05
2.232593606601627,31.670750395249293,18.593310839470945,1.9769e-05,-3.471605e-05,1.1008261e-05,6.196566e-06,3.0777832e-05
2.305246982609031,31.424545945320634,18.51896039794856,2.5483112e-05,-3.555371e-05,5.7980274e-06,4.302135e-06,3.128222e-05
2.3045042995411253,31.358482628311418,18.57151004511626,2.5483112e-05,-3.555371e-05,5.7980274e-06,4.302135e-06,3.128222e-05
2.4312343346315504,31.101411329194462,18.474965873597345,2.5483112e-05,-3.555371e-05,5.7980274e-06,4.302135e-06,3.128222e-05
2.5997358577873753,31.048750626614737,18.453901978174525,2.5483112e-05,-3.555371e-05,5.7980274e-06,4.302135e-06,3.128222e-05
2.6383561485366136,30.988644969729688,18.42043805190298,2.5160778e-05,-3.565334e-05,8.692249e-06,4.3340638e-06,3.385239e-05
2.8023279219527244,31.072635252381136,18.510994100181236,2.5160778e-05,-3.565334e-05,8.692249e-06,4.3340638e-06,3.385239e-05
2.954787722207226,31.407609223768944,18.86101723672541,2.5160778e-05,-3.565334e-05,8.692249e-06,4.3340638e-06,3.385239e-05
3.0312212239231866,31.637051247445342,19.09848879805653,2.5160778e-05,-3.565334e-05,8.692249e-06,4.3340638e-06,3.385239e-05
3.0514502757104847,31.888501523155824,19.344471137161147,2.2873266e-05,-3.415616e-05,1.0586966e-05,4.858445e-06,3.3459597e-05
3.1358153703775113,32.04781436779393,19.493103381791542,2.2873266e-05,-3.415616e-05,1.0586966e-05,4.858445e-06,3.3459597e-05
3.2261481510045114,32.14812902479466,19.587426830679057,2.2873266e-05,-3.415616e-05,1.0586966e-05,4.858445e-06,3.3459597e-05
6.950539852697336,17.046681062738596,6.964640419542667,1.5281259e-05,-1.1147404e-05,2.7278234e-05,3.3187345e-05,4.255505e-05
7.128770292677284,11.984481162996953,1.9152840010797052,1.5281259e-05,-1.1147404e-05,2.7278234e-05,3.3187345e-05,4.255505e-05
6.6934388616820275,24.9053599660664,14.807368603709559,2.877381e-05,-1.5559792e-05,2.6222679e-05,3.3887114e-05,5.500017e-05
7.47878995873983,28.45837311533567,18.35913006593915,6.04586e-05,-2.2524573e-05,0.0001637968,0.00019513171,0.00022425374
8.118346122700807,33.57990166968727,23.47956580418771,6.04586e-05,-2.2524573e-05,0.0001637968,0.00019513171,0.00022425374
8.47789650252574,25.50273049782131,15.353471252843867,6.04586e-05,-2.2524573e-05,0.0001637968,0.00019513171,0.00022425374
8.435541973547219,29.360250260286122,19.165047237111015,6.04586e-05,-2.2524573e-05,0.0001637968,0.00019513171,0.00022425374
7.939489839201018,25.955038753711488,15.700424941194617,8.3306535e-05,-2.6004593e-05,7.8141056e-05,0.00012306518,0.00016145597
7.3528403964061235,27.03934407897274,16.744413681409785,8.3306535e-05,-2.6004593e-05,7.8141056e-05,0.00012306518,0.00016145597
7.5965619095361125,22.887491613002737,12.53290055142097,8.3306535e-05,-2.6004593e-05,7.8141056e-05,0.00012306518,0.00016145597
8.327234026144295,31.555611768788804,21.188988933019708,8.3306535e-05,-2.6004593e-05,7.8141056e-05,0.00012306518,0.00016145597
8.304741063509814,32.34470558747542,21.957951644622685,7.311922e-05,-3.4472505e-05,4.7704663e-05,8.022303e-05,0.00012082617
7.9476693787837895,33.16370184706744,22.760401033432306,7.311922e-05,-3.4472505e-05,4.7704663e-05,8.022303e-05,0.00012082617
8.046796745459453,34.25276674507384,23.824025758685842,7.311922e-05,-3.4472505e-05,4.7704663e-05,8.022303e-05,0.00012082617
7.975573979099988,35.10626576177072,24.663763544518567,7.311922e-05,-3.4472505e-05,4.7704663e-05,8.022303e-05,0.00012082617
7.489904754559828,35.64659661435237,25.17604365094667,3.9157585e-05,-3.159965e-05,3.592408e-05,4.4473793e-05,7.508192e-05
6.136389927891104,32.128558207689046,21.64331700921606,3.9157585e-05,-3.159965e-05,3.592408e-05,4.4473793e-05,7.508192e-05
4.508875949562333,18.686914356225657,8.208645740947826,3.9157585e-05,-3.159965e-05,3.592408e-05,4.4473793e-05,7.508192e-05
3.671930744611113,32.53452897852157,22.07180349361817,3.9157585e-05,-3.159965e-05,3.592408e-05,4.4473793e-05,7.508192e-05
0.6435233100682529,33.38241352716616,18.798256275787605,4.2667784e-06,-4.6488867e-06,6.397819e-07,4.1323347e-08,4.905481e-06
0.6643816758570161,33.394674738749856,18.768774919986118,4.2667784e-06,-4.6488867e-06,6.397819e-07,4.1323347e-08,4.905481e-06
0.6978155246211392,33.413215979639844,18.737688273628194,4.2667784e-06,-4.6488867e-06,6.397819e-07,4.1323347e-08,4.905481e-06
0.7372236146994177,33.44249180580727,18.75446805228859,4.2667784e-06,-4.6488867e-06,6.397819e-07,4.1323347e-08,4.905481e-06
0.7719932132803763,33.3509439710022,18.643199398449852,8.217316e-06,-7.93893e-06,4.764563e-07,1.8462205e-07,8.6937725e-06
0.7863756603555316,33.2283677168087,18.494917286854587,8.217316e-06,-7.93893e-06,4.764563e-07,1.8462205e-07,8.6937725e-06
0.8214333089114256,33.26878764508541,18.523406084911116,8.217316e-06,-7.93893e-06,4.764563e-07,1.8462205e-07,8.6937725e-06
0.8863417267574133,33.055413180117995,18.321383565341456,8.217316e-06,-7.93893e-06,4.764563e-07,1.8462205e-07,8.6937725e-06
0.9719835730536383,32.7979223383334,18.076007789303205,1.1027748e-05,-1.072282e-05,1.9514014e-06,8.3290985e-07,1.2977944e-05
1.0410214784251726,32.64471252843867,17.92922762503374,1.1027748e-05,-1.072282e-05,1.9514014e-06,8.3290985e-07,1.2977944e-05
1.0945617552924845,32.53302047584159,17.873481664288743,1.1027748e-05,-1.072282e-05,1.9514014e-06,8.3290985e-07,1.2977944e-05
1.1442513399915166,32.51161531639224,17.89594724867929,1.1027748e-05,-1.072282e-05,1.9514014e-06,8.3290985e-07,1.2977944e-05
1.1667246365634518,32.4530571087032,17.911123279219527,1.2903295e-05,-1.352572e-05,1.5300429e-06,2.6620235e-06,1.4435496e-05
1.2394292985771025,32.13337176570393,17.651891798095093,1.2903295e-05,-1.352572e-05,1.5300429e-06,2.6620235e-06,1.4435496e-05
1.3248864381290248,32.09290787799329,17.738254733351326,1.2903295e-05,-1.352572e-05,1.5300429e-06,2.6620235e-06,1.4435496e-05
1.3466525276674506,32.08608298307176,17.801121736783248,1.2903295e-05,-1.352572e-05,1.5300429e-06,2.6620235e-06,1.4435496e-05
1.3512790652836155,32.12965487988277,17.931733312767516,1.9586378e-05,-2.619638e-05,2.4157337e-06,9.481836e-07,2.1999764e-05
1.4587421432152083,31.984806617051632,17.862417383256854,1.9586378e-05,-2.619638e-05,2.4157337e-06,9.481836e-07,2.1999764e-05
1.5721262484093625,31.92796861142174,17.98733428450237,1.9586378e-05,-2.619638e-05,2.4157337e-06,9.481836e-07,2.1999764e-05
1.5115790691397062,31.621382794123317,17.776113446188255,1.9586378e-05,-2.619638e-05,2.4157337e-06,9.481836e-07,2.1999764e-05
1.5274356996876566,32.12017815139012,18.412017892260824,1.806865e-05,-3.388074e-05,1.2415793e-05,5.6041063e-06,3.0482412e-05
1.4972043342459416,31.93656268075425,18.33406740446535,1.806865e-05,-3.388074e-05,1.2415793e-05,5.6041063e-06,3.0482412e-05
1.5642463270736127,31.7724775382717,18.326888906027072,1.806865e-05,-3.388074e-05,1.2415793e-05,5.6041063e-06,3.0482412e-05
1.8586256892762116,31.78763775884009,18.370952840010798,1.806865e-05,-3.388074e-05,1.2415793e-05,5.6041063e-06,3.0482412e-05
2.114055836193267,31.75978135965758,18.413353642077663,2.2149125e-05,-3.498607e-05,1.20734e-05,6.2367153e-06,3.422094e-05
2.1100069409632516,31.70127058188409,18.438815408938417,2.2149125e-05,-3.498607e-05,1.20734e-05,6.2367153e-06,3.422094e-05
2.2251864419851155,31.490819419272743,18.419250761577914,2.2149125e-05,-3.498607e-05,1.20734e-05,6.2367153e-06,3.422094e-05
2.377883777426445,31.26543554544403,18.296838005629894,2.2149125e-05,-3.498607e-05,1.20734e-05,6.2367153e-06,3.422094e-05
2.372934870628157,30.959589326340957,18.150863378706667,2.04774e-05,-3.570496e-05,4.6333566e-06,3.7998436e-06,2.5111647e-05
2.4174480391778816,30.75615200709521,18.081358886361006,2.04774e-05,-3.570496e-05,4.6333566e-06,3.7998436e-06,2.5111647e-05
2.539312844638106,30.4916816411522,17.970199359888944,2.04774e-05,-3.570496e-05,4.6333566e-06,3.7998436e-06,2.5111647e-05
2.6561577912312497,30.541350017352407,18.02393128446381,2.04774e-05,-3.570496e-05,4.6333566e-06,3.7998436e-06,2.5111647e-05
2.7752840010797053,30.52047969768249,18.013905448656153,2.3805358e-05,-3.4578778e-05,1.0847601e-05,4.154996e-06,3.4648645e-05
2.9957698685073075,30.473148883661747,17.979989588555124,2.3805358e-05,-3.4578778e-05,1.0847601e-05,4.154996e-06,3.4648645e-05
3.1706566922454016,31.00009254617669,18.520504376662938,2.3805358e-05,-3.4578778e-05,1.0847601e-05,4.154996e-06,3.4648645e-05
3.247196236455481,31.56219527243281,19.08002390776231,2.3805358e-05,-3.4578778e-05,1.0847601e-05,4.154996e-06,3.4648645e-05
3.21790421470713,32.32373886553812,19.844396714610728,2.0309632e-05,-3.5576173e-05,1.0985282e-05,4.956834e-06,3.1291358e-05
3.1919045231943857,32.79589711950025,20.32434465738634,2.0309632e-05,-3.5576173e-05,1.0985282e-05,4.956834e-06,3.1291358e-05
6.894901476882737,16.844578722091544,6.749758223113408,1.8280725e-05,-1.3510372e-05,2.0012116e-05,2.3942088e-05,3.829208e-05
7.6480133420738055,29.553791308371572,19.44891798095091,4.5202472e-05,-1.5877842e-05,0.0001282596,0.00014394973,0.00017346183
8.043340145760228,33.540272625612154,23.425838506921682,4.5202472e-05,-1.5877842e-05,0.0001282596,0.00014394973,0.00017346183
8.19736744688235,32.50674738749856,22.346843404156864,4.5202472e-05,-1.5877842e-05,0.0001282596,0.00014394973,0.00017346183
8.145950333551845,23.37953148498053,13.184719083792851,4.5202472e-05,-1.5877842e-05,0.0001282596,0.00014394973,0.00017346183
8.0207060502063,30.041776500983303,19.80587513978329,5.324066e-05,-2.3472621e-05,6.340315e-05,8.298411e-05,0.00011664547
7.911932287047392,27.2851170323526,17.02130721474569,5.324066e-05,-2.3472621e-05,6.340315e-05,8.298411e-05,0.00011664547
8.154143369452049,31.61692206840705,21.293617013072147,5.324066e-05,-2.3472621e-05,6.340315e-05,8.298411e-05,0.00011664547
8.990737284540932,32.15306096479389,21.807982493348245,5.324066e-05,-2.3472621e-05,6.340315e-05,8.298411e-05,0.00011664547
9.18245401611846,33.952068021439864,23.57956966027841,7.036674e-05,-3.0067322e-05,6.737921e-05,9.2424685e-05,0.00013774703
8.674188485713184,37.504707515520764,27.11454941580226,7.036674e-05,-3.0067322e-05,6.737921e-05,9.2424685e-05,0.00013774703
8.50343616241854,38.99542359156287,28.58207149192149,7.036674e-05,-3.0067322e-05,6.737921e-05,9.2424685e-05,0.00013774703
8.294831681641153,34.173745806501366,23.75382871245132,7.036674e-05,-3.0067322e-05,6.737921e-05,9.2424685e-05,0.00013774703
7.636835691975475,28.8923117263718,18.4679539582771,3.339574e-05,-2.8182376e-05,4.2751446e-05,4.3620763e-05,7.6142234e-05
5.998049974935411,22.610549878533142,12.189656807928122,3.339574e-05,-2.8182376e-05,4.2751446e-05,4.3620763e-05,7.6142234e-05
4.314909189064126,35.973135001735244,25.54946168973894,3.339574e-05,-2.8182376e-05,4.2751446e-05,4.3620763e-05,7.6142234e-05
3.7096972968804227,21.419413102996185,11.001928045347627,3.339574e-05,-2.8182376e-05,4.2751446e-05,4.3620763e-05,7.6142234e-05
3.2460621601820074,20.49575907145336,10.095737091736398,3.8029415e-05,-2.059379e-05,4.7655467e-05,5.876412e-05,8.568329e-05
0.6586812169822235,33.43487332742066,18.684357768094706,2.1309772e-06,-4.771619e-06,6.599675e-07,3.821299e-08,2.7908177e-06
0.6906640188177227,33.24927929664906,18.488016426946363,2.1309772e-06,-4.771619e-06,6.599675e-07,3.821299e-08,2.7908177e-06
0.7193070605020631,33.30871206570778,18.5538807696757,2.1309772e-06,-4.771619e-06,6.599675e-07,3.821299e-08,2.7908177e-06
0.7585705471792696,33.25674391701693,18.481045000578412,7.152113e-06,-7.047772e-06,4.0688582e-07,1.7011762e-07,7.5609664e-06
0.7850580341649636,33.16250684456099,18.344848262831142,7.152113e-06,-7.047772e-06,4.0688582e-07,1.7011762e-07,7.5609664e-06
0.8136933636679134,33.20059807966683,18.38146068715536,7.152113e-06,-7.047772e-06,4.0688582e-07,1.7011762e-07,7.5609664e-06
0.856946361778429,33.1115424362781,18.33315158292523,7.152113e-06,-7.047772e-06,4.0688582e-07,1.7011762e-07,7.5609664e-06
0.9472220722631397,32.895578992017896,18.153544518567077,9.438608e-06,-1.0823309e-05,1.6590277e-06,2.943733e-07,1.1097763e-05
1.0096537230555662,32.52160760421085,17.797595727451508,9.438608e-06,-1.0823309e-05,1.6590277e-06,2.943733e-07,1.1097763e-05
1.0598874021516986,32.481615702001314,17.768198820036247,9.438608e-06,-1.0823309e-05,1.6590277e-06,2.943733e-07,1.1097763e-05
1.0955257779662977,32.51154474993252,17.884193113022018,9.438608e-06,-1.0823309e-05,1.6590277e-06,2.943733e-07,1.1097763e-05
1.1336200979447038,32.391170323526005,17.8896406123472,1.373465e-05,-1.2932865e-05,1.7421822e-06,2.270372e-06,1.5478292e-05
1.176373732310184,32.165299039833414,17.775356881193847,1.373465e-05,-1.2932865e-05,1.7421822e-06,2.270372e-06,1.5478292e-05
1.1747352793737709,32.0756206377974,17.7187992133575,1.373465e-05,-1.2932865e-05,1.7421822e-06,2.270372e-06,1.5478292e-05
1.2049558477615394,32.166864227046624,17.89776616666024,1.373465e-05,-1.2932865e-05,1.7421822e-06,2.270372e-06,1.5478292e-05
1.2231851309142792,32.14198357305364,17.979007442255043,1.7699533e-05,-2.5811596e-05,2.074102e-06,3.9476174e-07,1.9772238e-05
1.2948004473065207,31.93771141017237,17.903207110631243,1.7699533e-05,-2.5811596e-05,2.074102e-06,3.9476174e-07,1.9772238e-05
1.4806605483360968,31.99495739019782,18.002661473797865,1.7699533e-05,-2.5811596e-05,2.074102e-06,3.9476174e-07,1.9772238e-05
1.6109142791038444,31.82893533335904,17.98887787760768,1.7699533e-05,-2.5811596e-05,2.074102e-06,3.9476174e-07,1.9772238e-05
1.8017421817761154,31.28796938263988,17.653788994717157,2.2289407e-05,-3.1007003e-05,1.2936556e-05,6.5881222e-06,3.5225647e-05
1.7267038136736976,31.670142289746657,18.21323333204797,2.2289407e-05,-3.1007003e-05,1.2936556e-05,6.5881222e-06,3.5225647e-05
1.6719955269347935,31.61948135580149,18.19332240774303,2.2289407e-05,-3.1007003e-05,1.2936556e-05,6.5881222e-06,3.5225647e-05
1.8794605329117342,31.64957891489608,18.30359966066402,2.2289407e-05,-3.1007003e-05,1.2936556e-05,6.5881222e-06,3.5225647e-05
2.110833301199244,31.538377357035436,18.306329387267187,2.0874766e-05,-3.657965e-05,1.3111816e-05,7.1818836e-06,3.3984677e-05
2.1629641769174413,31.407168086993405,18.300599236494044,2.0874766e-05,-3.657965e-05,1.3111816e-05,7.1818836e-06,3.3984677e-05
2.298658080438052,31.287556780935486,18.215143639378397,2.0874766e-05,-3.657965e-05,1.3111816e-05,7.1818836e-06,3.3984677e-05
2.464299926734277,31.046703042455558,18.12283576909729,2.0874766e-05,-3.657965e-05,1.3111816e-05,7.1818836e-06,3.3984677e-05
2.5525423205953803,30.560480083291562,17.860792426637875,2.5655452e-05,-3.7844293e-05,4.8346415e-06,4.961785e-06,3.0491045e-05
2.5587868738672737,30.07961824702117,17.588021439864264,2.5655452e-05,-3.7844293e-05,4.8346415e-06,4.961785e-06,3.0491045e-05
2.6125920641653493,30.002748235838506,17.530307330428414,2.5655452e-05,-3.7844293e-05,4.8346415e-06,4.961785e-06,3.0491045e-05
2.886501754521266,30.13202251956966,17.6512096556511,2.5655452e-05,-3.7844293e-05,4.8346415e-06,4.961785e-06,3.0491045e-05
3.096611653106081,30.178587899587395,17.70460725716269,2.0028494e-05,-3.4617944e-05,1.2384436e-05,5.029515e-06,3.240893e-05
3.223820614660857,30.182617514363937,17.744415995064205,2.0028494e-05,-3.4617944e-05,1.2384436e-05,5.029515e-06,3.240893e-05
3.283708402421625,30.372214167277214,17.935545829637913,2.0028494e-05,-3.4617944e-05,1.2384436e-05,5.029515e-06,3.240893e-05
3.3152751320711062,31.26047738402807,18.810534454170362,2.0028494e-05,-3.4617944e-05,1.2384436e-05,5.029515e-06,3.240893e-05
3.2515721281764547,32.65475803030887,20.211880229823006,2.8545102e-05,-3.8468752e-05,9.829751e-06,5.694497e-06,3.8372695e-05
7.884715998920295,26.226249566189797,16.094286816025914,4.3351873e-05,-1.2648721e-05,0.00010505754,0.0001242242,0.00014840884
8.003971002197972,37.39248447923495,27.252938341109783,4.3351873e-05,-1.2648721e-05,0.00010505754,0.0001242242,0.00014840884
8.11787143793622,36.791009138934946,26.606552654918442,4.3351873e-05,-1.2648721e-05,0.00010505754,0.0001242242,0.00014840884
8.358315659584314,24.873657887633517,14.640036247252535,5.127104e-05,-2.2291963e-05,6.0170794e-05,7.9198035e-05,0.000111443296
8.378754097096364,18.187842517256005,7.917055489145104,5.127104e-05,-2.2291963e-05,6.0170794e-05,7.9198035e-05,0.000111443296
8.256871168009871,32.262742066093395,21.983954035398913,5.127104e-05,-2.2291963e-05,6.0170794e-05,7.9198035e-05,0.000111443296
8.684819342150927,31.334636949061043,21.0104226275402,5.127104e-05,-2.2291963e-05,6.0170794e-05,7.9198035e-05,0.000111443296
9.06043882312112,33.02460185863571,22.6557864496973,4.6129488e-05,-2.4792778e-05,6.804381e-05,7.5653814e-05,0.00011417635
8.905471792696565,31.066387999845755,20.673956734662397,4.6129488e-05,-2.4792778e-05,6.804381e-05,7.5653814e-05,0.00011417635
8.602067635830796,31.64635252381136,21.251763390274938,4.6129488e-05,-2.4792778e-05,6.804381e-05,7.5653814e-05,0.00011417635
8.162931014537461,34.46338294836695,24.065173716885823,4.6129488e-05,-2.4792778e-05,6.804381e-05,7.5653814e-05,0.00011417635
7.778714764971272,33.47434889908611,23.08153549531485,5.957697e-05,-2.6166677e-05,6.6125926e-05,8.846681e-05,0.00012570168
4.036074114063163,32.12203061736012,21.744886438129026,5.957697e-05,-2.6166677e-05,6.6125926e-05,8.846681e-05,0.00012570168
0.6220525970770833,33.29090232522269,18.517038136736975,2.5124089e-06,-4.255475e-06,6.6821946e-07,1.327933e-07,3.1800569e-06
0.6395927968225813,33.271149500636255,18.488884047352794,2.5124089e-06,-4.255475e-06,6.6821946e-07,1.327933e-07,3.1800569e-06
0.657777349323256,33.146609339451665,18.323635907916554,2.5124089e-06,-4.255475e-06,6.6821946e-07,1.327933e-07,3.1800569e-06
0.6978135965757916,33.039465931438706,18.199898199205645,7.1491295e-06,-7.295248e-06,3.8257423e-07,1.371732e-07,7.5318944e-06
0.7600601550148459,33.0549866964871,18.220326610881887,7.1491295e-06,-7.295248e-06,3.8257423e-07,1.371732e-07,7.5318944e-06
0.7903358654995565,33.032433193228705,18.198247406779007,7.1491295e-06,-7.295248e-06,3.8257423e-07,1.371732e-07,7.5318944e-06
0.830776616666024,32.90200285350711,18.090847954343886,7.1491295e-06,-7.295248e-06,3.8257423e-07,1.371732e-07,7.5318944e-06
0.9136031311456446,32.686195195310994,17.913912389619405,9.559278e-06,-1.1201904e-05,1.3128256e-06,6.734881e-08,1.0871659e-05
0.9755064975128216,32.75577526703428,18.030801295646473,9.559278e-06,-1.1201904e-05,1.3128256e-06,6.734881e-08,1.0871659e-05
1.0086137353950566,32.623556086839166,17.909185593645162,9.559278e-06,-1.1201904e-05,1.3128256e-06,6.734881e-08,1.0871659e-05
1.0474962403115722,32.41751050784715,17.795726294682453,9.559278e-06,-1.1201904e-05,1.3128256e-06,6.734881e-08,1.0871659e-05
1.1024802375351868,32.32837157289939,17.837588400879188,1.3319131e-05,-1.2155063e-05,1.5563223e-06,2.267706e-06,1.4876786e-05
1.132793737708711,32.32334785794162,17.944803146570006,1.3319131e-05,-1.2155063e-05,1.5563223e-06,2.267706e-06,1.4876786e-05
1.1312513014306098,32.25423900050129,17.90766899317472,1.3319131e-05,-1.2155063e-05,1.5563223e-06,2.267706e-06,1.4876786e-05
1.209885474106351,32.083168935333354,17.871064666640958,1.3319131e-05,-1.2155063e-05,1.5563223e-06,2.267706e-06,1.4876786e-05
1.2670423784367408,32.0078768364632,17.90521459144719,1.460847e-05,-2.6641233e-05,2.519645e-06,3.949522e-07,1.7129702e-05
1.3395538503065592,32.01507577218216,18.01142135503027,1.460847e-05,-2.6641233e-05,2.519645e-06,3.949522e-07,1.7129702e-05
1.4267157675548527,31.992008252034086,18.032336790961324,1.460847e-05,-2.6641233e-05,2.519645e-06,3.949522e-07,1.7129702e-05
1.6855307908842017,31.672529981105153,17.9746084139899,1.460847e-05,-2.6641233e-05,2.519645e-06,3.949522e-07,1.7129702e-05
1.8708919137778122,31.436562295145183,17.951740639339835,2.5727053e-05,-3.3975037e-05,1.2325339e-05,7.0730844e-06,3.8053025e-05
1.8747711410172367,31.517228627617325,18.120067481587167,2.5727053e-05,-3.3975037e-05,1.2325339e-05,7.0730844e-06,3.8053025e-05
1.9519392280106427,31.462893610457716,18.09816295839278,2.5727053e-05,-3.3975037e-05,1.2325339e-05,7.0730844e-06,3.8053025e-05
2.0889711950025065,31.00564454555971,17.891685882851966,2.5727053e-05,-3.3975037e-05,1.2325339e-05,7.0730844e-06,3.8053025e-05
2.2357185825010606,30.884046967184666,17.886423475880154,2.4786772e-05,-3.7593687e-05,1.35410455e-05,7.28424e-06,3.8325215e-05
2.3745328346122703,31.056786334014575,18.030913893494777,2.4786772e-05,-3.7593687e-05,1.35410455e-05,7.28424e-06,3.8325215e-05
2.511975475263178,30.95953726911657,17.96540238306405,2.4786772e-05,-3.7593687e-05,1.35410455e-05,7.28424e-06,3.8325215e-05
2.6242821887170784,30.70978058843944,18.00301546292369,2.4786772e-05,-3.7593687e-05,1.35410455e-05,7.28424e-06,3.8325215e-05
2.859346007018085,30.34711718659623,17.857918867851772,2.707022e-05,-3.5175413e-05,6.417116e-06,4.4303897e-06,3.348702e-05
2.831136389927891,30.0585208036093,17.615037596884278,2.707022e-05,-3.5175413e-05,6.417116e-06,4.4303897e-06,3.348702e-05
2.95060926232985,29.992937184282574,17.5674148767979,2.707022e-05,-3.5175413e-05,6.417116e-06,4.4303897e-06,3.348702e-05
3.5066297767323484,30.795226930937414,18.44882466355609,2.707022e-05,-3.5175413e-05,6.417116e-06,4.4303897e-06,3.348702e-05
3.7435229244591834,30.86897543670227,18.524732580110285,2.7226944e-05,-3.7139504e-05,1.059509e-05,5.6093113e-06,3.781956e-05
7.331963521382023,20.482520726487486,10.341300273782439,2.0261643e-05,-1.296359e-05,5.1596104e-05,5.7687426e-05,7.1856164e-05
8.240627000347049,19.248941503104152,9.077193151582925,2.0261643e-05,-1.296359e-05,5.1596104e-05,5.7687426e-05,7.1856164e-05
8.738142906721166,26.429300119538812,16.195707014228976,4.7698697e-05,-2.2948867e-05,6.192948e-05,8.035937e-05,0.00010962443
8.712991169552307,27.5299506420391,17.265765241198473,4.7698697e-05,-2.2948867e-05,6.192948e-05,8.035937e-05,0.00010962443
8.471183819843443,27.8449057185825,17.572693479350633,4.7698697e-05,-2.2948867e-05,6.192948e-05,8.035937e-05,0.00010962443
8.48177187367447,33.52694559056029,23.22893649018625,4.7698697e-05,-2.2948867e-05,6.192948e-05,8.035937e-05,0.00010962443
8.660696024370493,29.95255080399491,19.604005707014228,3.696878e-05,-2.22951e-05,7.894619e-05,8.863795e-05,0.00011591358
8.619494080900783,22.21114333089114,11.824844406740446,3.696878e-05,-2.22951e-05,7.894619e-05,8.863795e-05,0.00011591358
8.354918829290865,26.349916708440983,15.96164192341804,3.696878e-05,-2.22951e-05,7.894619e-05,8.863795e-05,0.00011591358
8.058064628080054,34.61331238190722,24.248204218563224,3.696878e-05,-2.22951e-05,7.894619e-05,8.863795e-05,0.00011591358
7.770192418925693,29.956524119847302,19.59698762194887,5.7040885e-05,-2.3079578e-05,7.184347e-05,9.531976e-05,0.00012888708
4.8682717001503875,26.225825396213317,15.860382138587898,5.7040885e-05,-2.3079578e-05,7.184347e-05,9.531976e-05,0.00012888708
0.5933806347125284,33.03465854316894,18.194881810820192,2.443219e-06,-4.3523273e-06,5.841763e-07,1.2968295e-07,3.0278397e-06
0.6040836000462732,32.96847337369375,18.116949832260055,6.755193e-06,-7.702441e-06,3.9672952e-07,2.67237e-08,7.151669e-06
0.6809987274900706,32.859956040566075,18.004561369683415,6.755193e-06,-7.702441e-06,3.9672952e-07,2.67237e-08,7.151669e-06
0.7086827594185016,32.690242548104735,17.861013766243783,6.755193e-06,-7.702441e-06,3.9672952e-07,2.67237e-08,7.151669e-06
0.7337577603825243,32.64966104962789,17.843681024177688,6.755193e-06,-7.702441e-06,3.9672952e-07,2.67237e-08,7.151669e-06
0.8134049280839085,32.56772143600817,17.79184244013419,9.036928e-06,-1.094992e-05,1.0073757e-06,1.8195603e-07,1.0043541e-05
0.8961327266417306,32.54796205606756,17.786995719739327,9.036928e-06,-1.094992e-05,1.0073757e-06,1.8195603e-07,1.0043541e-05
0.9305787992133575,32.41095553927428,17.750273011221225,9.036928e-06,-1.094992e-05,1.0073757e-06,1.8195603e-07,1.0043541e-05
0.966207920410288,32.27749007056646,17.67964408282883,9.036928e-06,-1.094992e-05,1.0073757e-06,1.8195603e-07,1.0043541e-05
1.0368144834766513,32.27928585200324,17.769981105155594,1.13297065e-05,-1.2301975e-05,1.3534508e-06,2.1817584e-06,1.2685569e-05
1.073815601742953,32.27602822658389,17.841117109474414,1.13297065e-05,-1.2301975e-05,1.3534508e-06,2.1817584e-06,1.2685569e-05
1.0852292445918328,32.096582732425865,17.845872440519802,1.13297065e-05,-1.2301975e-05,1.3534508e-06,2.1817584e-06,1.2685569e-05
1.1411683954806617,32.00670728415532,17.84204758415918,1.13297065e-05,-1.2301975e-05,1.3534508e-06,2.1817584e-06,1.2685569e-05
1.3050738441368142,31.90400185092353,17.85192534608414,1.109078e-05,-2.1708103e-05,2.0292239e-06,7.122089e-08,1.3117466e-05
1.4446469748968496,31.81856283499788,17.85315890949755,1.109078e-05,-2.1708103e-05,2.0292239e-06,7.122089e-08,1.3117466e-05
1.5119939844985155,31.506848417074767,17.82462846566151,1.109078e-05,-2.1708103e-05,2.0292239e-06,7.122089e-08,1.3117466e-05
1.6983515212277793,31.335935294798137,17.809750510932016,1.109078e-05,-2.1708103e-05,2.0292239e-06,7.122089e-08,1.3117466e-05
1.8215779123124978,31.21496047507037,17.859487911155668,2.0698872e-05,-3.5971974e-05,1.1123471e-05,5.8322416e-06,3.1825453e-05
2.003342845023715,31.09012031002969,17.830487795472948,2.0698872e-05,-3.5971974e-05,1.1123471e-05,5.8322416e-06,3.1825453e-05
2.2598496124628853,30.62231442563529,17.622539235722826,2.0698872e-05,-3.5971974e-05,1.1123471e-05,5.8322416e-06,3.1825453e-05
2.377117186596229,30.37641884857132,17.486265376161647,2.0698872e-05,-3.5971974e-05,1.1123471e-05,5.8322416e-06,3.1825453e-05
2.4450167739945243,30.300360930089077,17.50470211699379,2.4782266e-05,-3.7793834e-05,1.6591865e-05,1.0018182e-05,4.1372605e-05
2.623084872556203,30.15087031966992,17.379946400339335,2.4782266e-05,-3.7793834e-05,1.6591865e-05,1.0018182e-05,4.1372605e-05
2.697275286314734,30.35845602128562,17.75812324065862,2.4782266e-05,-3.7793834e-05,1.6591865e-05,1.0018182e-05,4.1372605e-05
2.731678170670574,30.354584506227585,17.894155708942275,2.4782266e-05,-3.7793834e-05,1.6591865e-05,1.0018182e-05,4.1372605e-05
3.0429900127250993,30.42769405776424,18.08772606331701,3.5697027e-05,-3.7205922e-05,1.1260263e-05,1.113953e-05,4.6958558e-05
3.2706991092430493,30.438874792735124,18.148032622527282,3.5697027e-05,-3.7205922e-05,1.1260263e-05,1.113953e-05,4.6958558e-05
3.4726047892646434,31.300686769752822,19.070474684764587,3.5697027e-05,-3.7205922e-05,1.1260263e-05,1.113953e-05,4.6958558e-05
4.04816411521999,31.777542899008985,19.570015424362783,3.5697027e-05,-3.7205922e-05,1.1260263e-05,1.113953e-05,4.6958558e-05
8.087252149770562,21.872976516407668,11.648579416187868,4.24665e-05,-1.678738e-05,5.9807706e-05,8.081647e-05,0.00010226659
8.172052597077084,20.56018971966221,10.311796938263988,4.24665e-05,-1.678738e-05,5.9807706e-05,8.081647e-05,0.00010226659
8.172776385300581,34.62046157405622,24.35499633671384,4.24665e-05,-1.678738e-05,5.9807706e-05,8.081647e-05,0.00010226659
8.240717232869317,30.063561485366133,19.777434542860448,4.24665e-05,-1.678738e-05,5.9807706e-05,8.081647e-05,0.00010226659
8.152407357421048,32.17544865615239,21.857858327227856,4.958808e-05,-2.3461303e-05,9.1012356e-05,0.00010695638,0.00014059676
8.102531523541435,20.798432884741448,10.455701615702003,4.958808e-05,-2.3461303e-05,9.1012356e-05,0.00010695638,0.00014059676
7.98166505996221,25.16197431843597,14.814905332973431,4.958808e-05,-2.3461303e-05,9.1012356e-05,0.00010695638,0.00014059676
7.890279952184476,28.961750665175643,18.622781012609416,4.958808e-05,-2.3461303e-05,9.1012356e-05,0.00010695638,0.00014059676
6.68840782015193,19.807405236571164,9.472173678324914,3.29057e-05,-2.1939592e-05,6.9132184e-05,7.670772e-05,0.000102040234
2.9639378398179925,20.70569120425712,10.371740253730769,3.29057e-05,-2.1939592e-05,6.9132184e-05,7.670772e-05,0.000102040234
0.5713665985423977,32.699307446111135,17.825796475533103,6.7729666e-06,-1.1003222e-05,3.635312e-07,4.782971e-08,7.1356726e-06
0.5847561022635253,32.58725986195196,17.70443527551768,6.7729666e-06,-1.1003222e-05,3.635312e-07,4.782971e-08,7.1356726e-06
0.6142150927389812,32.4240149616319,17.57082674584506,6.7729666e-06,-1.1003222e-05,3.635312e-07,4.782971e-08,7.1356726e-06
0.6155566266918597,32.245309451278295,17.427503952492962,6.7729666e-06,-1.1003222e-05,3.635312e-07,4.782971e-08,7.1356726e-06
0.6906551498091235,32.25568349207573,17.479185979254233,9.143759e-06,-1.08134545e-05,8.4335176e-07,7.699727e-08,9.988316e-06
0.7798681216982223,32.34006362549647,17.58553194771141,9.143759e-06,-1.08134545e-05,8.4335176e-07,7.699727e-08,9.988316e-06
0.8330065939150889,32.13518489954884,17.4831430995257,9.143759e-06,-1.08134545e-05,8.4335176e-07,7.699727e-08,9.988316e-06
0.8719843442717772,32.09764469980334,17.503202483322408,9.143759e-06,-1.08134545e-05,8.4335176e-07,7.699727e-08,9.988316e-06
0.9861782285119346,32.04687039679173,17.534930011953882,1.1093129e-05,-1.3687655e-05,1.4174352e-06,7.3439395e-07,1.2510501e-05
1.0883715728993946,31.912713531022252,17.466053291173406,1.1093129e-05,-1.3687655e-05,1.4174352e-06,7.3439395e-07,1.2510501e-05
1.0892800678671961,31.75590328924536,17.507776578105116,1.1093129e-05,-1.3687655e-05,1.4174352e-06,7.3439395e-07,1.2510501e-05
1.1239270427640458,31.713365595958816,17.592451316854973,1.1093129e-05,-1.3687655e-05,1.4174352e-06,7.3439395e-07,1.2510501e-05
1.2980704122160953,31.596062545791074,17.655712798365016,1.0894002e-05,-2.3382723e-05,2.1046978e-06,7.931417e-08,1.2997748e-05
1.4573454671653876,31.48941348860525,17.70509196776308,1.0894002e-05,-2.3382723e-05,2.1046978e-06,7.931417e-08,1.2997748e-05
1.56072301700536,31.190148073882696,17.71021169937917,1.0894002e-05,-2.3382723e-05,2.1046978e-06,7.931417e-08,1.2997748e-05
1.6876805614468053,30.960625072301703,17.626866155091967,1.0894002e-05,-2.3382723e-05,2.1046978e-06,7.931417e-08,1.2997748e-05
1.8344815486060233,30.70839972236147,17.595672309412716,1.7389639e-05,-3.6662466e-05,9.845304e-06,5.735852e-06,2.7236592e-05
2.0810384452242316,30.448068484170747,17.518412447460765,1.7389639e-05,-3.6662466e-05,9.845304e-06,5.735852e-06,2.7236592e-05
2.4138653453129217,29.807341611074694,17.148085836578876,1.7389639e-05,-3.6662466e-05,9.845304e-06,5.735852e-06,2.7236592e-05
2.610023522153241,29.587340839856555,16.98840666332472,1.7389639e-05,-3.6662466e-05,9.845304e-06,5.735852e-06,2.7236592e-05
2.680333937454209,29.284925770254116,16.81855435159835,2.4603896e-05,-3.787829e-05,1.3978527e-05,7.89168e-06,3.858255e-05
2.8046855358038023,28.781766860756566,16.445436702271238,2.4603896e-05,-3.787829e-05,1.3978527e-05,7.89168e-06,3.858255e-05
2.8249330968264377,29.081061581768406,16.91243473566498,2.4603896e-05,-3.787829e-05,1.3978527e-05,7.89168e-06,3.858255e-05
2.876023599275055,29.76596884278718,17.613432691936914,2.4603896e-05,-3.787829e-05,1.3978527e-05,7.89168e-06,3.858255e-05
3.503901592565457,30.73508772606332,18.625114718698182,2.4366049e-05,-3.541646e-05,1.134018e-05,5.7112547e-06,3.5706547e-05
3.9731461843982574,31.250372498361163,19.19320286893148,2.4366049e-05,-3.541646e-05,1.134018e-05,5.7112547e-06,3.5706547e-05
3.9410249489067986,32.09877684803146,20.090424169976476,2.4366049e-05,-3.541646e-05,1.134018e-05,5.7112547e-06,3.5706547e-05
3.9529406547642,29.17848648440211,17.145902903636294,2.4366049e-05,-3.541646e-05,1.134018e-05,5.7112547e-06,3.5706547e-05
7.2372941811591405,25.954823198241623,15.726626691859792,2.9601291e-05,-1.4544993e-05,4.136372e-05,5.418808e-05,7.096762e-05
7.613279219527244,26.17546600856052,15.927768094705588,2.9601291e-05,-1.4544993e-05,4.136372e-05,5.418808e-05,7.096762e-05
7.530106428103189,28.137655882466355,17.873416110746923,2.9601291e-05,-1.4544993e-05,4.136372e-05,5.418808e-05,7.096762e-05
7.638870936644429,19.979654879882776,9.668392781398218,4.386191e-05,-2.4504321e-05,0.00011580649,0.00013191075,0.0001596724
6.400266455867041,24.62021169937917,14.313448116299696,4.386191e-05,-2.4504321e-05,0.00011580649,0.00013191075,0.0001596724
3.753424594146454,25.059623645548143,14.766167817067059,3.6337697e-05,-1.5632813e-05,8.839127e-05,0.000101220176,0.00012472618
0.5985396984537077,32.21195388115528,17.324376662939112,4.7657054e-06,-2.0119436e-05,3.253182e-07,4.364025e-08,5.091595e-06
0.5884024216249567,32.17250298847029,17.288533143099528,4.7657054e-06,-2.0119436e-05,3.253182e-07,4.364025e-08,5.091595e-06
0.6069513746963329,32.235844676666794,17.400022365326034,4.7657054e-06,-2.0119436e-05,3.253182e-07,4.364025e-08,5.091595e-06
0.6305599043689507,32.17561639609764,17.41102340647052,9.359516e-06,-1.969755e-05,1.00344e-06,3.8276465e-08,1.036321e-05
0.6949180580727259,32.003130374426405,17.295122045270507,9.359516e-06,-1.969755e-05,1.00344e-06,3.8276465e-08,1.036321e-05
0.7825160991786527,31.980101415185285,17.286451625342227,9.359516e-06,-1.969755e-05,1.00344e-06,3.8276465e-08,1.036321e-05
0.8454131801179963,31.918282111595268,17.319673774727182,9.359516e-06,-1.969755e-05,1.00344e-06,3.8276465e-08,1.036321e-05
0.9446107276443142,31.763573053638222,17.275482204141444,1.1442632e-05,-1.8540088e-05,1.4827529e-06,2.2099422e-07,1.2924242e-05
1.0667805498785332,31.528681988200365,17.16087533258782,1.1442632e-05,-1.8540088e-05,1.4827529e-06,2.2099422e-07,1.2924242e-05
1.1199776346739676,31.470880731114796,17.155576292754404,1.1442632e-05,-1.8540088e-05,1.4827529e-06,2.2099422e-07,1.2924242e-05
1.2117568349207575,31.459696525662284,17.361603362511087,1.1442632e-05,-1.8540088e-05,1.4827529e-06,2.2099422e-07,1.2924242e-05
1.2381714417923109,31.38394015347241,17.585561254000694,1.21665835e-05,-2.602298e-05,2.1352935e-06,8.105978e-08,1.43029565e-05
1.289518374272163,31.118292137431073,17.59479543438862,1.21665835e-05,-2.602298e-05,2.1352935e-06,8.105978e-08,1.43029565e-05
1.525071530482397,31.017208961554775,17.564228589056416,1.21665835e-05,-2.602298e-05,2.1352935e-06,8.105978e-08,1.43029565e-05
1.758172984228589,30.74271275980411,17.513480893070604,1.21665835e-05,-2.602298e-05,2.1352935e-06,8.105978e-08,1.43029565e-05
1.8730158485327575,30.20701808506536,17.328063471252843,1.6573393e-05,-3.6327405e-05,9.1317615e-06,4.7499952e-06,2.5702995e-05
2.0680538310261056,29.497018856283496,16.964983997223616,1.6573393e-05,-3.6327405e-05,9.1317615e-06,4.7499952e-06,2.5702995e-05
2.4312451316854973,29.378230825589018,16.888313731538965,1.6573393e-05,-3.6327405e-05,9.1317615e-06,4.7499952e-06,2.5702995e-05
2.7067022712374196,29.07774842864304,16.651213126132724,1.6573393e-05,-3.6327405e-05,9.1317615e-06,4.7499952e-06,2.5702995e-05
2.943234488875178,28.352220722631397,16.143610843327036,2.8699224e-05,-4.0075713e-05,1.3448496e-05,8.547522e-06,4.2146767e-05
3.0599533413025877,27.62696140053214,15.71967493155439,2.8699224e-05,-4.0075713e-05,1.3448496e-05,8.547522e-06,4.2146767e-05
3.0124736821810045,27.8390787799329,15.962342189488297,2.8699224e-05,-4.0075713e-05,1.3448496e-05,8.547522e-06,4.2146767e-05
3.141663517525932,28.944139898970423,16.99752940269155,2.8699224e-05,-4.0075713e-05,1.3448496e-05,8.547522e-06,4.2146767e-05
3.9132101955037983,30.604514325376933,18.664226661011067,1.9145913e-05,-3.4527362e-05,1.2577532e-05,5.0251033e-06,3.172173e-05
4.197583387961284,24.68606678749084,12.854514710986003,1.9145913e-05,-3.4527362e-05,1.2577532e-05,5.0251033e-06,3.172173e-05
3.784692091157984,23.46486638645741,11.639365287471561,1.9145913e-05,-3.4527362e-05,1.2577532e-05,5.0251033e-06,3.172173e-05
3.767186210619674,25.44885281301816,13.556129256160103,1.9145913e-05,-3.4527362e-05,1.2577532e-05,5.0251033e-06,3.172173e-05
4.188304091312228,26.544644275633363,14.617178112829215,7.4035124e-05,-3.7624217e-05,3.3479973e-05,6.910378e-05,0.00010751548
1.6465746346354067,15.051216596614353,4.789142405429375,3.3145196e-05,-1.14738405e-05,8.4311054e-05,8.672669e-05,0.00011745035
0.6367265646087996,32.09140168896772,17.2405036054448,4.3394593e-06,-2.9291688e-05,3.1351155e-07,5.2431776e-08,4.652336e-06
0.6317633902749393,32.04378398179925,17.194936567308062,4.3394593e-06,-2.9291688e-05,3.1351155e-07,5.2431776e-08,4.652336e-06
0.6462491805807272,31.88499710793198,17.13593799406162,4.3394593e-06,-2.9291688e-05,3.1351155e-07,5.2431776e-08,4.652336e-06
0.6624802375351868,31.800002313654417,17.122880114140287,8.718528e-06,-2.5126254e-05,1.2690267e-06,3.370614e-08,9.987301e-06
0.7066058689700382,31.918289438167587,17.235536960629315,8.718528e-06,-2.5126254e-05,1.2690267e-06,3.370614e-08,9.987301e-06
0.8322608259746269,31.856266147379788,17.190849111171094,8.718528e-06,-2.5126254e-05,1.2690267e-06,3.370614e-08,9.987301e-06
0.9203046311649249,31.642434350055915,17.089182123163535,8.718528e-06,-2.5126254e-05,1.2690267e-06,3.370614e-08,9.987301e-06
0.9435387344310339,31.484827054332317,17.036888520418,1.1163778e-05,-2.2402028e-05,1.5361368e-06,2.6520576e-07,1.2701312e-05
1.0180318513091426,31.39698492268538,17.03987814753403,1.1163778e-05,-2.2402028e-05,1.5361368e-06,2.6520576e-07,1.2701312e-05
1.0913076003547604,31.35932672656461,17.056113446188256,1.1163778e-05,-2.2402028e-05,1.5361368e-06,2.6520576e-07,1.2701312e-05
1.2403219835730537,31.089719662206452,17.079474414838238,1.1163778e-05,-2.2402028e-05,1.5361368e-06,2.6520576e-07,1.2701312e-05
1.2933902749392665,30.954381675857014,17.25678286353295,1.541037e-05,-2.9263643e-05,2.1142828e-06,1.0835477e-07,1.752402e-05
1.3752126634018431,30.932572783711873,17.467955500713376,1.541037e-05,-2.9263643e-05,2.1142828e-06,1.0835477e-07,1.752402e-05
1.6355813056723094,30.832550418385843,17.43509505263564,1.541037e-05,-2.9263643e-05,2.1142828e-06,1.0835477e-07,1.752402e-05
1.86108047661281,30.223358269386495,17.181893726140437,1.541037e-05,-2.9263643e-05,2.1142828e-06,1.0835477e-07,1.752402e-05
1.9960644738364248,29.655796475533105,16.969191377781204,1.64147e-05,-3.648562e-05,7.820587e-06,2.8006566e-06,2.4234017e-05
2.311878687386727,29.25041530096788,16.789378012570857,1.64147e-05,-3.648562e-05,7.820587e-06,2.8006566e-06,2.4234017e-05
2.6404226275402,29.12405892106582,16.705894805845833,1.64147e-05,-3.648562e-05,7.820587e-06,2.8006566e-06,2.4234017e-05
2.852434735664983,28.728500751937684,16.556720394863685,1.64147e-05,-3.648562e-05,7.820587e-06,2.8006566e-06,2.4234017e-05
3.1264728338410523,28.059128909111944,16.109295492229975,3.463785e-05,-4.1786934e-05,1.4041306e-05,9.199586e-06,4.8679918e-05
3.4198021825473335,27.431840126479777,15.61710600393321,3.463785e-05,-4.1786934e-05,1.4041306e-05,9.199586e-06,4.8679918e-05
3.4114217406393395,24.77370647437628,12.989539582770986,3.463785e-05,-4.1786934e-05,1.4041306e-05,9.199586e-06,4.8679918e-05
3.325187984421394,26.984319978405892,15.285539659892802,3.463785e-05,-4.1786934e-05,1.4041306e-05,9.199586e-06,4.8679918e-05
3.6611360043188217,26.780630470828672,15.080026992634867,2.352111e-05,-3.4037275e-05,1.8230197e-05,1.2163219e-05,4.1746865e-05
3.616824509312459,24.477097134924616,12.707517448810396,2.352111e-05,-3.4037275e-05,1.8230197e-05,1.2163219e-05,4.1746865e-05
3.564083985655343,27.385366907029653,15.62169745112405,2.352111e-05,-3.4037275e-05,1.8230197e-05,1.2163219e-05,4.1746865e-05
4.0952890139976095,26.42671036902788,14.696680677129526,2.352111e-05,-3.4037275e-05,1.8230197e-05,1.2163219e-05,4.1746865e-05
4.7528939960667875,34.860872247715264,23.09041530096788,7.0948125e-05,-3.8341354e-05,3.3097145e-05,6.485519e-05,0.00010404825
0.6733351328423244,31.691567115258554,17.050474299155518,5.420595e-06,-3.1054464e-05,3.660068e-07,1.207962e-07,5.7862844e-06
0.7037519762464813,31.632077276057533,17.02658118998959,5.420595e-06,-3.1054464e-05,3.660068e-07,1.207962e-07,5.7862844e-06
0.7280974048509621,31.61154320749624,17.03296533374465,8.693519e-06,-2.7181424e-05,1.3481186e-06,4.3354603e-08,1.0040749e-05
0.8053468553580381,31.62301353487834,17.050181236262677,8.693519e-06,-2.7181424e-05,1.3481186e-06,4.3354603e-08,1.0040749e-05
0.9843172791424054,31.551674700188947,17.029466317047778,8.693519e-06,-2.7181424e-05,1.3481186e-06,4.3354603e-08,1.0040749e-05
1.0402251956966029,31.434217792002467,16.96696757027725,8.693519e-06,-2.7181424e-05,1.3481186e-06,4.3354603e-08,1.0040749e-05
0.9931832028689315,31.340042802606714,16.932874330004243,1.1185868e-05,-2.4761473e-05,1.8212742e-06,1.6792768e-07,1.3008793e-05
1.046855358038021,31.265900204372805,16.889639455519994,1.1185868e-05,-2.4761473e-05,1.8212742e-06,1.6792768e-07,1.3008793e-05
1.2017641614930783,31.038101646550725,16.92083330119924,1.1185868e-05,-2.4761473e-05,1.8212742e-06,1.6792768e-07,1.3008793e-05
1.3196525662283578,30.824178845486447,16.910728415532333,1.1185868e-05,-2.4761473e-05,1.8212742e-06,1.6792768e-07,1.3008793e-05
1.454769212971889,30.657260633170093,16.982477538271702,1.7436294e-05,-3.205399e-05,2.0556304e-06,2.40672e-07,1.949294e-05
1.6668314502757107,30.55918713608144,17.052522654532837,1.7436294e-05,-3.205399e-05,2.0556304e-06,2.40672e-07,1.949294e-05
1.8332730497821308,30.078054987853314,16.986813326649443,1.7436294e-05,-3.205399e-05,2.0556304e-06,2.40672e-07,1.949294e-05
2.025604056607411,29.735720510546408,16.830042031388576,1.7436294e-05,-3.205399e-05,2.0556304e-06,2.40672e-07,1.949294e-05
2.2508344580264525,29.390801681255546,16.72475340300004,1.5931897e-05,-3.6919126e-05,7.393769e-06,2.6747189e-06,2.3324143e-05
2.604090155400455,29.03234835923341,16.5372124320364,1.5931897e-05,-3.6919126e-05,7.393769e-06,2.6747189e-06,2.3324143e-05
2.9820421856322064,28.768605637604598,16.623635522307485,1.5931897e-05,-3.6919126e-05,7.393769e-06,2.6747189e-06,2.3324143e-05
3.3431538965796475,28.69508618362704,16.67239540353989,1.5931897e-05,-3.6919126e-05,7.393769e-06,2.6747189e-06,2.3324143e-05
3.5198014113291944,28.51861874831296,16.65402113137701,2.969803e-05,-3.891393e-05,1.38595715e-05,6.10078e-06,4.3556207e-05
3.629974935410481,23.827681718274015,12.063241044229361,2.969803e-05,-3.891393e-05,1.38595715e-05,6.10078e-06,4.3556207e-05
3.4987795472949528,25.14800100258358,13.538319901284078,2.969803e-05,-3.891393e-05,1.38595715e-05,6.10078e-06,4.3556207e-05
3.304115219989974,22.978734045424748,11.406836077584543,2.969803e-05,-3.891393e-05,1.38595715e-05,6.10078e-06,4.3556207e-05
3.2600863764315737,21.23844213935912,9.66966683376393,3.4232744e-05,-3.3849687e-05,2.5188454e-05,2.4339166e-05,5.9415866e-05
3.298550109898585,26.175045694674736,14.582181776115373,3.4232744e-05,-3.3849687e-05,2.5188454e-05,2.4339166e-05,5.9415866e-05
3.9011306057918484,27.903350171596035,16.263234488875177,3.4232744e-05,-3.3849687e-05,2.5188454e-05,2.4339166e-05,5.9415866e-05
4.86796128484942,32.340320441136775,20.69395557783519,3.4232744e-05,-3.3849687e-05,2.5188454e-05,2.4339166e-05,5.9415866e-05
5.496260363243743,32.45907261018779,20.775846219103073,2.7724285e-05,-3.4370638e-05,3.4620585e-05,3.36844e-05,6.234341e-05
0.8163421123664829,31.345382331392436,16.907870281109012,9.013822e-06,-3.010928e-05,1.0345436e-06,6.865008e-08,1.0044811e-05
0.9464824740677901,31.293506343269193,16.8590648980064,9.013822e-06,-3.010928e-05,1.0345436e-06,6.865008e-08,1.0044811e-05
1.0780873790151544,31.26948713993753,16.87048509620946,9.013822e-06,-3.010928e-05,1.0345436e-06,6.865008e-08,1.0044811e-05
1.0830586511394749,31.198777233640534,16.819669918636485,9.013822e-06,-3.010928e-05,1.0345436e-06,6.865008e-08,1.0044811e-05
1.0760035476034395,31.107076697643926,16.758287124513167,1.1831236e-05,-2.8151622e-05,2.2429501e-06,1.4593299e-07,1.4073171e-05
1.1930517101762232,31.0294559056029,16.70584043496703,1.1831236e-05,-2.8151622e-05,2.2429501e-06,1.4593299e-07,1.4073171e-05
1.3625299811051554,30.779304746847643,16.712839625187986,1.1831236e-05,-2.8151622e-05,2.2429501e-06,1.4593299e-07,1.4073171e-05
1.4882732425866656,30.521264412138972,16.665438244707516,1.1831236e-05,-2.8151622e-05,2.2429501e-06,1.4593299e-07,1.4073171e-05
1.689389966452011,30.186212162110053,16.603620097944702,1.575467e-05,-3.5555106e-05,2.1533845e-06,8.6677466e-07,1.7908307e-05
2.0294690163112636,29.881587166930164,16.510816334400186,1.575467e-05,-3.5555106e-05,2.1533845e-06,8.6677466e-07,1.7908307e-05
2.2868360775845447,29.41195812285505,16.46711487294181,1.575467e-05,-3.5555106e-05,2.1533845e-06,8.6677466e-07,1.7908307e-05
2.503259167855628,29.222529981105154,16.43176878880191,1.575467e-05,-3.5555106e-05,2.1533845e-06,8.6677466e-07,1.7908307e-05
2.8005745575135927,28.909261173022788,16.350986773608916,1.8835322e-05,-3.681001e-05,6.971268e-06,2.2431088e-06,2.580735e-05
3.105532718929549,28.640257972467513,16.268707438398952,1.8835322e-05,-3.681001e-05,6.971268e-06,2.2431088e-06,2.580735e-05
3.7530914279103844,28.379969151274437,16.366925924497743,1.8835322e-05,-3.681001e-05,6.971268e-06,2.2431088e-06,2.580735e-05
4.26255118960398,28.25386418848571,16.355642231905293,1.8835322e-05,-3.681001e-05,6.971268e-06,2.2431088e-06,2.580735e-05
4.083762387691359,28.21250838699726,16.49060193575753,2.359487e-05,-3.6462436e-05,1.35929695e-05,3.6499753e-06,3.7187965e-05
3.488016426946362,26.562838853969843,14.980814406354838,2.359487e-05,-3.6462436e-05,1.35929695e-05,3.6499753e-06,3.7187965e-05
3.1240442679211813,23.14354451856708,11.719966837620023,2.359487e-05,-3.6462436e-05,1.35929695e-05,3.6499753e-06,3.7187965e-05
3.0423934754945434,21.419004742991557,10.00402074576794,2.359487e-05,-3.6462436e-05,1.35929695e-05,3.6499753e-06,3.7187965e-05
3.1193544904176145,16.998159873520226,5.595582848108587,4.061406e-05,-3.2815282e-05,2.8173192e-05,3.2244432e-05,6.8785026e-05
3.348449080322369,24.84052828442525,13.449550765434003,4.061406e-05,-3.2815282e-05,2.8173192e-05,3.2244432e-05,6.8785026e-05
4.0335398912582425,25.74992750549493,14.298636871939227,4.061406e-05,-3.2815282e-05,2.8173192e-05,3.2244432e-05,6.8785026e-05
5.11989434311495,26.416178614121005,14.905000578413604,4.061406e-05,-3.2815282e-05,2.8173192e-05,3.2244432e-05,6.8785026e-05
5.606083754289902,25.238779547294953,13.652846951760306,3.2911477e-05,-2.6923513e-05,5.229619e-05,6.0926675e-05,8.520531e-05
5.577720279180966,33.58008521960436,21.956703042455562,3.2911477e-05,-2.6923513e-05,5.229619e-05,6.0926675e-05,8.520531e-05
0.9057174256738519,31.183812902479463,16.85284463810589,7.486826e-06,-2.975342e-05,7.836837e-07,6.058853e-08,8.2692395e-06
1.048523117263718,31.081996683762004,16.772398488412446,7.486826e-06,-2.975342e-05,7.836837e-07,6.058853e-08,8.2692395e-06
1.1051752593220991,31.059044846334785,16.746819496394554,7.486826e-06,-2.975342e-05,7.836837e-07,6.058853e-08,8.2692395e-06
1.062010565688505,31.061417884548643,16.73688003701847,7.486826e-06,-2.975342e-05,7.836837e-07,6.058853e-08,8.2692395e-06
1.1374148767979024,30.98979601280222,16.69322292060309,1.1197929e-05,-3.084785e-05,2.2318416e-06,2.790754e-07,1.3426343e-05
1.3075147495469093,30.794935024871787,16.58553194771141,1.1197929e-05,-3.084785e-05,2.2318416e-06,2.790754e-07,1.3426343e-05
1.4548945359194847,30.67281070450777,16.510802066864613,1.1197929e-05,-3.084785e-05,2.2318416e-06,2.790754e-07,1.3426343e-05
1.6504777696371418,30.36918752169051,16.48857710253345,1.1197929e-05,-3.084785e-05,2.2318416e-06,2.790754e-07,1.3426343e-05
1.9139108471831257,29.773569197547527,16.300200902325223,1.3875758e-05,-3.8549504e-05,2.2788145e-06,1.6910834e-06,1.6155589e-05
2.263532950294991,29.16736089152817,16.062528053059808,1.3875758e-05,-3.8549504e-05,2.2788145e-06,1.6910834e-06,1.6155589e-05
2.652174835152123,29.036903559171712,16.014358539312845,1.3875758e-05,-3.8549504e-05,2.2788145e-06,1.6910834e-06,1.6155589e-05
3.029378012570856,28.76423244514711,16.017154205066902,1.3875758e-05,-3.8549504e-05,2.2788145e-06,1.6910834e-06,1.6155589e-05
3.521061196159333,28.34826360235993,15.933185130914278,2.5133291e-05,-3.7588416e-05,7.5833104e-06,2.9624587e-06,3.2717173e-05
3.9793344387459992,28.053001966606253,15.943471638452936,2.5133291e-05,-3.7588416e-05,7.5833104e-06,2.9624587e-06,3.2717173e-05
4.458639956811784,27.08848725562025,15.035806115759842,2.5133291e-05,-3.7588416e-05,7.5833104e-06,2.9624587e-06,3.2717173e-05
4.838653067520148,27.05364747618864,15.211907222457873,2.5133291e-05,-3.7588416e-05,7.5833104e-06,2.9624587e-06,3.2717173e-05
4.324692862376123,25.047349708865156,13.482296687618094,2.8185888e-05,-3.3762975e-05,2.231937e-05,1.4068854e-05,5.0505765e-05
3.509397293024332,21.273472409671076,9.937460378668106,2.8185888e-05,-3.3762975e-05,2.231937e-05,1.4068854e-05,5.0505765e-05
3.193164693633594,22.300500520572243,10.998368488026838,2.8185888e-05,-3.3762975e-05,2.231937e-05,1.4068854e-05,5.0505765e-05
3.3434272934099414,23.356898546253806,12.06806771295261,2.8185888e-05,-3.3762975e-05,2.231937e-05,1.4068854e-05,5.0505765e-05
3.4301527011915316,19.501465314464195,8.229770562603633,1.9389601e-05,-2.8703183e-05,2.8462964e-05,2.0894506e-05,4.7854468e-05
3.320452705047623,21.911945783364825,10.692838082751706,1.9389601e-05,-2.8703183e-05,2.8462964e-05,2.0894506e-05,4.7854468e-05
3.687041607218602,19.395932981143716,8.160509389580843,1.9389601e-05,-2.8703183e-05,2.8462964e-05,2.0894506e-05,4.7854468e-05
4.463522153241044,7.572831913006594,-3.8296930551806576,1.9389601e-05,-2.8703183e-05,2.8462964e-05,2.0894506e-05,4.7854468e-05
5.164224732965719,23.597240581498475,12.066454710214783,3.529909e-05,-1.5528201e-05,3.2447333e-05,4.6374764e-05,6.773817e-05
5.454724482319824,24.07679019010527,12.49588979292793,3.529909e-05,-1.5528201e-05,3.2447333e-05,4.6374764e-05,6.773817e-05
5.486056376045965,29.098596768596,17.50957043149655,3.529909e-05,-1.5528201e-05,3.2447333e-05,4.6374764e-05,6.773817e-05
1.0853935140554505,31.0857509736629,16.797948559750125,9.0043e-06,-3.4187455e-05,7.8038283e-07,1.1939972e-07,9.785572e-06
1.1353750048201134,31.028637257548297,16.741106312420467,9.0043e-06,-3.4187455e-05,7.8038283e-07,1.1939972e-07,9.785572e-06
1.1381645008290595,30.83317587629661,16.6098874021517,9.0043e-06,-3.4187455e-05,7.8038283e-07,1.1939972e-07,9.785572e-06
1.240850653607373,30.76752169051016,16.577180040874563,1.292932e-05,-3.3013435e-05,2.1675398e-06,1.81353e-07,1.5093749e-05
1.376913970616589,30.68829367986735,16.52492268538156,1.292932e-05,-3.3013435e-05,2.1675398e-06,1.81353e-07,1.5093749e-05
1.5831041530096788,30.5630127636602,16.44035090425327,1.292932e-05,-3.3013435e-05,2.1675398e-06,1.81353e-07,1.5093749e-05
1.806593915088883,30.12476805614468,16.355992364940423,1.292932e-05,-3.3013435e-05,2.1675398e-06,1.81353e-07,1.5093749e-05
1.9815401226236842,29.53712412755948,16.174370493194,1.333189e-05,-3.756992e-05,2.463024e-06,9.67417e-07,1.5795167e-05
2.208706667180812,29.048887517834423,15.975056491728687,1.333189e-05,-3.756992e-05,2.463024e-06,9.67417e-07,1.5795167e-05
2.714031542821887,28.86765626807543,15.882244630393707,1.333189e-05,-3.756992e-05,2.463024e-06,9.67417e-07,1.5795167e-05
3.3653696062931404,29.51100991015309,16.857924651987815,1.333189e-05,-3.756992e-05,2.463024e-06,9.67417e-07,1.5795167e-05
3.9304349670304246,26.597397138780707,14.271598349593182,1.2089904e-05,-2.6161055e-05,6.1676524e-06,6.235319e-07,1.8257175e-05
4.1382373809432,22.83668530443836,10.753148498052676,1.2089904e-05,-2.6161055e-05,6.1676524e-06,6.235319e-07,1.8257175e-05
4.183776655226931,21.245444028843558,9.217352793737708,1.2089904e-05,-2.6161055e-05,6.1676524e-06,6.235319e-07,1.8257175e-05
4.335026028612193,24.729305518065782,12.925236956773222,1.2089904e-05,-2.6161055e-05,6.1676524e-06,6.235319e-07,1.8257175e-05
4.217122970732271,22.361074306867696,10.8375135927197,3.4947047e-05,-3.5343437e-05,3.0344603e-05,2.738608e-05,6.529343e-05
3.862319824162264,21.20394015347241,9.88357536729264,3.4947047e-05,-3.5343437e-05,3.0344603e-05,2.738608e-05,6.529343e-05
3.5851559788686234,20.907949716577335,9.621440635483747,3.4947047e-05,-3.5343437e-05,3.0344603e-05,2.738608e-05,6.529343e-05
3.652816103034743,18.943962133189373,7.678450622758648,3.4947047e-05,-3.5343437e-05,3.0344603e-05,2.738608e-05,6.529343e-05
3.583825241969691,20.120196275016387,8.86241314155709,2.0054964e-05,-2.9071349e-05,3.555452e-05,2.9826508e-05,5.5614753e-05
3.5098939575058807,6.11844830910423,-5.083920101800794,2.0054964e-05,-2.9071349e-05,3.555452e-05,2.9826508e-05,5.5614753e-05
3.5676481702849654,13.817871437936219,2.598734816642888,2.0054964e-05,-2.9071349e-05,3.555452e-05,2.9826508e-05,5.5614753e-05
3.9415651872132034,19.381297188909883,8.00406162032931,2.0054964e-05,-2.9071349e-05,3.555452e-05,2.9826508e-05,5.5614753e-05
4.6393683723441175,22.417234026144296,10.91430648208846,1.400195e-05,-8.598492e-06,2.4225194e-05,2.5968266e-05,3.822213e-05
1.2103555315621024,30.87138742143215,16.669347935063435,1.1866783e-05,-3.500509e-05,8.1212124e-07,9.869361e-07,1.26797295e-05
1.2503246828365402,30.72702579724675,16.58476959858096,1.1866783e-05,-3.500509e-05,8.1212124e-07,9.869361e-07,1.26797295e-05
1.3738823121119808,30.562474839008214,16.474739135464464,1.441823e-05,-3.6928417e-05,2.4600404e-06,6.391471e-07,1.6877446e-05
1.579755523849921,30.503594262137042,16.43660239848841,1.441823e-05,-3.6928417e-05,2.4600404e-06,6.391471e-07,1.6877446e-05
1.7794219720047815,30.214067018856284,16.413982184860988,1.441823e-05,-3.6928417e-05,2.4600404e-06,6.391471e-07,1.6877446e-05
1.9762387691358503,29.932264682065323,16.321329580071723,1.441823e-05,-3.6928417e-05,2.4600404e-06,6.391471e-07,1.6877446e-05
2.192659160143447,29.609637527474646,16.259359888944587,2.1477477e-05,-3.8643924e-05,3.1258478e-06,1.9530519e-06,2.460104e-05
2.4642845023714957,29.259487525546604,16.1300404889523,2.1477477e-05,-3.8643924e-05,3.1258478e-06,1.9530519e-06,2.460104e-05
3.013700304631165,29.95294104037327,17.230058998187637,2.1477477e-05,-3.8643924e-05,3.1258478e-06,1.9530519e-06,2.460104e-05
3.5222534994023063,29.379942929857712,16.816487872594763,2.1477477e-05,-3.8643924e-05,3.1258478e-06,1.9530519e-06,2.460104e-05
3.552061466085682,24.135809971850538,11.788818879420043,1.6660228e-05,-2.7747128e-05,1.08383965e-05,3.9472684e-06,2.7498245e-05
3.414682065322176,17.76542050669032,5.567300350904253,1.6660228e-05,-2.7747128e-05,1.08383965e-05,3.9472684e-06,2.7498245e-05
3.4102552732040254,22.587175413565728,10.68500327767709,1.6660228e-05,-2.7747128e-05,1.08383965e-05,3.9472684e-06,2.7498245e-05
3.501167238653453,26.846404966644812,15.051360043188215,1.6660228e-05,-2.7747128e-05,1.08383965e-05,3.9472684e-06,2.7498245e-05
3.7437030038946513,25.058351906836847,13.427061658890217,2.867453e-05,-3.1087693e-05,2.5704583e-05,1.9790774e-05,5.4382286e-05
3.77691319939845,15.797269116569622,4.32459800254502,2.867453e-05,-3.1087693e-05,2.5704583e-05,1.9790774e-05,5.4382286e-05
3.642140130335865,19.630736127713725,8.295252381136004,2.867453e-05,-3.1087693e-05,2.5704583e-05,1.9790774e-05,5.4382286e-05
3.590904638877106,1.0766934022288204,-10.282749778274784,2.867453e-05,-3.1087693e-05,2.5704583e-05,1.9790774e-05,5.4382286e-05
3.5302830370570315,6.336941734469595,-5.004123317780434,3.4889854e-05,-1.3758893e-05,4.218479e-05,5.3700263e-05,7.706938e-05
3.6141788454864456,9.98868353063664,-1.3270423784367409,3.4889854e-05,-1.3758893e-05,4.218479e-05,5.3700263e-05,7.706938e-05
3.624188871322253,0.5254764200053985,-10.797817838275556,3.4889854e-05,-1.3758893e-05,4.218479e-05,5.3700263e-05,7.706938e-05
3.684008791886785,14.20304746847646,2.8186349438938807,3.4889854e-05,-1.3758893e-05,4.218479e-05,5.3700263e-05,7.706938e-05
1.4633058265530408,30.608952300158098,16.540029306289284,1.1490874e-05,-3.5386427e-05,7.723848e-07,9.040038e-07,1.2263703e-05
1.6477171943084101,30.36811552847723,16.434417151891413,1.5254028e-05,-3.61932e-05,2.2155916e-06,5.7240135e-07,1.7467906e-05
1.829591254386303,30.12965179501022,16.299751667759228,1.5254028e-05,-3.61932e-05,2.2155916e-06,5.7240135e-07,1.7467906e-05
1.9414128716307408,29.8746716538773,16.31727837118729,1.5254028e-05,-3.61932e-05,2.2155916e-06,5.7240135e-07,1.7467906e-05
2.1168021439864266,29.82792580881502,16.38502564300312,1.5254028e-05,-3.61932e-05,2.2155916e-06,5.7240135e-07,1.7467906e-05
2.475227702155555,29.712917903829098,16.4696089924035,2.0366824e-05,-3.9143168e-05,3.7675975e-06,1.5786344e-06,2.4133344e-05
2.935761770716847,28.674392472910963,15.633049782130875,2.0366824e-05,-3.9143168e-05,3.7675975e-06,1.5786344e-06,2.4133344e-05
3.3500451162611347,30.6043616241854,17.95097250607334,2.0366824e-05,-3.9143168e-05,3.7675975e-06,1.5786344e-06,2.4133344e-05
3.3674758030308873,29.517882620599238,17.006462036787106,2.0366824e-05,-3.9143168e-05,3.7675975e-06,1.5786344e-06,2.4133344e-05
3.083514826668723,24.958250106042495,12.655349169012455,1.9850822e-05,-3.1559775e-05,1.3635816e-05,8.79889e-06,3.3484226e-05
3.003052095785293,23.967859484055065,11.822855049550764,1.9850822e-05,-3.1559775e-05,1.3635816e-05,8.79889e-06,3.3484226e-05
3.0218505379246516,21.74098908726333,9.874719855010989,1.9850822e-05,-3.1559775e-05,1.3635816e-05,8.79889e-06,3.3484226e-05
2.859565032969576,21.84303782824972,10.030109898584815,1.9850822e-05,-3.1559775e-05,1.3635816e-05,8.79889e-06,3.3484226e-05
2.868233910461574,21.05869355647245,9.323610843327035,2.4546132e-05,-3.1098956e-05,2.3611565e-05,1.8723698e-05,4.8157504e-05
2.9676204064319593,23.196534145683106,11.542652604789264,2.4546132e-05,-3.1098956e-05,2.3611565e-05,1.8723698e-05,4.8157504e-05
3.1115482204141443,10.800446920911579,-0.731043072533066,2.4546132e-05,-3.1098956e-05,2.3611565e-05,1.8723698e-05,4.8157504e-05
3.3370362086916283,11.910312343346316,0.41047352793737707,2.4546132e-05,-3.1098956e-05,2.3611565e-05,1.8723698e-05,4.8157504e-05
3.4485875139783286,14.550972891682413,3.092983842979987,1.7204351e-05,-1.1328844e-05,2.8460425e-05,2.8614959e-05,4.5665918e-05
1.7786067944318051,30.37883893109166,16.345118960397947,1.3202333e-05,-3.5524336e-05,8.6785377e-07,1.5847917e-06,1.4069489e-05
1.8528299849612464,30.104466124243242,16.3132190645124,1.6816128e-05,-3.5674904e-05,2.7314036e-06,1.3435166e-06,1.9546642e-05
2.043064049666448,29.78511780357074,16.23899124667412,1.6816128e-05,-3.5674904e-05,2.7314036e-06,1.3435166e-06,1.9546642e-05
2.234024987467705,29.688413604287973,16.1907781591023,1.6816128e-05,-3.5674904e-05,2.7314036e-06,1.3435166e-06,1.9546642e-05
2.4419924420622374,29.61346238383527,16.280664018817724,1.6816128e-05,-3.5674904e-05,2.7314036e-06,1.3435166e-06,1.9546642e-05
2.835378475301739,28.99557860640882,15.901652334862916,2.1211e-05,-3.125523e-05,4.317052e-06,6.949432e-07,2.5526022e-05
3.243643234488875,29.511132148228125,16.68029113484749,2.1211e-05,-3.125523e-05,4.317052e-06,6.949432e-07,2.5526022e-05
3.5412995025643004,27.807249836116146,15.035661126749702,2.1211e-05,-3.125523e-05,4.317052e-06,6.949432e-07,2.5526022e-05
3.397500482011337,29.56582423938611,17.0311236648286,2.1211e-05,-3.125523e-05,4.317052e-06,6.949432e-07,2.5526022e-05
3.0171272124320367,28.466175914857516,16.24167392897081,2.0864545e-05,-3.3677632e-05,1.4241257e-05,1.0372985e-05,3.5106437e-05
2.8668727104461498,33.073414953919716,21.110913893494775,2.0864545e-05,-3.3677632e-05,1.4241257e-05,1.0372985e-05,3.5106437e-05
2.8814618439825703,32.01851039216442,20.089068368488025,2.0864545e-05,-3.3677632e-05,1.4241257e-05,1.0372985e-05,3.5106437e-05
2.507945474877569,18.57404311109397,6.734935024871786,2.0864545e-05,-3.3677632e-05,1.4241257e-05,1.0372985e-05,3.5106437e-05
2.237753055951876,15.619148575174489,3.8247927351251305,2.7781667e-05,-2.3744322e-05,2.446393e-05,2.8632161e-05,5.2241343e-05
2.2334916901245516,24.13450160027764,12.358259746269232,2.7781667e-05,-2.3744322e-05,2.446393e-05,2.8632161e-05,5.2241343e-05
2.3923313924343503,12.813010450005784,1.0516538772991941,2.7781667e-05,-2.3744322e-05,2.446393e-05,2.8632161e-05,5.2241343e-05
2.0326788262059923,29.775681949639456,15.931773416110747,1.3899816e-05,-3.4693832e-05,9.889674e-07,1.0104543e-06,1.4888974e-05
2.0735599429298577,29.491410172367253,15.895292484479235,1.6763252e-05,-3.6209996e-05,2.9309742e-06,2.0212576e-06,1.9697336e-05
2.229201018007944,29.579516060617745,16.09498091235106,1.6763252e-05,-3.6209996e-05,2.9309742e-06,2.0212576e-06,1.9697336e-05
2.643560328538927,29.57406239154745,16.13732078818494,1.6763252e-05,-3.6209996e-05,2.9309742e-06,2.0212576e-06,1.9697336e-05
3.175469864651217,29.612159410789342,16.420610419157057,1.6763252e-05,-3.6209996e-05,2.9309742e-06,2.0212576e-06,1.9697336e-05
3.4628596768595994,29.167843674083212,16.19853584236301,2.4598437e-05,-3.263901e-05,6.195582e-06,1.3724302e-06,3.0795607e-05
3.5826668723248374,25.553444645818068,12.744089769791385,2.4598437e-05,-3.263901e-05,6.195582e-06,1.3724302e-06,3.0795607e-05
3.8866340184321135,26.265315621023408,13.50861836270389,2.4598437e-05,-3.263901e-05,6.195582e-06,1.3724302e-06,3.0795607e-05
3.666403809817607,30.191515443643233,17.687028110901167,2.4598437e-05,-3.263901e-05,6.195582e-06,1.3724302e-06,3.0795607e-05
2.9952296302009023,33.97713415339529,21.780426483630897,2.5456642e-05,-3.6647416e-05,1.6610462e-05,1.31193065e-05,4.2069707e-05
2.7950456946747386,25.320720317741873,13.34875756757799,2.5456642e-05,-3.6647416e-05,1.6610462e-05,1.31193065e-05,4.2069707e-05
2.701263640920834,19.996982994640035,8.05913854933868,2.5456642e-05,-3.6647416e-05,1.6610462e-05,1.31193065e-05,4.2069707e-05
2.3885416264990553,28.423089885474106,16.533975629506806,2.5456642e-05,-3.6647416e-05,1.6610462e-05,1.31193065e-05,4.2069707e-05
2.080788570547179,15.270221725214975,3.415482589750511,2.097582e-05,-1.7918579e-05,2.4066376e-05,2.6677617e-05,4.5044355e-05
2.0269637141865577,19.8976527975938,8.086278101260943,2.097582e-05,-1.7918579e-05,2.4066376e-05,2.6677617e-05,4.5044355e-05
2.0659977634673967,18.504962017506653,6.709468245093126,2.097582e-05,-1.7918579e-05,2.4066376e-05,2.6677617e-05,4.5044355e-05
2.230377511279065,29.080126479774805,15.487199321328037,1.686621e-05,-3.2131196e-05,1.1625127e-06,5.9166655e-07,1.8029421e-05
2.34035745960745,29.029295492229977,15.552192958778392,1.7939157e-05,-3.755848e-05,3.7978125e-06,2.6493599e-06,2.1735574e-05
2.5959148575174487,29.036301237805112,15.62274669340223,1.7939157e-05,-3.755848e-05,3.7978125e-06,2.6493599e-06,2.1735574e-05
3.132060309258474,30.139871977788918,16.932099255774496,1.7939157e-05,-3.755848e-05,3.7978125e-06,2.6493599e-06,2.1735574e-05
3.924340801295646,28.22775035668839,15.132020591524313,1.7939157e-05,-3.755848e-05,3.7978125e-06,2.6493599e-06,2.1735574e-05
4.4067651255157525,28.155086954845178,15.20828596768596,2.768328e-05,-3.83023e-05,7.316962e-06,2.3339758e-06,3.499967e-05
4.689502564300312,29.200597694057763,16.350387922723943,2.768328e-05,-3.83023e-05,7.316962e-06,2.3339758e-06,3.499967e-05
4.6416411521999,33.05138472216867,20.470941271738713,2.768328e-05,-3.83023e-05,7.316962e-06,2.3339758e-06,3.499967e-05
3.766194809701924,32.74425982339105,20.307655111248216,2.768328e-05,-3.83023e-05,7.316962e-06,2.3339758e-06,3.499967e-05
3.1064473836424633,32.23479042147071,19.975163305440944,2.7744216e-05,-3.5099478e-05,2.6037962e-05,2.9246234e-05,5.3782307e-05
3.0486013959048317,27.77705278988162,15.643942852735897,2.7744216e-05,-3.5099478e-05,2.6037962e-05,2.9246234e-05,5.3782307e-05
2.7534292214552885,14.463328577488143,2.5108217329271585,2.7744216e-05,-3.5099478e-05,2.6037962e-05,2.9246234e-05,5.3782307e-05
2.3737022326765125,14.119462075348013,2.19560521343462,2.7744216e-05,-3.5099478e-05,2.6037962e-05,2.9246234e-05,5.3782307e-05
2.0670142289746654,17.094170747695987,5.214041954266764,1.4675375e-05,-1.0286882e-05,2.5478796e-05,2.4120902e-05,4.014941e-05
1.9744009563104925,25.29812439748583,13.457158446766668,1.4675375e-05,-1.0286882e-05,2.5478796e-05,2.4120902e-05,4.014941e-05
1.959194077044692,27.520723017005363,15.803890024293372,1.4675375e-05,-1.0286882e-05,2.5478796e-05,2.4120902e-05,4.014941e-05
3.092086145066132,28.758169899356034,15.489950642039101,2.5085114e-05,-3.8760103e-05,5.184017e-06,4.0244245e-06,3.0266972e-05
3.59281070450777,30.120209385724753,17.036796745459455,2.5085114e-05,-3.8760103e-05,5.184017e-06,4.0244245e-06,3.0266972e-05
4.552999267342767,29.430476612809937,16.44113638992789,2.5085114e-05,-3.8760103e-05,5.184017e-06,4.0244245e-06,3.0266972e-05
5.689235722824201,31.170066324759958,18.329913237959357,2.2055052e-05,-3.497473e-05,1.2839818e-05,5.6029635e-06,3.489303e-05
6.063890795511511,30.20479389195234,17.48813982184861,2.2055052e-05,-3.497473e-05,1.2839818e-05,5.6029635e-06,3.489303e-05
5.132341032661088,25.826682219565804,13.359718890988317,2.2055052e-05,-3.497473e-05,1.2839818e-05,5.6029635e-06,3.489303e-05
3.8564732194501214,20.29142906721166,7.902559673003508,2.2055052e-05,-3.497473e-05,1.2839818e-05,5.6029635e-06,3.489303e-05
3.5603778968881348,28.294604557899202,16.002675355724367,3.6420977e-05,-2.938284e-05,3.5366058e-05,4.8619426e-05,7.178443e-05
3.4929213743107237,23.500561832414295,11.27879689970308,3.6420977e-05,-2.938284e-05,3.5366058e-05,4.8619426e-05,7.178443e-05
3.175773338988933,19.286155863185904,7.240171596035939,3.6420977e-05,-2.938284e-05,3.5366058e-05,4.8619426e-05,7.178443e-05
2.6333139243435,17.356739289708095,5.37848147148421,3.6420977e-05,-2.938284e-05,3.5366058e-05,4.8619426e-05,7.178443e-05
2.1202294373963677,24.803755446728108,12.913288474144911,9.403696e-06,-7.673741e-06,2.2004842e-05,1.6590055e-05,3.140676e-05
1.9798079666833763,26.712727412948755,14.88953765472564,9.403696e-06,-7.673741e-06,2.2004842e-05,1.6590055e-05,3.140676e-05
3.5321902595149037,28.798038792272397,15.717365133227933,2.9516741e-05,-3.8231006e-05,6.9275957e-06,5.2977675e-06,3.64444e-05
3.960295762156326,28.957664365865885,15.897629275440558,2.9516741e-05,-3.8231006e-05,6.9275957e-06,5.2977675e-06,3.64444e-05
4.811963521382022,29.62092931785756,16.691854394015348,2.9516741e-05,-3.8231006e-05,6.9275957e-06,5.2977675e-06,3.64444e-05
5.995626421933443,25.195962287433,12.497215902518027,2.2188797e-05,-3.0703766e-05,2.1648482e-05,1.1051584e-05,4.3837408e-05
6.076828751012224,21.278917980950915,8.786055604827826,2.2188797e-05,-3.0703766e-05,2.1648482e-05,1.1051584e-05,4.3837408e-05
4.342504530906567,12.431729071067753,-0.03955230787028111,2.2188797e-05,-3.0703766e-05,2.1648482e-05,1.1051584e-05,4.3837408e-05
3.2864173061350406,15.518590598850885,3.1271256699957584,2.2188797e-05,-3.0703766e-05,2.1648482e-05,1.1051584e-05,4.3837408e-05
3.4689900898469133,24.442342575097367,12.138764122932171,3.8710456e-05,-1.709928e-05,3.049879e-05,4.479124e-05,6.921197e-05
3.5889789071838973,17.84268923765087,5.646061774572938,3.8710456e-05,-1.709928e-05,3.049879e-05,4.479124e-05,6.921197e-05
3.5180345505726294,20.148161801565575,7.981167624262523,3.8710456e-05,-1.709928e-05,3.049879e-05,4.479124e-05,6.921197e-05
2.95521536266533,19.35647321945012,7.32293294258281,3.8710456e-05,-1.709928e-05,3.049879e-05,4.479124e-05,6.921197e-05
2.2981174565225775,23.38275440558362,11.504169976477847,4.763484e-06,-9.077901e-06,1.4713016e-05,8.582498e-06,1.9477198e-05
2.0300458874792735,22.484645046851504,10.716657154976286,4.763484e-06,-9.077901e-06,1.4713016e-05,8.582498e-06,1.9477198e-05
3.621599120811321,28.756146608568233,15.880290363629353,2.9161398e-05,-3.1734962e-05,2.2701815e-06,1.8089597e-06,3.1430245e-05
3.7250310415300967,28.939690355917172,15.998954613812517,3.0800813e-05,-3.6283906e-05,9.72311e-06,5.530632e-06,4.0521e-05
3.8286862299001276,26.684089769791385,13.655586704199283,3.0800813e-05,-3.6283906e-05,9.72311e-06,5.530632e-06,4.0521e-05
4.0451428681602595,24.831602205683875,11.824352755176802,3.0800813e-05,-3.6283906e-05,9.72311e-06,5.530632e-06,4.0521e-05
4.465984652759033,26.871919561948097,14.053791693980642,3.0800813e-05,-3.6283906e-05,9.72311e-06,5.530632e-06,4.0521e-05
5.008923379477886,28.574207380557592,15.978612964176918,2.91673e-05,-3.172795e-05,2.9360144e-05,2.766287e-05,5.8528334e-05
4.7370188562835,13.24614082443219,0.7645926040180465,2.91673e-05,-3.172795e-05,2.9360144e-05,2.766287e-05,5.8528334e-05
3.438459106158177,13.169635599429297,0.7046971040758878,2.91673e-05,-3.172795e-05,2.9360144e-05,2.766287e-05,5.8528334e-05
2.689971464928855,26.550615046465893,14.094825897505109,2.91673e-05,-3.172795e-05,2.9360144e-05,2.766287e-05,5.8528334e-05
2.982913276520264,21.739927891104,9.352994640033934,2.1207574e-05,-7.548151e-06,3.1372674e-05,3.182961e-05,5.258412e-05
3.2844865615239267,16.227456136968343,3.9741580225966913,2.1207574e-05,-7.548151e-06,3.1372674e-05,3.182961e-05,5.258412e-05
3.3933285774881425,16.336403424208537,4.110607334284502,2.1207574e-05,-7.548151e-06,3.1372674e-05,3.182961e-05,5.258412e-05
3.182945667682104,22.147964755331046,10.023089499865037,2.1207574e-05,-7.548151e-06,3.1372674e-05,3.182961e-05,5.258412e-05
2.6150318127482355,21.840839856553426,9.87798442139359,6.37611e-06,-1.0328594e-05,1.1423589e-05,5.6237204e-06,1.7797096e-05
2.044350055913315,25.929686885435544,14.1305352253885,6.37611e-06,-1.0328594e-05,1.1423589e-05,5.6237204e-06,1.7797096e-05
1.8377314618439826,28.15537500482011,16.47018779161686,6.37611e-06,-1.0328594e-05,1.1423589e-05,5.6237204e-06,1.7797096e-05
3.752944125245826,30.821816604326536,18.063412254656228,2.5047091e-05,-2.8147007e-05,2.8297925e-06,1.1456597e-06,2.7877073e-05
3.8970200131107084,31.093173562642193,18.341887942004394,2.5047091e-05,-2.8147007e-05,2.8297925e-06,1.1456597e-06,2.7877073e-05
3.9870454633092973,30.56066363320865,17.782474067790076,2.7911796e-05,-3.1859723e-05,1.5012372e-05,5.6688204e-06,4.2924486e-05
3.9375000964022675,23.432780627000348,10.608916052905565,2.7911796e-05,-3.1859723e-05,1.5012372e-05,5.6688204e-06,4.2924486e-05
3.859352562372267,13.762121621100528,0.9650514788107817,2.7911796e-05,-3.1859723e-05,1.5012372e-05,5.6688204e-06,4.2924486e-05
3.9641202329078777,19.383453900435736,6.6695565495700455,2.7911796e-05,-3.1859723e-05,1.5012372e-05,5.6688204e-06,4.2924486e-05
4.119727374387845,28.847431072378825,16.22944240928547,3.3533994e-05,-3.1354768e-05,3.0157284e-05,3.6898702e-05,6.368747e-05
3.838544325762542,13.52005668453322,0.9689388038406664,3.3533994e-05,-3.1354768e-05,3.0157284e-05,3.6898702e-05,6.368747e-05
3.199156672964948,13.09131646936336,0.5727679019010528,3.3533994e-05,-3.1354768e-05,3.0157284e-05,3.6898702e-05,6.368747e-05
2.8424594146454325,24.502981914934637,11.968978135965758,3.3533994e-05,-3.1354768e-05,3.0157284e-05,3.6898702e-05,6.368747e-05
2.897682489492153,18.02034897620792,5.503601974318436,9.209838e-06,-6.696721e-06,2.143755e-05,1.8597824e-05,3.0644784e-05
3.0207284155323335,16.694807002660703,4.2096344426020895,9.209838e-06,-6.696721e-06,2.143755e-05,1.8597824e-05,3.0644784e-05
3.1130112212239234,20.233483206725023,7.914871399375313,9.209838e-06,-6.696721e-06,2.143755e-05,1.8597824e-05,3.0644784e-05
3.1786735048008325,19.129858867080554,6.902196043650947,9.209838e-06,-6.696721e-06,2.143755e-05,1.8597824e-05,3.0644784e-05
2.861753750048201,25.387838275556245,13.300273396830294,9.165341e-06,-1.3096181e-05,8.490583e-06,3.345985e-06,1.7655924e-05
2.2139031350017353,26.272845409324024,14.299693826398798,9.165341e-06,-1.3096181e-05,8.490583e-06,3.345985e-06,1.7655924e-05
1.8951474954690934,24.176950989087263,12.417981336521036,9.165341e-06,-1.3096181e-05,8.490583e-06,3.345985e-06,1.7655924e-05
1.8483684880268383,27.34480121852466,15.635609455134386,9.165341e-06,-1.3096181e-05,8.490583e-06,3.345985e-06,1.7655924e-05
1.8218563220606947,24.507710253345156,12.873374079358348,1.0893495e-05,-1.1544221e-05,5.8299565e-06,1.8099753e-06,1.6722435e-05
1.8796980680985615,26.979531870589593,15.409928662322137,1.0893495e-05,-1.1544221e-05,5.8299565e-06,1.8099753e-06,1.6722435e-05
3.160571087031967,30.108088535842366,17.47057841360429,2.2082917e-05,-2.9214278e-05,2.2483457e-06,9.4320063e-07,2.4331137e-05
3.216315890949755,30.526372189873907,17.939839972236147,3.7935657e-05,-2.7827868e-05,8.688948e-06,1.7004462e-06,4.6622386e-05
3.395452126634018,33.87805575907145,21.342695407395983,3.7935657e-05,-2.7827868e-05,8.688948e-06,1.7004462e-06,4.6622386e-05
3.7434731808892145,34.45682219565804,21.914969344078973,3.7935657e-05,-2.7827868e-05,8.688948e-06,1.7004462e-06,4.6622386e-05
3.8818378128253577,32.73695098908726,20.176836077584547,3.7935657e-05,-2.7827868e-05,8.688948e-06,1.7004462e-06,4.6622386e-05
3.9091165696217174,31.352166737361664,18.78964408282883,2.8029164e-05,-3.3497476e-05,2.6876807e-05,2.4482846e-05,5.4906985e-05
3.8041337292253115,33.41878186094937,20.87853815601743,2.8029164e-05,-3.3497476e-05,2.6876807e-05,2.4482846e-05,5.4906985e-05
3.6405556626691857,36.2500632398874,23.711704392087302,2.8029164e-05,-3.3497476e-05,2.6876807e-05,2.4482846e-05,5.4906985e-05
3.6223749662592066,34.96888983148884,22.394582963791308,2.8029164e-05,-3.3497476e-05,2.6876807e-05,2.4482846e-05,5.4906985e-05
3.6211290633555704,22.792926001619556,10.18805807272587,2.8260916e-05,-2.516169e-05,2.9001882e-05,3.6449066e-05,5.7261972e-05
3.3898893301970463,28.89875101222381,16.283777040836,2.8260916e-05,-2.516169e-05,2.9001882e-05,3.6449066e-05,5.7261972e-05
3.052456715381946,23.297234411753365,10.681739096903557,2.8260916e-05,-2.516169e-05,2.9001882e-05,3.6449066e-05,5.7261972e-05
2.870026992634867,17.79999961439093,5.156546099564261,2.8260916e-05,-2.516169e-05,2.9001882e-05,3.6449066e-05,5.7261972e-05
2.7525176416149306,17.335395442100797,4.647726448926079,7.193246e-06,-6.6553066e-06,1.865054e-05,1.6351223e-05,2.584696e-05
2.585717425673852,21.61216982223422,8.880059769405776,7.193246e-06,-6.6553066e-06,1.865054e-05,1.6351223e-05,2.584696e-05
2.4268503451201173,19.0066683376393,6.4415744418308725,7.193246e-06,-6.6553066e-06,1.865054e-05,1.6351223e-05,2.584696e-05
2.3655998149076467,22.642828828134036,10.255268191107854,7.193246e-06,-6.6553066e-06,1.865054e-05,1.6351223e-05,2.584696e-05
2.2590217097906145,18.371167238653452,6.213827941233178,1.4515667e-05,-1.3105373e-05,7.712866e-06,4.475173e-06,2.222485e-05
1.9095997377858327,23.28884587205491,11.29112906335557,1.4515667e-05,-1.3105373e-05,7.712866e-06,4.475173e-06,2.222485e-05
1.7011988585971543,23.86104692862376,12.090575714340803,1.4515667e-05,-1.3105373e-05,7.712866e-06,4.475173e-06,2.222485e-05
1.7649855396598928,24.286742374580648,12.542718158331084,1.4515667e-05,-1.3105373e-05,7.712866e-06,4.475173e-06,2.222485e-05
1.7948721705934523,26.856621293332818,15.140337793544905,9.450922e-06,-1.0597969e-05,5.095658e-06,1.8625975e-06,1.4543661e-05
3.0164689777503564,25.822967261789998,13.238155631820462,2.2033279e-05,-2.983327e-05,2.9251344e-06,6.276261e-07,2.4956764e-05
3.0117896116916674,29.563263795164463,17.08938148305248,3.7455775e-05,-3.4001627e-05,1.3335572e-05,8.6342625e-06,5.0790266e-05
3.040873404542475,35.58707438398951,23.223905063047084,3.7455775e-05,-3.4001627e-05,1.3335572e-05,8.6342625e-06,5.0790266e-05
3.2604461496934407,31.131407858712837,18.773254154937725,3.7455775e-05,-3.4001627e-05,1.3335572e-05,8.6342625e-06,5.0790266e-05
3.497372074191185,33.8668619133922,21.430192418925696,3.7455775e-05,-3.4001627e-05,1.3335572e-05,8.6342625e-06,5.0790266e-05
3.575735934909189,30.06511047699842,17.64045617552925,3.4571076e-05,-3.460563e-05,2.8730265e-05,3.1157993e-05,6.330115e-05
3.5282323680252956,19.29562179462461,6.949314001465314,3.4571076e-05,-3.460563e-05,2.8730265e-05,3.1157993e-05,6.330115e-05
3.404634635406625,30.480957852928704,18.123754289900898,3.4571076e-05,-3.460563e-05,2.8730265e-05,3.1157993e-05,6.330115e-05
3.2999583542204913,29.224360852967262,16.74226699571974,3.4571076e-05,-3.460563e-05,2.8730265e-05,3.1157993e-05,6.330115e-05
3.2208834303782825,30.985995064203912,18.372854663941695,2.4772553e-05,-2.0675234e-05,2.5285699e-05,3.2183874e-05,5.005673e-05
2.9568017583773574,29.127853314309952,16.460420313885784,2.4772553e-05,-2.0675234e-05,2.5285699e-05,3.2183874e-05,5.005673e-05
2.5950433810203215,22.536171673157753,9.851344618825435,2.4772553e-05,-2.0675234e-05,2.5285699e-05,3.2183874e-05,5.005673e-05
2.3374237458065017,19.45861836270389,6.7496456252651065,2.4772553e-05,-2.0675234e-05,2.5285699e-05,3.2183874e-05,5.005673e-05
2.0735742104654302,21.658254347742258,8.851723286931708,4.7925564e-06,-6.0635643e-06,1.4709208e-05,1.0868136e-05,1.9497384e-05
1.8163814444915745,21.481457987891876,8.585187984421394,4.7925564e-06,-6.0635643e-06,1.4709208e-05,1.0868136e-05,1.9497384e-05
1.6122820344734508,19.790167739945243,6.916940577642386,4.7925564e-06,-6.0635643e-06,1.4709208e-05,1.0868136e-05,1.9497384e-05
1.5480835229244592,21.11999074538233,8.573277291481896,4.7925564e-06,-6.0635643e-06,1.4709208e-05,1.0868136e-05,1.9497384e-05
1.5408965410866464,21.684204681294105,9.538228126325532,1.3946091e-05,-1.3927915e-05,6.6508373e-06,3.5608539e-06,2.0595024e-05
1.4811653106081055,25.973220221339606,14.086332086530675,1.3946091e-05,-1.3927915e-05,6.6508373e-06,3.5608539e-06,2.0595024e-05
1.4777931592951066,18.55215092738981,6.701918790729957,1.3946091e-05,-1.3927915e-05,6.6508373e-06,3.5608539e-06,2.0595024e-05
1.5833123819072226,23.972549261558633,12.194820884587205,1.3946091e-05,-1.3927915e-05,6.6508373e-06,3.5608539e-06,2.0595024e-05
2.9049157444183082,25.784168048432498,13.249379169398065,2.3528728e-05,-2.6174803e-05,4.104278e-06,3.1995444e-07,2.7631799e-05
2.8842864304168434,32.35533297343154,19.949867736089153,3.11161e-05,-3.1741503e-05,1.4978603e-05,1.1546257e-05,4.6096924e-05
2.788808853584236,30.243477422588978,17.91371264412139,3.11161e-05,-3.1741503e-05,1.4978603e-05,1.1546257e-05,4.6096924e-05
2.7016816411522,23.63679019010527,11.310414915358809,3.11161e-05,-3.1741503e-05,1.4978603e-05,1.1546257e-05,4.6096924e-05
2.8033652103497473,30.742831913006594,18.419416187868737,3.11161e-05,-3.1741503e-05,1.4978603e-05,1.1546257e-05,4.6096924e-05
3.025947248679289,33.39221416727722,21.07397293024332,4.990394e-05,-2.9966064e-05,3.0417603e-05,5.4061635e-05,8.03218e-05
3.1838904099024408,30.756523348629162,18.44375081941927,4.990394e-05,-2.9966064e-05,3.0417603e-05,5.4061635e-05,8.03218e-05
3.1900883044769213,20.225771025334517,7.898112057995604,4.990394e-05,-2.9966064e-05,3.0417603e-05,5.4061635e-05,8.03218e-05
2.9698334168819653,20.510582269694986,8.112771372382678,4.990394e-05,-2.9966064e-05,3.0417603e-05,5.4061635e-05,8.03218e-05
2.8002676126942503,24.126230285736323,11.590367099834188,2.1167647e-05,-1.2108146e-05,2.4338246e-05,3.1468586e-05,4.5504054e-05
2.503686422704662,17.802956079126982,5.137167701384337,2.1167647e-05,-1.2108146e-05,2.4338246e-05,3.1468586e-05,4.5504054e-05
1.9902637566035555,25.724483476651372,13.041071993213281,2.1167647e-05,-1.2108146e-05,2.4338246e-05,3.1468586e-05,4.5504054e-05
1.6340928546639417,23.182190259514904,10.453091042301315,2.1167647e-05,-1.2108146e-05,2.4338246e-05,3.1468586e-05,4.5504054e-05
1.3990282651447963,21.558112443604674,8.730272240003085,1.136354e-05,-1.0157766e-05,1.1925182e-05,1.0016214e-05,2.3285294e-05
1.2697150348976207,24.682700805922956,11.763439247291098,1.136354e-05,-1.0157766e-05,1.1925182e-05,1.0016214e-05,2.3285294e-05
1.2299733929742027,15.908888674661629,3.0142185632206067,1.136354e-05,-1.0157766e-05,1.1925182e-05,1.0016214e-05,2.3285294e-05
1.2965302895924111,19.14037365518837,6.489238807696757,1.136354e-05,-1.0157766e-05,1.1925182e-05,1.0016214e-05,2.3285294e-05
1.4116650599622103,21.915449041761462,9.659332510700652,1.7821789e-05,-1.4683232e-05,7.574297e-06,5.9535455e-06,2.5392468e-05
1.4500929317857556,17.48405236571164,5.5557976323603135,1.7821789e-05,-1.4683232e-05,7.574297e-06,5.9535455e-06,2.5392468e-05
1.424091697836733,24.35148960783558,12.460075193768558,1.7821789e-05,-1.4683232e-05,7.574297e-06,5.9535455e-06,2.5392468e-05
1.4656993020475844,20.351616858828518,8.409410403732695,1.7821789e-05,-1.4683232e-05,7.574297e-06,5.9535455e-06,2.5392468e-05
2.9153549531484977,22.79472910962866,10.324860987930435,1.9983298e-05,-2.7680875e-05,6.1289315e-06,6.95451e-07,2.6113943e-05
2.9394593760845256,27.901549762850422,15.505968071569043,3.190258e-05,-3.2391883e-05,1.8829609e-05,1.7035789e-05,5.0730345e-05
2.741597963984113,16.830053599660665,4.483130760035476,3.190258e-05,-3.2391883e-05,1.8829609e-05,1.7035789e-05,5.0730345e-05
2.3546253807889563,27.87577411020707,15.578385840434969,3.190258e-05,-3.2391883e-05,1.8829609e-05,1.7035789e-05,5.0730345e-05
2.3108105502641423,32.16683762002082,19.878051902980758,3.190258e-05,-3.2391883e-05,1.8829609e-05,1.7035789e-05,5.0730345e-05
2.717236339798712,28.13735433617399,15.85380171981645,5.3070922e-05,-3.044984e-05,4.830052e-05,7.505685e-05,0.00010137322
3.0330945127829407,20.651353873443107,8.350930474684764,5.3070922e-05,-3.044984e-05,4.830052e-05,7.505685e-05,0.00010137322
2.9516585046080284,18.422898237766553,6.085614468052288,5.3070922e-05,-3.044984e-05,4.830052e-05,7.505685e-05,0.00010137322
2.7332942582809547,19.071328808853586,6.694441445262793,5.3070922e-05,-3.044984e-05,4.830052e-05,7.505685e-05,0.00010137322
2.5082886669494466,17.789236879651412,5.342914433347472,1.3919176e-05,-6.7762594e-06,2.3742326e-05,2.108865e-05,3.7660742e-05
2.0747711410172367,20.045406239154747,7.530710291906066,1.3919176e-05,-6.7762594e-06,2.3742326e-05,2.108865e-05,3.7660742e-05
1.5586908572089615,24.959953726911657,12.316506767439169,1.3919176e-05,-6.7762594e-06,2.3742326e-05,2.108865e-05,3.7660742e-05
1.3125723981028035,26.921523541433693,14.234154166505997,1.3919176e-05,-6.7762594e-06,2.3742326e-05,2.108865e-05,3.7660742e-05
1.2234774225889793,24.651391277522848,11.890957852928702,1.2069401e-05,-1.2321087e-05,8.4047e-06,6.5239155e-06,2.0469466e-05
1.1695357266802915,22.95717387112945,10.146784405969228,1.2069401e-05,-1.2321087e-05,8.4047e-06,6.5239155e-06,2.0469466e-05
1.118402036015887,24.269929433540277,11.517022712374196,1.2069401e-05,-1.2321087e-05,8.4047e-06,6.5239155e-06,2.0469466e-05
1.1581772259283538,24.344966644815486,11.721296803300815,1.2069401e-05,-1.2321087e-05,8.4047e-06,6.5239155e-06,2.0469466e-05
1.2771761847838663,18.7110072108896,6.28948791115567,1.8492294e-05,-1.4007046e-05,7.8717485e-06,6.599802e-06,2.6361757e-05
1.3508791886785176,18.377613851077776,6.1204827825550465,1.8492294e-05,-1.4007046e-05,7.8717485e-06,6.599802e-06,2.6361757e-05
1.3723645548143293,26.770086762040645,14.661548220414144,1.8492294e-05,-1.4007046e-05,7.8717485e-06,6.599802e-06,2.6361757e-05
1.4064986696487103,21.86774842864304,9.74967454594532,1.8492294e-05,-1.4007046e-05,7.8717485e-06,6.599802e-06,2.6361757e-05
2.9500493579608995,23.90004241699765,11.473118034936181,2.1099093e-05,-3.2813718e-05,1.1463897e-05,6.1197275e-06,3.256191e-05
2.9127910384452242,27.58913970616589,15.187441483823699,2.1099093e-05,-3.2813718e-05,1.1463897e-05,6.1197275e-06,3.256191e-05
2.873537963212895,23.123799020552962,10.758633401457603,3.2562606e-05,-3.1227883e-05,2.3561608e-05,2.681768e-05,5.612828e-05
2.6600971734855205,25.049817992519188,12.717299579686113,3.2562606e-05,-3.1227883e-05,2.3561608e-05,2.681768e-05,5.612828e-05
2.3712092700420313,30.041373539505646,17.765379632128948,3.2562606e-05,-3.1227883e-05,2.3561608e-05,2.681768e-05,5.612828e-05
2.4136281957351637,31.29217599197933,19.025152508387,3.2562606e-05,-3.1227883e-05,2.3561608e-05,2.681768e-05,5.612828e-05
2.7884560212856204,19.642634481162997,7.3776539544210085,4.5385732e-05,-2.6206731e-05,4.512389e-05,6.636266e-05,9.051222e-05
2.9040766590830214,19.523506728878264,7.240053985269734,4.5385732e-05,-2.6206731e-05,4.512389e-05,6.636266e-05,9.051222e-05
2.7125373076774766,19.000077507422976,6.685422049126595,4.5385732e-05,-2.6206731e-05,4.512389e-05,6.636266e-05,9.051222e-05
2.5435996606640185,15.28572012493734,2.961128292137431,4.5385732e-05,-2.6206731e-05,4.512389e-05,6.636266e-05,9.051222e-05
2.307906528361547,13.956293911232793,1.613865345312922,1.0053761e-05,-3.4794596e-06,2.3401457e-05,1.5047253e-05,3.345312e-05
1.8339964523965604,15.19028303705703,2.8394478078124394,1.0053761e-05,-3.4794596e-06,2.3401457e-05,1.5047253e-05,3.345312e-05
1.4019014383218293,14.456972583195157,1.9816191724829368,1.0053761e-05,-3.4794596e-06,2.3401457e-05,1.5047253e-05,3.345312e-05
1.2704966644815487,21.326283114178846,8.75757991747966,1.0053761e-05,-3.4794596e-06,2.3401457e-05,1.5047253e-05,3.345312e-05
1.2368642270466201,21.97561986657926,9.301246288512706,1.2156491e-05,-1.1413673e-05,7.453818e-06,5.355912e-06,1.9608722e-05
1.2067385184899548,25.68476882736282,12.959996915127443,1.2156491e-05,-1.1413673e-05,7.453818e-06,5.355912e-06,1.9608722e-05
1.1421474569081864,28.954295685034513,16.253174719469403,1.2156491e-05,-1.1413673e-05,7.453818e-06,5.355912e-06,1.9608722e-05
1.1523861489222227,18.00134307638916,5.346671422511858,1.2156491e-05,-1.1413673e-05,7.453818e-06,5.355912e-06,1.9608722e-05
1.2138745999305904,27.68388346893919,15.096867697528246,1.3558755e-05,-1.206124e-05,7.3737738e-06,5.7828565e-06,2.0930689e-05
1.284981297960128,19.468509620946286,6.924246712682682,1.3558755e-05,-1.206124e-05,7.3737738e-06,5.7828565e-06,2.0930689e-05
1.3374484247869511,21.363578066556126,8.94992596305865,1.3558755e-05,-1.206124e-05,7.3737738e-06,5.7828565e-06,2.0930689e-05
1.3659522615971926,19.842796822581267,7.477269116569621,1.3558755e-05,-1.206124e-05,7.3737738e-06,5.7828565e-06,2.0930689e-05
2.9198149076466278,18.02138819265029,5.650425712412756,2.0177284e-05,-3.287694e-05,1.4132522e-05,7.555349e-06,3.4307013e-05
2.8871426367948176,21.095405853545678,8.730773917402537,2.0177284e-05,-3.287694e-05,1.4132522e-05,7.555349e-06,3.4307013e-05
2.81898469131994,24.061570971349244,11.724215092738982,3.7690574e-05,-2.8092223e-05,2.3798566e-05,3.7767095e-05,6.149092e-05
2.6942197200478155,26.814946593143873,14.531938071183435,3.7690574e-05,-2.8092223e-05,2.3798566e-05,3.7767095e-05,6.149092e-05
2.5681282535765244,27.481036517178882,15.210095631049242,3.7690574e-05,-2.8092223e-05,2.3798566e-05,3.7767095e-05,6.149092e-05
2.6040292291674696,16.16761886399568,3.9089746654841324,3.7690574e-05,-2.8092223e-05,2.3798566e-05,3.7767095e-05,6.149092e-05
2.768432884741449,18.825299039833418,6.572443219064513,2.4522837e-05,-2.0639314e-05,2.7513986e-05,2.4829778e-05,5.2037583e-05
2.7121320325454055,18.051408629930975,5.806147765395441,2.4522837e-05,-2.0639314e-05,2.7513986e-05,2.4829778e-05,5.2037583e-05
2.5536447769251533,16.741361200015422,4.4891026876952145,2.4522837e-05,-2.0639314e-05,2.7513986e-05,2.4829778e-05,5.2037583e-05
2.4509462846566152,16.620253730767747,4.335062275864728,2.4522837e-05,-2.0639314e-05,2.7513986e-05,2.4829778e-05,5.2037583e-05
2.2447680561446806,18.873989897042378,6.606438129024795,1.382904e-05,-8.771934e-06,1.8678915e-05,1.6290222e-05,3.2509604e-05
1.7906428103188987,22.002707361277135,9.75822234218949,1.382904e-05,-8.771934e-06,1.8678915e-05,1.6290222e-05,3.2509604e-05
1.4454131801179964,12.316074114063163,0.05047969768248949,1.382904e-05,-8.771934e-06,1.8678915e-05,1.6290222e-05,3.2509604e-05
1.3348494196583505,20.96212933328192,8.509272741294875,1.382904e-05,-8.771934e-06,1.8678915e-05,1.6290222e-05,3.2509604e-05
1.3067203948636872,15.35684109050245,2.7134083985655346,1.2827059e-05,-1.08974755e-05,7.6662745e-06,8.233978e-06,2.0494857e-05
1.259243820614661,14.70018663478965,1.9600296918983533,1.2827059e-05,-1.08974755e-05,7.6662745e-06,8.233978e-06,2.0494857e-05
1.1963991825087728,21.704758801527014,8.951492307099063,1.2827059e-05,-1.08974755e-05,7.6662745e-06,8.233978e-06,2.0494857e-05
1.1697003817529787,17.061148343809048,4.352503759688427,1.2827059e-05,-1.08974755e-05,7.6662745e-06,8.233978e-06,2.0494857e-05
1.2081930359002044,21.60238653453129,8.915884008791886,1.2281286e-05,-8.921884e-06,8.969451e-06,9.881295e-06,2.125315e-05
1.243587321173794,17.1321675085798,4.445660355531562,1.2281286e-05,-8.921884e-06,8.969451e-06,9.881295e-06,2.125315e-05
1.2805587475417424,18.15537731847453,5.480669031735626,1.2281286e-05,-8.921884e-06,8.969451e-06,9.881295e-06,2.125315e-05
1.3183839123896195,24.915333744649672,12.361530482396946,1.2281286e-05,-8.921884e-06,8.969451e-06,9.881295e-06,2.125315e-05
1.3660120310029693,21.39359156287356,8.893333976015116,1.3891945e-05,-1.1990341e-05,6.890208e-06,4.3959535e-06,2.0779868e-05
1.428567076697644,22.840159256545714,10.308629545366907,1.3891945e-05,-1.1990341e-05,6.890208e-06,4.3959535e-06,2.0779868e-05
2.9119766320903864,13.93493888096248,1.6107480815948791,2.0033509e-05,-2.927578e-05,1.3083569e-05,7.8170315e-06,3.311695e-05
2.912376894304554,20.00518104345814,7.704916901245516,3.587038e-05,-2.328859e-05,2.23108e-05,4.07161e-05,5.8182766e-05
2.838171056183241,21.789383411097827,9.510778930320441,3.587038e-05,-2.328859e-05,2.23108e-05,4.07161e-05,5.8182766e-05
2.6775486831450275,14.58302973045926,2.315260093317395,3.587038e-05,-2.328859e-05,2.23108e-05,4.07161e-05,5.8182766e-05
2.6429973392974206,23.96361585624494,11.705460995642616,3.587038e-05,-2.328859e-05,2.23108e-05,4.07161e-05,5.8182766e-05
2.662353372151313,20.70411020707207,8.456527590328925,3.3927296e-05,-1.5163868e-05,3.426334e-05,3.4856464e-05,6.8187335e-05
2.629710021979717,17.966687618092777,5.728467975166775,3.3927296e-05,-1.5163868e-05,3.426334e-05,3.4856464e-05,6.8187335e-05
2.5243431149500637,24.944592218408978,12.699297420275325,3.3927296e-05,-1.5163868e-05,3.426334e-05,3.4856464e-05,6.8187335e-05
2.403140400262214,23.414581421355027,11.158358462191032,3.3927296e-05,-1.5163868e-05,3.426334e-05,3.4856464e-05,6.8187335e-05
2.206676049820692,25.123165850460804,12.877477731076235,1.4359768e-05,-1.1557239e-05,1.556957e-05,1.3092138e-05,2.9925468e-05
1.8296799444722938,23.173577295337985,10.94636254964717,1.4359768e-05,-1.1557239e-05,1.556957e-05,1.3092138e-05,2.9925468e-05
1.5285142482551188,21.001022635252383,8.753483977943162,1.4359768e-05,-1.1557239e-05,1.556957e-05,1.3092138e-05,2.9925468e-05
1.416391470327382,17.52611421740639,5.1449003200555286,1.4359768e-05,-1.1557239e-05,1.556957e-05,1.3092138e-05,2.9925468e-05
1.3559723132688082,23.027658581729842,10.458533914317664,9.372592e-06,-9.446491e-06,8.873158e-06,8.823011e-06,1.8244735e-05
1.2987128369259244,21.76176339027494,9.04134770369799,9.372592e-06,-9.446491e-06,8.873158e-06,8.823011e-06,1.8244735e-05
1.255993521767632,29.429409246905486,16.692717772722016,9.372592e-06,-9.446491e-06,8.873158e-06,8.823011e-06,1.8244735e-05
1.2183268422473297,13.69978984305711,0.9725137855242355,9.372592e-06,-9.446491e-06,8.873158e-06,8.823011e-06,1.8244735e-05
1.2181270967493154,19.887125284386688,7.17398874021517,9.603584e-06,-5.0361073e-06,1.0888543e-05,9.56937e-06,2.049219e-05
1.2234365480276097,21.948929934832066,9.223052095785294,9.603584e-06,-5.0361073e-06,1.0888543e-05,9.56937e-06,2.049219e-05
1.2496864998264758,21.921869432769057,9.209838429799868,9.603584e-06,-5.0361073e-06,1.0888543e-05,9.56937e-06,2.049219e-05
1.2818698183781283,19.590969035591716,6.924869085720896,9.603584e-06,-5.0361073e-06,1.0888543e-05,9.56937e-06,2.049219e-05
1.3212532294759571,21.086834535148267,8.479590483168165,1.3377974e-05,-1.2686407e-05,6.9799644e-06,2.852898e-06,2.0353176e-05
1.3726599313615857,22.501564415995063,9.932995796861142,1.3377974e-05,-1.2686407e-05,6.9799644e-06,2.852898e-06,2.0353176e-05
1.4418135194539776,22.90646512165966,10.348583657887634,1.3377974e-05,-1.2686407e-05,6.9799644e-06,2.852898e-06,2.0353176e-05
2.883156981452204,13.956057918482243,1.659437781976632,2.9698982e-05,-1.7440267e-05,2.4678291e-05,3.9867446e-05,5.438013e-05
2.8230305016773993,16.88090772374966,4.598304862530367,2.9698982e-05,-1.7440267e-05,2.4678291e-05,3.9867446e-05,5.438013e-05
2.739851540508233,18.857571048471062,6.591012995025642,2.9698982e-05,-1.7440267e-05,2.4678291e-05,3.9867446e-05,5.438013e-05
2.6540230594223577,20.116278101260942,7.8554247483900825,2.9698982e-05,-1.7440267e-05,2.4678291e-05,3.9867446e-05,5.438013e-05
2.617300350904253,17.229265414722555,4.975134770369799,2.277291e-05,-1.3171127e-05,2.9743987e-05,2.6740396e-05,5.2517596e-05
2.61471985501099,19.356161647321947,7.106050591909922,2.277291e-05,-1.3171127e-05,2.9743987e-05,2.6740396e-05,5.2517596e-05
2.5372452088073114,16.503605059190992,4.250760421085104,2.277291e-05,-1.3171127e-05,2.9743987e-05,2.6740396e-05,5.2517596e-05
2.3773389118112056,16.839735472178305,4.566322060694867,2.277291e-05,-1.3171127e-05,2.9743987e-05,2.6740396e-05,5.2517596e-05
2.1433089114255965,26.601125592873945,14.328422858905641,1.326981e-05,-1.1331458e-05,1.3945456e-05,1.1638077e-05,2.7214885e-05
1.8272328693170863,15.884989395750587,3.6204608028380827,1.326981e-05,-1.1331458e-05,1.3945456e-05,1.1638077e-05,2.7214885e-05
1.5649793699147805,18.79836116145452,6.483641306443527,1.326981e-05,-1.1331458e-05,1.3945456e-05,1.1638077e-05,2.7214885e-05
1.4912740523657115,20.482747464620367,8.095966143523695,1.326981e-05,-1.1331458e-05,1.3945456e-05,1.1638077e-05,2.7214885e-05
1.440976362164038,23.340519029807584,10.849359888944589,8.292599e-06,-8.0016325e-06,1.0866517e-05,1.0894637e-05,1.915588e-05
1.378012956464736,15.009785986966415,2.4280912351058497,8.292599e-06,-8.0016325e-06,1.0866517e-05,1.0894637e-05,1.915588e-05
1.3276180927775423,13.976253807889561,1.3019504106736592,8.292599e-06,-8.0016325e-06,1.0866517e-05,1.0894637e-05,1.915588e-05
1.2664149924806232,12.763268808082366,0.08175799174796591,8.292599e-06,-8.0016325e-06,1.0866517e-05,1.0894637e-05,1.915588e-05
1.2399371457216675,25.869079165541972,13.179924806231442,2.4533754e-06,-1.1917621e-06,1.059763e-05,1.858535e-06,1.3044721e-05
1.2453707631203486,20.398425172560056,7.687264874869856,2.4533754e-06,-1.1917621e-06,1.059763e-05,1.858535e-06,1.3044721e-05
1.244286044807774,17.332736281957352,4.627493155439016,2.4533754e-06,-1.1917621e-06,1.059763e-05,1.858535e-06,1.3044721e-05
1.2511005282844252,21.034091312227662,8.37641730613504,2.4533754e-06,-1.1917621e-06,1.059763e-05,1.858535e-06,1.3044721e-05
1.2791165696217175,21.556544171518915,8.939426599313615,1.2690838e-05,-1.3025634e-05,5.4963225e-06,6.166764e-07,1.8184177e-05
1.3325373076774767,22.04020977133382,9.448020283037057,1.2690838e-05,-1.3025634e-05,5.4963225e-06,6.166764e-07,1.8184177e-05
1.3838356534145684,21.709589326340957,9.134705201866348,1.2690838e-05,-1.3025634e-05,5.4963225e-06,6.166764e-07,1.8184177e-05
1.4454093240273012,21.797882620599236,9.239120425712413,1.2690838e-05,-1.3025634e-05,5.4963225e-06,6.166764e-07,1.8184177e-05
2.808184166891605,7.163391431766476,-5.1218605637604595,3.9548602e-05,-1.2467685e-05,3.2126587e-05,4.7290287e-05,7.168071e-05
2.7708587513978324,10.188423630123781,-2.081012223807504,3.9548602e-05,-1.2467685e-05,3.2126587e-05,4.7290287e-05,7.168071e-05
2.6811614545174103,13.779777503566883,1.5137030038946517,3.9548602e-05,-1.2467685e-05,3.2126587e-05,4.7290287e-05,7.168071e-05
2.5959834959318244,15.154878725947633,2.894399028265145,8.577356e-06,-1.13324e-05,2.359836e-05,1.5538595e-05,3.2174194e-05
2.5795349554621527,17.403837581459914,5.141325723981028,8.577356e-06,-1.13324e-05,2.359836e-05,1.5538595e-05,3.2174194e-05
2.485780279952184,19.14224424478464,6.877856784791578,8.577356e-06,-1.13324e-05,2.359836e-05,1.5538595e-05,3.2174194e-05
2.302084602629854,26.808299849612464,14.521515443643235,8.577356e-06,-1.13324e-05,2.359836e-05,1.5538595e-05,3.2174194e-05
2.0803840666332474,18.875588632244632,6.582138973508656,2.0316931e-05,-8.607313e-06,1.385443e-05,1.8410727e-05,3.416952e-05
1.800312728955385,27.734544402884353,15.436121158369644,2.0316931e-05,-8.607313e-06,1.385443e-05,1.8410727e-05,3.416952e-05
1.5763155053406854,18.47862646049435,6.137663209038676,2.0316931e-05,-8.607313e-06,1.385443e-05,1.8410727e-05,3.416952e-05
1.5308055373462384,23.309217599197932,10.930509775189911,2.0316931e-05,-8.607313e-06,1.385443e-05,1.8410727e-05,3.416952e-05
1.5004511626113446,13.562695793005052,1.1388751783441946,8.4915355e-06,-5.337959e-06,1.451573e-05,1.7058417e-05,2.3005869e-05
1.4392611730227896,19.571614930783173,7.1029684186172055,8.4915355e-06,-5.337959e-06,1.451573e-05,1.7058417e-05,2.3005869e-05
1.3906115759842672,16.352820730343577,3.7879524158408207,8.4915355e-06,-5.337959e-06,1.451573e-05,1.7058417e-05,2.3005869e-05
1.3085281301816218,15.670938958084294,3.056654070103729,8.4915355e-06,-5.337959e-06,1.451573e-05,1.7058417e-05,2.3005869e-05
1.2756699957583002,20.30519106929395,7.641355030270312,6.0030575e-06,-6.593366e-06,9.946866e-06,9.258208e-06,1.5944212e-05
1.2574376277330044,18.401694366251494,5.697795087340455,6.0030575e-06,-6.593366e-06,9.946866e-06,9.258208e-06,1.5944212e-05
1.2441379709250762,18.789891258242395,6.081927274129487,6.0030575e-06,-6.593366e-06,9.946866e-06,9.258208e-06,1.5944212e-05
1.2393764701345775,16.053199398449852,3.392979601280222,6.0030575e-06,-6.593366e-06,9.946866e-06,9.258208e-06,1.5944212e-05
1.2602996182470212,20.40410365171789,7.7818150618902555,1.3741632e-05,-1.2481242e-05,5.660283e-06,1.1138895e-06,1.9395948e-05
1.2910045116261135,20.913097212046427,8.313244514710986,1.3741632e-05,-1.2481242e-05,5.660283e-06,1.1138895e-06,1.9395948e-05
1.3381058882504917,21.81687116800987,9.233160837542899,1.3741632e-05,-1.2481242e-05,5.660283e-06,1.1138895e-06,1.9395948e-05
1.3890051286006246,22.992928315273975,10.428493039756294,1.3741632e-05,-1.2481242e-05,5.660283e-06,1.1138895e-06,1.9395948e-05
2.874171518914125,20.614511240504378,8.318106659468631,3.7644237e-05,-1.961309e-05,2.7625198e-05,4.126968e-05,6.526144e-05
2.8675089654108663,24.378049974935408,12.08597848301392,3.8229937e-05,-1.8182702e-05,2.9574441e-05,5.105766e-05,6.779873e-05
2.8138495353410713,25.203750819419273,12.922893610457718,3.8229937e-05,-1.8182702e-05,2.9574441e-05,5.105766e-05,6.779873e-05
2.7549539197161916,7.425092353372152,-4.848979292792967,3.8229937e-05,-1.8182702e-05,2.9574441e-05,5.105766e-05,6.779873e-05
2.6559873520225197,26.406437743415726,14.138941117495083,3.8229937e-05,-1.8182702e-05,2.9574441e-05,5.105766e-05,6.779873e-05
2.5881656576562677,15.414486947132998,3.1480318513091428,1.6680604e-05,-1.1880294e-05,2.1875476e-05,1.9183111e-05,3.855589e-05
2.5541857864496973,20.221887170786257,7.9519828018354985,1.6680604e-05,-1.1880294e-05,2.1875476e-05,1.9183111e-05,3.855589e-05
2.432281263255312,30.168606023213666,17.881532024833223,1.6680604e-05,-1.1880294e-05,2.1875476e-05,1.9183111e-05,3.855589e-05
2.2575787606524504,22.20951104769984,9.93160876103806,1.6680604e-05,-1.1880294e-05,2.1875476e-05,1.9183111e-05,3.855589e-05
2.0701920333166237,26.38011298345737,14.098414375506112,2.012555e-05,-9.010569e-06,1.4508177e-05,2.1698344e-05,3.4630237e-05
1.8928924536305094,29.717040450391394,17.409605521921875,2.012555e-05,-9.010569e-06,1.4508177e-05,2.1698344e-05,3.4630237e-05
1.7014703273821001,25.173741564801606,12.844708286738904,2.012555e-05,-9.010569e-06,1.4508177e-05,2.1698344e-05,3.4630237e-05
1.602627925808815,13.957131068522733,1.5930952840010797,2.012555e-05,-9.010569e-06,1.4508177e-05,2.1698344e-05,3.4630237e-05
1.5443392588593683,22.85407781591023,10.46787182354529,3.4994719e-06,-6.225069e-07,1.5608673e-05,1.9047461e-06,1.9104209e-05
1.497092507615779,8.369524929626346,-4.041277908456407,3.4994719e-06,-6.225069e-07,1.5608673e-05,1.9047461e-06,1.9104209e-05
1.4290093703003894,19.137943161223152,6.696982994640034,3.4994719e-06,-6.225069e-07,1.5608673e-05,1.9047461e-06,1.9104209e-05
1.3656503296957545,22.136649057185824,9.585551999383025,3.4994719e-06,-6.225069e-07,1.5608673e-05,1.9047461e-06,1.9104209e-05
1.320363243743493,20.368076196352135,7.7119288165657665,5.3982512e-06,-8.024668e-06,6.9911994e-06,2.5918182e-06,1.2384309e-05
1.2838892530752324,19.95360043188216,7.226610881887942,5.3982512e-06,-8.024668e-06,6.9911994e-06,2.5918182e-06,1.2384309e-05
1.261737554467281,17.666893533335905,4.942541549377241,5.3982512e-06,-8.024668e-06,6.9911994e-06,2.5918182e-06,1.2384309e-05
1.243844908032237,20.208046504453787,7.526064088227356,5.3982512e-06,-8.024668e-06,6.9911994e-06,2.5918182e-06,1.2384309e-05
1.2503073304284118,21.565599814907646,8.93277021555547,1.7892058e-05,-1.2658009e-05,5.947515e-06,2.0489651e-06,2.3839573e-05
1.2669968765665367,21.333244129101917,8.728304476921297,1.7892058e-05,-1.2658009e-05,5.947515e-06,2.0489651e-06,2.3839573e-05
1.3029722747079013,21.044437203563028,8.457430301160684,1.7892058e-05,-1.2658009e-05,5.947515e-06,2.0489651e-06,2.3839573e-05
1.348523117263718,21.514618825434773,8.938376971426369,1.7892058e-05,-1.2658009e-05,5.947515e-06,2.0489651e-06,2.3839573e-05
2.7898392010180078,21.161858250106043,8.883312381907222,2.4852217e-05,-1.6705995e-05,2.130736e-05,2.2127891e-05,4.6157864e-05
2.8919639069910925,25.477444568696253,13.18450044345043,2.4852217e-05,-1.6705995e-05,2.130736e-05,2.2127891e-05,4.6157864e-05
2.9197744186943275,13.730225966914743,1.4406917826707284,1.5088989e-05,-1.45095155e-05,1.4445208e-05,1.2023032e-05,2.9535848e-05
2.8744360467358194,12.853138086607796,0.5719619789457449,1.5088989e-05,-1.45095155e-05,1.4445208e-05,1.2023032e-05,2.9535848e-05
2.792669185979254,30.27515520765048,18.000638954228204,1.5088989e-05,-1.45095155e-05,1.4445208e-05,1.2023032e-05,2.9535848e-05
2.660728415532333,12.507338526202137,0.23756603555315622,1.5088989e-05,-1.45095155e-05,1.4445208e-05,1.2023032e-05,2.9535848e-05
2.549900127250993,23.865786835306366,11.600208614506615,1.7372437e-05,-1.20578525e-05,1.8676821e-05,1.6915088e-05,3.60464e-05
2.5028211159526474,20.933057879921336,8.653940924690549,1.7372437e-05,-1.20578525e-05,1.8676821e-05,1.6915088e-05,3.60464e-05
2.399531870589596,17.932433578837774,5.645270504762272,1.7372437e-05,-1.20578525e-05,1.8676821e-05,1.6915088e-05,3.60464e-05
2.284523194385532,16.678059229553078,4.397086723479736,1.7372437e-05,-1.20578525e-05,1.8676821e-05,1.6915088e-05,3.60464e-05
2.122647591871361,19.086366405737863,6.8052608645355335,1.215903e-05,-8.210435e-06,1.7724225e-05,1.7131575e-05,2.9879384e-05
1.9654062391547449,18.61447653568812,6.311534724096711,1.215903e-05,-8.210435e-06,1.7724225e-05,1.7131575e-05,2.9879384e-05
1.8884035784521653,14.195037982493348,1.8695696602784098,1.215903e-05,-8.210435e-06,1.7724225e-05,1.7131575e-05,2.9879384e-05
1.7958523888481857,17.137878378899472,4.794400570701423,1.215903e-05,-8.210435e-06,1.7724225e-05,1.7131575e-05,2.9879384e-05
1.573808275170632,14.386631704777697,1.993535263949408,9.812233e-07,-2.8940886e-07,1.6629696e-05,1.4288611e-07,1.7607681e-05
1.3185932981143718,21.119620560675585,8.402549647167701,7.604956e-06,-9.762318e-06,6.6858765e-06,1.5230605e-06,1.4295212e-05
1.3009185208036094,23.827276828751014,11.103963675625652,7.604956e-06,-9.762318e-06,6.6858765e-06,1.5230605e-06,1.4295212e-05
1.2735796089924034,18.535135927197008,5.871346932479852,7.604956e-06,-9.762318e-06,6.6858765e-06,1.5230605e-06,1.4295212e-05
1.2648590598850884,20.165552770601167,7.530704507770023,1.6928418e-05,-1.4679649e-05,6.607737e-06,3.902676e-06,2.3531711e-05
1.2735260093317393,21.742652990398334,9.135884008791887,1.6928418e-05,-1.4679649e-05,6.607737e-06,3.902676e-06,2.3531711e-05
1.2905016773994524,18.84774187328886,6.249562333706089,1.6928418e-05,-1.4679649e-05,6.607737e-06,3.902676e-06,2.3531711e-05
1.3280064011105541,18.420750009640226,5.839595881695137,1.6928418e-05,-1.4679649e-05,6.607737e-06,3.902676e-06,2.3531711e-05
1.3653719199475574,19.95364940423399,7.375968457178113,1.2097902e-05,-1.0026202e-05,5.4884517e-06,3.5606633e-06,1.758153e-05
1.370637026182856,7.597894574480392,-4.663594647746115,2.4852217e-05,-1.6705995e-05,2.130736e-05,2.2127891e-05,4.6157864e-05
1.9519334438745999,9.86995141325724,-2.4127509351019936,2.4852217e-05,-1.6705995e-05,2.130736e-05,2.2127891e-05,4.6157864e-05
2.480795125901361,9.853223306212163,-2.433874214321521,2.4852217e-05,-1.6705995e-05,2.130736e-05,2.2127891e-05,4.6157864e-05
2.7354232059538037,11.11396444684379,-1.1751309142791038,2.4852217e-05,-1.6705995e-05,2.130736e-05,2.2127891e-05,4.6157864e-05
2.8397917711024565,7.942455172945667,-4.336113831797324,1.5088989e-05,-1.45095155e-05,1.4445208e-05,1.2023032e-05,2.9535848e-05
2.850014267535572,27.081872132032544,14.803571511201945,1.5088989e-05,-1.45095155e-05,1.4445208e-05,1.2023032e-05,2.9535848e-05
2.8343234488875177,14.303196313577294,2.030808236609725,1.5088989e-05,-1.45095155e-05,1.4445208e-05,1.2023032e-05,2.9535848e-05
2.7303894651602207,20.3834708672348,8.116244938880962,1.5088989e-05,-1.45095155e-05,1.4445208e-05,1.2023032e-05,2.9535848e-05
2.615877453437705,12.907162302857364,0.6328627617321559,1.7372437e-05,-1.20578525e-05,1.8676821e-05,1.6915088e-05,3.60464e-05
2.523556086839162,26.778841244746076,14.505748274399414,1.7372437e-05,-1.20578525e-05,1.8676821e-05,1.6915088e-05,3.60464e-05
2.455752130490109,17.18047892646435,4.900027763853005,1.7372437e-05,-1.20578525e-05,1.8676821e-05,1.6915088e-05,3.60464e-05
2.3593325107006518,14.933632437434929,2.650597308448695,1.7372437e-05,-1.20578525e-05,1.8676821e-05,1.6915088e-05,3.60464e-05
2.2259468630702197,15.464165349169013,3.1734064705201863,1.215903e-05,-8.210435e-06,1.7724225e-05,1.7131575e-05,2.9879384e-05
2.074692862376123,17.235109320171212,4.948122469440482,1.215903e-05,-8.210435e-06,1.7724225e-05,1.7131575e-05,2.9879384e-05
1.947527860255273,13.783651717888405,1.4791416342112367,1.215903e-05,-8.210435e-06,1.7724225e-05,1.7131575e-05,2.9879384e-05
1.2912833069833802,20.769079551151044,8.143950564917287,1.6928418e-05,-1.4679649e-05,6.607737e-06,3.902676e-06,2.3531711e-05
1.0926927081324953,9.181565958431342,-3.072255813056723,2.4213896e-05,-2.046744e-05,1.7949886e-05,2.2149346e-05,4.216035e-05
1.1072829984961248,9.913174719469401,-2.34330582655304,2.4213896e-05,-2.046744e-05,1.7949886e-05,2.2149346e-05,4.216035e-05
1.229154359310531,9.892959935217677,-2.3739752438977364,2.4852217e-05,-1.6705995e-05,2.130736e-05,2.2127891e-05,4.6157864e-05
1.5855076543400302,6.611444105965372,-5.671162996953688,2.4852217e-05,-1.6705995e-05,2.130736e-05,2.2127891e-05,4.6157864e-05
2.0259738557050864,7.5844838622604405,-4.702846566151236,2.4852217e-05,-1.6705995e-05,2.130736e-05,2.2127891e-05,4.6157864e-05
2.3799849612462887,26.88537847530174,14.601556318204603,2.4852217e-05,-1.6705995e-05,2.130736e-05,2.2127891e-05,4.6157864e-05
2.6258574017660896,10.404635406624763,-1.8549643311610688,1.5088989e-05,-1.45095155e-05,1.4445208e-05,1.2023032e-05,2.9535848e-05
2.7365576678363475,14.878912968033008,2.6160883815987352,1.5088989e-05,-1.45095155e-05,1.4445208e-05,1.2023032e-05,2.9535848e-05
2.785975783750434,6.520933173948251,-5.737752670342807,1.5088989e-05,-1.45095155e-05,1.4445208e-05,1.2023032e-05,2.9535848e-05
2.765192611730228,19.149529171326108,6.886899317471947,1.5088989e-05,-1.45095155e-05,1.4445208e-05,1.2023032e-05,2.9535848e-05
2.7061142174063937,20.311750279566574,8.034697104075887,1.7372437e-05,-1.20578525e-05,1.8676821e-05,1.6915088e-05,3.60464e-05
2.6678159102302086,14.69857093278834,2.423030887286469,1.7372437e-05,-1.20578525e-05,1.8676821e-05,1.6915088e-05,3.60464e-05
2.535262406971812,11.517483129603209,-0.7625515752130491,1.7372437e-05,-1.20578525e-05,1.8676821e-05,1.6915088e-05,3.60464e-05
2.417648941503104,18.795396213318938,6.510694481934215,1.7372437e-05,-1.20578525e-05,1.8676821e-05,1.6915088e-05,3.60464e-05
2.3083430378282497,17.00635907916554,4.714944665098523,1.215903e-05,-8.210435e-06,1.7724225e-05,1.7131575e-05,2.9879384e-05
2.166124243242201,24.287121813905063,11.998723633979871,1.215903e-05,-8.210435e-06,1.7724225e-05,1.7131575e-05,2.9879384e-05
2.016586588516562,25.95405236571164,13.650147302664559,1.215903e-05,-8.210435e-06,1.7724225e-05,1.7131575e-05,2.9879384e-05
1.1660093317394824,15.926124243242201,3.674699417730305,2.4852217e-05,-1.6705995e-05,2.130736e-05,2.2127891e-05,4.6157864e-05
1.3768557436470905,13.949991130991402,1.6598565534261365,2.4852217e-05,-1.6705995e-05,2.130736e-05,2.2127891e-05,4.6157864e-05
1.7114942351444107,15.193455057262947,2.8952304014190413,2.4852217e-05,-1.6705995e-05,2.130736e-05,2.2127891e-05,4.6157864e-05
2.048300620830602,18.760347433771642,6.47848108587514,2.4852217e-05,-1.6705995e-05,2.130736e-05,2.2127891e-05,4.6157864e-05
2.3292823815216135,13.458373886553812,1.2079080707978251,1.5088989e-05,-1.45095155e-05,1.4445208e-05,1.2023032e-05,2.9535848e-05
2.5484745305209575,7.368086993406085,-4.830135348783403,1.5088989e-05,-1.45095155e-05,1.4445208e-05,1.2023032e-05,2.9535848e-05
2.7142309027108316,13.20926001619558,1.0167362048355377,1.5088989e-05,-1.45095155e-05,1.4445208e-05,1.2023032e-05,2.9535848e-05
2.7536320518258592,25.513997609223768,13.240873018933405,1.5088989e-05,-1.45095155e-05,1.4445208e-05,1.2023032e-05,2.9535848e-05
2.6786102649134307,2.6278031851309147,-9.661499633671385,1.7372437e-05,-1.20578525e-05,1.8676821e-05,1.6915088e-05,3.60464e-05
2.6338510777773494,22.740230594223576,10.456301237805114,1.7372437e-05,-1.20578525e-05,1.8676821e-05,1.6915088e-05,3.60464e-05
2.552547719122354,10.60850576485559,-1.6806867697528245,1.7372437e-05,-1.20578525e-05,1.8676821e-05,1.6915088e-05,3.60464e-05
2.519315929510662,17.8794559056029,5.594411367755369,1.7372437e-05,-1.20578525e-05,1.8676821e-05,1.6915088e-05,3.60464e-05
2.350392550032777,21.439305518065787,9.144764200053986,1.215903e-05,-8.210435e-06,1.7724225e-05,1.7131575e-05,2.9879384e-05
1.2419766320903867,17.579713106852275,5.294215092738981,2.4852217e-05,-1.6705995e-05,2.130736e-05,2.2127891e-05,4.6157864e-05
1.4961523927042764,11.107359349091892,-1.1961223151968534,2.4852217e-05,-1.6705995e-05,2.130736e-05,2.2127891e-05,4.6157864e-05
1.7854270620444994,15.250320055527705,2.972245016002776,2.4852217e-05,-1.6705995e-05,2.130736e-05,2.2127891e-05,4.6157864e-05
2.0536771680869936,19.247012300929317,7.001804650445378,1.5088989e-05,-1.45095155e-05,1.4445208e-05,1.2023032e-05,2.9535848e-05
2.300301546292369,5.956835691975475,-6.234702116993792,1.5088989e-05,-1.45095155e-05,1.4445208e-05,1.2023032e-05,2.9535848e-05
2.484774997107932,16.96790421470713,4.768085065360737,1.5088989e-05,-1.45095155e-05,1.4445208e-05,1.2023032e-05,2.9535848e-05
2.5822515713569585,23.659939844985153,11.393383333976015,1.5088989e-05,-1.45095155e-05,1.4445208e-05,1.2023032e-05,2.9535848e-05
2.610862221879459,15.80409478270929,3.5204172290132263,1.7372437e-05,-1.20578525e-05,1.8676821e-05,1.6915088e-05,3.60464e-05
2.6083256854201213,18.763242201056567,6.476520649365672,1.7372437e-05,-1.20578525e-05,1.8676821e-05,1.6915088e-05,3.60464e-05
2.5707762310569544,14.021350788570548,1.7351887556395327,1.7372437e-05,-1.20578525e-05,1.8676821e-05,1.6915088e-05,3.60464e-05
1.5319338294836695,4.935009833031273,-7.326209462846566,2.4852217e-05,-1.6705995e-05,2.130736e-05,2.2127891e-05,4.6157864e-05
2.0177534415609455,7.551909921721359,-4.698709366444299,1.5088989e-05,-1.45095155e-05,1.4445208e-05,1.2023032e-05,2.9535848e-05
2.2587321173794006,13.915819997686347,1.6744352755176801,1.5088989e-05,-1.45095155e-05,1.4445208e-05,1.2023032e-05,2.9535848e-05
2.43112096556511,13.212610573400687,0.9531392434350056,1.5088989e-05,-1.45095155e-05,1.4445208e-05,1.2023032e-05,2.9535848e-05
2.5085015231558248,17.749841129063356,5.478246249951798,1.7372437e-05,-1.20578525e-05,1.8676821e-05,1.6915088e-05,3.60464e-05
2.551220838314117,8.76946438900243,-3.5076500983303127,1.7372437e-05,-1.20578525e-05,1.8676821e-05,1.6915088e-05,3.60464e-05
4.049762464813172,34.398056915898664,25.77297073227162,1.5380729e-05,-3.6133966e-05,1.5511743e-05,0.0,3.089514e-05
2.981083561485366,34.86954498129796,26.259679944472296,1.5380729e-05,-3.6133966e-05,1.5511743e-05,0.0,3.089514e-05
1.9370566459723133,34.8470466201365,26.23479350634327,1.5380729e-05,-3.6133966e-05,1.5511743e-05,0.0,3.089514e-05
5.224892607874137,33.280685227316546,24.65244707515521,3.776002e-05,-4.314321e-05,1.5970109e-05,0.0,5.3723525e-05
4.4265996992249255,33.4211109397293,24.78662669185979,3.3355114e-05,-4.3496813e-05,2.1845579e-05,1.0231718e-05,5.5195804e-05
2.8352955693517914,31.858641113638992,23.235959202560444,3.3355114e-05,-4.3496813e-05,2.1845579e-05,1.0231718e-05,5.5195804e-05
1.9464076659083023,34.83360043188216,26.203304669725835,3.3355114e-05,-4.3496813e-05,2.1845579e-05,1.0231718e-05,5.5195804e-05
1.8755469864651215,34.48513746963329,25.818413989897046,3.3355114e-05,-4.3496813e-05,2.1845579e-05,1.0231718e-05,5.5195804e-05
6.029183665599815,32.63108934562141,23.956276173215592,4.1439765e-05,-4.1944284e-05,1.789174e-05,0.0,5.9326616e-05
4.211400532140516,30.12667836347511,21.453564570238694,4.030461e-05,-4.1329862e-05,2.4221576e-05,1.662449e-05,6.452054e-05
2.2797435699687654,33.34452435121274,24.65100104114449,4.030461e-05,-4.1329862e-05,2.4221576e-05,1.662449e-05,6.452054e-05
1.9157586858442912,33.74419272741295,25.031538194578335,4.030461e-05,-4.1329862e-05,2.4221576e-05,1.662449e-05,6.452054e-05
1.9376797902286662,33.59154474993252,24.837865268191106,4.030461e-05,-4.1329862e-05,2.4221576e-05,1.662449e-05,6.452054e-05
7.02456561138318,31.754465738634174,23.121701692823812,4.4708308e-05,-4.0147337e-05,2.038498e-05,0.0,6.508967e-05
6.038705510353603,31.705025643003125,23.02567115258551,4.4708308e-05,-4.0147337e-05,2.038498e-05,0.0,6.508967e-05
3.5657440326996492,31.381767631974704,22.66563799020553,3.647512e-05,-3.727985e-05,2.6708847e-05,1.8198365e-05,6.318169e-05
2.22702656846489,31.969114255967302,23.195058805383102,3.647512e-05,-3.727985e-05,2.6708847e-05,1.8198365e-05,6.318169e-05
2.027472718158331,32.6533366752786,23.853204796976826,3.647512e-05,-3.727985e-05,2.6708847e-05,1.8198365e-05,6.318169e-05
2.0628993945937606,32.821456831064665,23.99948058458335,3.647512e-05,-3.727985e-05,2.6708847e-05,1.8198365e-05,6.318169e-05
8.0944021131377,31.032067250221726,22.44020398719778,4.749551e-05,-3.8421524e-05,2.3892513e-05,0.0,7.138237e-05
6.7475301739096905,30.80355030270312,22.117363976400725,4.749551e-05,-3.8421524e-05,2.3892513e-05,0.0,7.138237e-05
3.7311047699841904,30.011841668916052,21.18084641190761,4.0403254e-05,-4.0018575e-05,3.393675e-05,3.2309432e-05,7.433594e-05
2.348520032391162,31.446464736050594,22.587126441213897,4.0403254e-05,-4.0018575e-05,3.393675e-05,3.2309432e-05,7.433594e-05
2.2696525662283578,32.19711680098716,23.32041414414067,4.0403254e-05,-4.0018575e-05,3.393675e-05,3.2309432e-05,7.433594e-05
2.185673080630856,32.566024756102266,23.62765318320287,4.0403254e-05,-4.0018575e-05,3.393675e-05,3.2309432e-05,7.433594e-05
2.047615007904986,32.45603786681063,23.531298345737092,6.717488e-06,-1.3598994e-05,2.2111483e-06,9.673853e-08,8.92724e-06
2.121090888057687,32.35349978791501,23.44630200902325,6.717488e-06,-1.3598994e-05,2.2111483e-06,9.673853e-08,8.92724e-06
2.335080399490996,32.38296918983534,23.47023599275055,6.717488e-06,-1.3598994e-05,2.2111483e-06,9.673853e-08,8.92724e-06
8.065581305672309,30.925175644931166,22.305147881078163,4.7084686e-05,-3.7667556e-05,2.490287e-05,0.0,7.1987306e-05
8.750396406123471,30.69983881540894,22.0667936605869,4.7084686e-05,-3.7667556e-05,2.490287e-05,0.0,7.1987306e-05
7.267553696062931,30.058617977094823,21.259403077160375,4.7084686e-05,-3.7667556e-05,2.490287e-05,0.0,7.1987306e-05
3.9854347742258898,24.79572937955501,15.871983958662707,4.7209927e-05,-4.4330114e-05,4.1035863e-05,4.8629074e-05,8.824674e-05
2.579149346392627,22.365018316430803,13.43563027802414,4.7209927e-05,-4.4330114e-05,4.1035863e-05,4.8629074e-05,8.824674e-05
2.5546145837350096,31.7549184436818,22.802884355840046,4.7209927e-05,-4.4330114e-05,4.1035863e-05,4.8629074e-05,8.824674e-05
2.3870038175297883,32.17452897852158,23.101553618941118,4.7209927e-05,-4.4330114e-05,4.1035863e-05,4.8629074e-05,8.824674e-05
2.297161531639224,32.247282612887055,23.178023367909613,7.0895885e-06,-1.2729525e-05,2.9967362e-06,5.4970844e-08,1.0087721e-05
2.2678606408822737,32.09282767130683,23.124863687193923,7.0895885e-06,-1.2729525e-05,2.9967362e-06,5.4970844e-08,1.0087721e-05
2.302505302124706,32.27834303782825,23.346285042224192,7.0895885e-06,-1.2729525e-05,2.9967362e-06,5.4970844e-08,1.0087721e-05
8.904755716654456,30.987728376971425,22.15796976824895,4.7482496e-05,-3.73601e-05,2.6596303e-05,0.0,7.408191e-05
7.408722862761732,30.901061196159333,21.96752978830062,4.7482496e-05,-3.73601e-05,2.6596303e-05,0.0,7.408191e-05
4.118922608259746,25.970196660625458,16.913369066440442,3.5098885e-05,-4.0936633e-05,3.8045284e-05,4.101831e-05,7.314512e-05
2.400852196043651,30.225244668954616,21.080557590714534,3.5098885e-05,-4.0936633e-05,3.8045284e-05,4.101831e-05,7.314512e-05
2.5470766976439285,29.916958315659585,20.680863378706665,3.5098885e-05,-4.0936633e-05,3.8045284e-05,4.101831e-05,7.314512e-05
2.4258442910577256,31.939167470018898,22.662328693170863,3.5098885e-05,-4.0936633e-05,3.8045284e-05,4.101831e-05,7.314512e-05
2.4237550611190373,32.16294412524583,22.896728107045078,8.853035e-06,-1.3578614e-05,3.223475e-06,7.217304e-08,1.207632e-05
2.443451586781321,32.46412794508927,23.233635522307484,8.853035e-06,-1.3578614e-05,3.223475e-06,7.217304e-08,1.207632e-05
2.4433740793583465,32.55730189334053,23.43344233216365,8.853035e-06,-1.3578614e-05,3.223475e-06,7.217304e-08,1.207632e-05
